Headcount As At  01-May-2026,Unnamed: 1,Unnamed: 2,Unnamed: 3,Unnamed: 4,Unnamed: 5,Unnamed: 6,Unnamed: 7,Unnamed: 8,Unnamed: 9,Unnamed: 10,Unnamed: 11,Unnamed: 12
CCSP,Jordan Cisneros,Joshua Madden,Caleb Durham,Thomas Lewis,Olivia Jones,Amy Floyd,Lisa Burns,Emily Hebert,James Mercado,Gabriel Vaughan,Benjamin Miller,Adam Lawrence
PED,Samuel Bailey,Vanessa Burton,Robert Sullivan,Elizabeth Saunders,Christopher Ruiz,Albert Miller,Dorothy Horne,Brian Kramer,Cody Rush,Erin Owens,Kimberly Griffin,Kristin Kim
CCSP,Caleb Moore,Joseph Cohen,Ashley Rogers,Ashley Mathews,Francisco Smith,Anthony Reyes,Maxwell White,Alan Walton,Rick Snyder,Nicole Pugh,Michael Mendoza,Vanessa Edwards
HSG,Jim Carroll,Mario Stewart,Gabrielle Myers,James Atkinson,Donald Cole,Lindsay Spencer,Gregory Nielsen,Debra Riddle,Elizabeth Estrada,Jessica Larsen,Alex Jackson,Nancy Wall
ARCH,Christopher Moreno,Donna Morrison,Donna Hanson,Jack Powers,Edward Mills,Angel Johnson,Kathleen Smith,Brianna Khan,William Fry,Carlos Thompson,Matthew Davis,Julian Davidson
HSG,Catherine Benjamin DVM,Nathan Lewis,Jonathan Owens,Adam Webb,Lisa Quinn,Renee Neal,Evelyn Robinson,Craig Hess,Trevor Knight,Tommy Adams,Sara Morgan,Pamela Rangel
CS,Rachel Garcia,James Wood,Timothy Jensen,Daniel Delacruz,Rachel Gibson,Sara Scott,Megan Zamora,Kevin Harris,Matthew Wright MD,Chase Rivera,James Stanton,Elizabeth Hartman
CCSP,Charles Gonzalez,James Ramos,Brenda Morales DDS,John Yoder,Kenneth Barajas,Julia Barnes,Karen Terry,Chelsea Smith,Brent Martinez,Scott Torres,Paige Hernandez,Kelli Hoffman
CS,Christine Nolan,Hunter Peterson,Terry Howe,Patricia Aguirre,Kevin Taylor,Andrew Harrison,Thomas Walker,David Delgado,Wanda Davis,Dana Jones,Evelyn Williams,Edward Rivera
TWS,Kevin Johnson,Kristin Farley,Jacob White,Tony King,Kyle Gonzalez,John Bass,Bernard Jensen,Gloria Martinez,Brandi Johnson,Angelica White,Robert Clark,Steven Lee
PED,Emily Alvarado,Jeanette Clark,Jennifer Cervantes,Valerie Allen,Brian Hall,Amanda Pittman,Haley Jones,Matthew Jones,Ashley Cruz,Samuel Williams,Heather Estrada,Shelley Chavez
TWS,Anna Hernandez,James Chavez,Scott Melendez,Jamie Martin,Jeffrey Sherman,Amy Neal,Zachary Santos,Daniel Weaver,Danny Holt,Barbara Sanford,Loretta Ho,Lisa Sutton
CCSP,Joseph Nunez,Cesar Johnson,Denise Miller,Leslie Miranda,Kristie Rodriguez,Jose Smith,Joseph Meyer,Carmen Barber,Emily Reeves,Savannah Ford,David Davis,Dalton Taylor
TWS,Daniel Lowe,Jennifer Clark,Nathan Turner,Brian Davenport,Ernest Thomas,Catherine Rios,Christina Brooks,Leslie Chavez,Laura Rosales,Margaret Pitts,Kristi Harper,Rebecca Davis
CCSP,Kevin Lindsey,Mitchell Scott,Lawrence Nelson,Adam Lambert,Jesse Hansen,Ricardo Green,Stacy Travis,Crystal Diaz,Chris Camacho,Vincent Allen,Annette Gregory,James Nelson
PED,Dr. Michael Ramirez,James Ritter MD,Patricia Davis,Brian Smith,Gail Williams,Preston Williamson,Brittany Martinez,Pamela Jones,Martha Moore,Paul Stevens,Timothy Rodriguez,Michael Stewart
TWS,Veronica Caldwell,Cindy Thomas,Erin Schmidt,Deanna Smith,Richard Gonzalez,Rebecca Kline,Marissa Martinez,Mrs. Susan Hamilton,Matthew Moses,Evan Allen,Elizabeth Snyder,Spencer Fox
PED,Rose Adams,Brett Bright,Dana Baker,Lindsey Drake,Melissa Stewart,Connie Johnson,Mr. Tyler Johnson,Madison Blanchard,Jamie Kennedy,Carla Wade,John Harmon,Carmen Bauer
HSG,Marcus Gillespie,Isaac Thomas,Michael Bradley,Melissa Garcia,Lee Kaufman,Dr. Carol Meyer MD,Angela Lewis,Mrs. Katelyn Roberts,Zachary Clay,Juan Bowers,Allison Rogers,Melinda Chen
TWS,Frank Wilson,Tammy Robinson,Danielle Escobar,Amy Bowman,Bradley Bender,Rebecca Smith,Lisa Ward,Clayton Baker,Kristin Sanchez,Kimberly Dominguez,Paula Stephenson DDS,Paul Sanchez
FWS,Jennifer Lee,Taylor Olson,Kimberly Moore,Sarah Vance,Amanda Robinson,Melvin Baker,Adam Johnson,Robert Hernandez,Joseph Lee,Bradley Jackson,James Jenkins,Edward Lopez
CS,William Curry,Lori Bass,Brian Reynolds,Melissa Lester,Eric Levine,Brian Phillips,Courtney Wallace,Matthew Davis,Angela Glenn,Jennifer Cox,Isaiah Russell,Wanda Evans
PED,Jason Dean,Joyce Grant,Jeffery Robertson,Sarah Ortega,Kaylee Murray,Mary Pugh,Jennifer Goodwin,Amy Hansen,Jacqueline Warren,John Jensen,Patrick Spence,Kyle Peters
TWS,Rebecca Meadows,Kylie Mathis,Matthew Pierce,Brian Patterson,Bonnie Allen,Kevin Stewart,Thomas Guzman,Caroline Martinez,Ann Sanchez,Robin Larson,Michael Patterson,Diane King
CCSP,Ryan Yang,Alicia Jackson,Robert Byrd,Kimberly Shah,Shawn Ramirez,Brianna Mora,James Mendez,Rachel Miller,Brent Grant,Brandon Marsh,Joshua Gill,Marissa Kim
CCSP,Jeremy West,Brian Moreno,Jonathan Ramirez,Stacy Wood,Ryan Williams,Bobby Rowe,Jennifer Castaneda,Trevor Boyer,Louis Richmond,Matthew Davis,Justin Francis,Marvin Dickson
PED,Ms. Maria Flowers,Christopher Perkins,Nancy Mcguire,Scott Vasquez,Kimberly Davis,Lawrence Espinoza,Michael Clark,Debra Hudson,Frederick Johnston,Kristin Nguyen,Lisa Hurst,Cheryl Dorsey
HSG,Jessica Koch,Jonathan Estrada,Christopher Trevino,Anna Owen,Charles Rodgers,Monica Jordan,Guy Norman,Laura Obrien,Michael Parker,Scott Boyd,Dennis Riggs,Michaela Mccarthy
PED,Mrs. Tracey Stone,Stacey Vasquez,Scott Bridges,Raymond Dunn,Shannon Hernandez,David Warner,Anthony Davis,Ashley Woods,Brian Roman,Julie Cook,Jordan Cook,Patricia Payne
INFR,James Mitchell,Kathy Martin,Erin Martinez,Kathleen Carr,Danielle Barajas,Alexandra Lucas,Marcia Wood,Patrick Lewis,William Ellis,Scott Marshall,Yvonne Macias,Ann Thomas
HSG,Steven Spencer,Patricia Smith,Cody Lindsey,Nicole Gardner,Mrs. Elizabeth Williamson,Alexandra Davis,Marvin Brown,Michael Kerr,Michael Harris,Lisa Davis,Kayla Schultz,Samantha Flores
HSG,Candice Hartman,Cheryl Wilson,Mallory Chavez,Brenda Hernandez,Victor Gomez,Nicole Mullins,David Cole,Mallory Lopez,Troy Moore,Ricardo Taylor,Jeffrey Thomas,Rachel Gonzalez
HSG,Alejandro Banks,Jacqueline Stein,Jennifer Cole,Eric Franklin,Steven Malone,Veronica Keller,Jennifer Ewing,Katherine Castillo,Heather Wells,Kelly Miller,Scott Gamble,Taylor Hernandez
HSG,Amy Mcdonald,James Clark,Erica Patterson,Ethan Miller,Shannon Henderson,Jordan Espinoza,James Chan,David Willis,Mr. Anthony Henderson,Daniel Colon,Denise Gilbert,Kevin Coleman
HSG,Mr. Brian Evans DVM,Vicki Stout,Andrew Moore,Kenneth Williams,Christina Clark,Melissa Morris,Christopher Moyer,Stephanie Dunn,Meghan Hernandez,Katherine Barnes,William Poole,Heather Green
CS,Michael Clark,Anthony Hernandez,Rachel Wright,Troy Keith,Alison Davis,Roy Mack,Daniel James,Robert Wilson,Jordan Parsons,Nathan Humphrey,Eric Travis,Raven Patel
FWS,Stephen Williams,Jeremiah Nguyen,Bradley Willis,Derek Chung,Earl Collins,Jessica Callahan,Charles Ferguson,Thomas Sosa,Ryan Carter,Jeffery Allen,Rebecca Young,Collin Price
CS,Danielle Wright,Vanessa Harris,Patricia Saunders,Michael Gonzalez,Krista Flynn,Dean Carpenter,Corey Smith,Joseph Petersen,Daniel Weber,Robert Gardner,Charles Jarvis,Stephanie Gonzalez
CCSP,Mary Swanson,William Jensen,Dawn Pennington,William Brown,Theresa Vargas,Alicia Romero,Priscilla Miles,Charles Lucas,Brandon Thompson,Matthew Ramirez,Madeline Lewis,Jonathan Sloan
CCSP,Walter Lewis,Cristian Elliott,Stephen Murray,Karen Porter,Jasmine Jones,Teresa Herrera MD,Sarah Perry,Tara Thomas,Michael Crosby,Sabrina Brown,Christina Mccarthy,Shari Abbott
HSG,Phillip Williams,Elizabeth Sherman,Austin Bryan,Richard Morales,Allison Phillips,Tracy Conley,William Holmes,Dr. Raymond Gill V,Miguel Jones,Robert Johnson,Connie Key,Mr. Timothy Gonzalez
FWS,Colleen Jackson,Mr. Dylan Williams DDS,Kathy Stanley,Michael Brown,James Farley,Katherine Suarez,William Ray,Brandon Black,Caitlin Wright,Allison Kerr,Marissa Douglas,Anthony Guerra PhD
CS,Charles Martinez,Mr. Logan Weeks,Jennifer Brown,Christina Howell,Isabella Hernandez,Carolyn Holder,Francis Knight,Sarah Christensen,Daniel Morrison,Randy Cook,Brian Steele,Kayla Gillespie
CCSP,Heather Welch,Heather Mullen,Bruce Martinez,Mason Peterson,Joseph Wilson,Kathleen Gibbs,Mary Hernandez,Kathryn Fuller,Keith Thompson,Christine Mcmahon,Melissa Simmons,Kevin Escobar
FWS,Erik Castillo,Michael West,Kristi Jackson,Robert Elliott,Jessica Andrade,Robert Cruz,Andrew George,Jose Wilson,Ryan Sullivan,Carrie Clay,Emily Henry,Miranda Banks
CCSP,Peter Thomas,Claudia Carson,Keith Morse,Roberta Ellis,Megan Wilson,Rebecca Dennis,Rebecca Cook,Alyssa Delacruz,Joseph Jones,James Ingram,Erin Hess,Natalie Erickson
TWS,Brett Little,Anna Hurst,Elizabeth Harris,Daniel Love,Jeffrey Harris,Thomas Baldwin,Monica Odom,Jennifer Taylor,Austin Rogers,Andrew Clay,Anthony Love,John Horton
PED,Connor Wilson,Jacqueline Schwartz,Ronald Allen,Nicholas Wade,Daniel Brewer,Brett Harrell,Jeffrey Owens,Brittany Sanchez,Joseph Hubbard,Deborah Holloway,Jason Bowen,Gary Carey
CCSP,Ryan Parker,Kelly Hays,Amber Sharp,Christopher Green,Nancy George,Monica Murphy,Lydia Yu,John Benson,Andrew Shaw,Christopher Walsh,Miguel White,Christopher Lloyd
HSG,Timothy Mejia,Blake Ballard,Darlene Wolfe,Curtis Bass,Jasmine Ferguson,Ashley Henry,Erik Cline,Nathan Parker,Mary Taylor,Wendy Green,Mark Mendoza,Robert Vega
PED,Brandi Scott,Tony Brown,Rachel Russo,Mark Johnson,Robert Robinson,Joshua Thomas,Christopher Wright,Mary Adkins,Kim Wells,Christopher Dougherty,Christopher Padilla,Rachael Bell
TWS,Christine Vance MD,Crystal Ramirez,Cynthia Morales,Ryan Hutchinson,Katherine Watson,Alvin Lee,Laura Bennett,Henry Russell,William Green,Donna Avila,Carolyn Roman,Michael Collier
TWS,Janice Gibson,Eric Simmons,Michael Blake,Todd Murray,Stephen Olsen,Brent Sullivan Jr.,Adam Roberts,Maria Everett,Kathleen Garcia,Russell Carroll,Jennifer Pitts,Alexandra Fisher
CS,Chris Morales,Scott Stone,Shelly Soto,Mary Ford,Brandi Daniels,Carol Blackburn,Elizabeth Mack MD,Gail Walter,Ethan Johnson,George Miller,Charles Brady,Brianna Wood
TWS,Jody Howard,David Nelson,Brent Garcia,Amanda Miller,Alex Dunlap,Tina Marshall,Heather Hodge,Christopher Parker,Jonathan Mccann,Megan Villanueva,Brian Wong,Samantha Gilbert
TWS,Candace Welch,Diane Duncan,Benjamin Castaneda,Jacob Casey,Angela Schultz,Brandy Wright,James Pham,Kevin Brown,Joseph Hughes,James Smith,Brett Grant,Travis Medina
FWS,Jesus Hall,Holly Banks,Jacqueline Adams,Jason Jones,Jennifer Allen,Gregory Hernandez DVM,Christine Thomas,William Daniel,Emily Henry,Justin Burke,Gregory Beasley,Diana Torres
CS,Frederick Hale,Jennifer Mendoza,Dana Vargas,Lance Reyes,Raymond Lindsey,Jeremy Brown,Kyle Vasquez,Tonya Ingram,Daniel Jones,Timothy Williams,Mike Daniels,Zachary Rodriguez
HSG,Dawn Smith,Alejandro Hansen,Kevin Everett,Terry Simpson,Karen Hernandez,Justin Hopkins,Kristopher Jones,Ashley Pennington,Sheena Marquez,Daniel Lewis,Matthew Williams,Michelle James
HSG,Kaitlyn Humphrey,Brenda Castro,Carolyn Sanchez,John Davis,Brandon Perez,Jennifer Holland,John Villa,Teresa Morris,Willie Morgan,Jeffrey Parsons,Christopher Ruiz,Kyle Stone
TWS,Anthony Thompson,Christopher Harrington,Timothy Henderson,Charles Allen,Matthew Stout,Laura Nelson,Jose Mcmahon,Sherry Lynch,William Manning,Rodney Woods,Edward Potter,Tim Salazar
CCSP,Lisa Perez,Kenneth Bishop,Lindsey Walker,Eric Hernandez,Victor Mcconnell Jr.,John Clark,Elizabeth Taylor,Dennis Kramer,Anthony Martinez,Deborah Turner,Sonya Hernandez DVM,Mark Parker
FWS,Audrey Kelly,Samuel Wade,Audrey Mccarty,Ariel Smith,Sarah Herman,Casey Becker,Jeffrey Roth,Stephanie Cole,Stephen Miller,Elizabeth Johnson,Joshua Nolan,Jessica Gates
TWS,Michelle Johnson,Erin Lambert,Olivia Sanchez,Christy Gonzalez,Harry Thomas,Brandon Tapia,Margaret Jones,Catherine Garcia,Carla Livingston,Karen Larsen,Laurie Fisher,Aaron Baldwin
CCSP,Jordan Navarro,Dennis Barnes,Adam Ross,Howard Patrick,Aimee Hopkins,Sandra Woods,Kathryn Martin,Nicole Foley,Alisha Wolf,Karen Heath,Melinda Mills,Brittany Ferguson
HSG,Janet Gray,Elizabeth Nguyen,Tanya Phillips,Vanessa Jackson,Shawna Collins,Barbara Ingram,Richard Williams,Robert Shaw,John Hooper,Donald Schmidt,Mark Chandler,Benjamin James
TWS,Sara Brown,Brittany Turner,Jesse Moran,Rachel Acosta,Stephanie Stone,Richard Patel,Susan Saunders,Chad Brown,Christina Wood,Sarah Jimenez,Jenny Johnson,Julie Tyler
TWS,Sonya Bryant,Jennifer Patrick,Joshua Weiss,Stephen Kennedy,Dennis Perez,Erica Carter,William Kramer,Kristina Smith,Dana Smith,Jason Hughes,Taylor Hill,Cynthia Davis
CCSP,Zachary Donaldson,Angela Miller,Adam Glenn,Jessica Phillips,Krystal Wheeler,Scott Rosales,Allison Cooper,Ashley Davenport,Misty Alvarez,Victoria Flowers,Bradley Moore,James Martinez
TWS,Kayla Elliott,Teresa Rocha,Jonathan Bailey,Darius Parker,Donna Jones,Kimberly Rojas,Mario Meza,John White,Chris Brown,Cynthia Cain,Lori Reyes,John Anderson
ARCH,Matthew Kelly,Jessica Horn,Lisa Allen,Brittany Cobb,Mrs. Rebecca Morales DVM,Phillip Martin,Jasmine Padilla,Julie Campbell,Raymond Rodriguez MD,Michael Robinson,Kenneth Ortiz,Darrell Fischer
CCSP,William Ayala,Frances Stevens,Jaime Monroe,Bradley Patel,David Hurst,Meagan Winters,Kathryn Crawford,Heather Kim,Jose Moreno,Gerald Clark,Daniel Norris,Corey Brown
ARCH,Dalton Bryant,Alexis Taylor DDS,Bradley Mercado,Daniel Lester,Dustin Bradley,Terry Welch,Nicole Daugherty,Nicholas Martinez,Michael Sutton,Amy Ross,Johnny Larson,Anne Day
CCSP,Amber Warner,Miguel Wilson,Richard Wells,Diane Vega,Jesus Martinez,Holly Oliver,Selena Clarke,David Evans,Brandon Richards,Heather Williamson,Julia Hayes,Gloria Rice
CS,Michael Davis,Walter Smith,Alan Wheeler,Kevin Johnson,John Mcdonald,Diane Miller,Joshua Smith,Nicholas Sloan,Tara Price,Larry Baker,Elizabeth Alexander,Tanya Garcia
TWS,Samantha Carpenter,David Williams,Kurt Cox,Tony Horn,Mitchell Robbins,Robert Torres,Keith Carter,Kimberly Elliott,Sean Harvey,Aaron Allen,Jeffrey Crawford,Tracy Hines
PED,Jose Anderson,Justin Howard,George Nelson,Jasmine Beard,Evan Gamble,Carlos Kim,Tina Wheeler,Denise Harris,Kevin Vasquez,Susan Gonzales,Jennifer Clarke,Jeremy Hensley
CS,Christopher Wright,Rebecca Terry,Kevin Morgan,Kevin Lopez,Christina Beard,Samuel Arnold,William York,James Powell,Renee Lee,Rebecca Howell,Luke Contreras,Kevin Love
TWS,Jeffery Peterson,Robin Shaffer,Alec Diaz,Marissa Garcia,Tiffany Walker,John Koch,Steven Duffy,Joseph Robinson,Alejandro White,Daniel Norris,Katherine Peterson,Justin Hill
CCSP,George Nichols,Levi Powell,Laura Dominguez,Nicholas Burke,Robert Haley,Adam Allen,Rachel Medina,David Johnson,Lisa Andrews,Samantha Barrett,Sarah Lane,Christopher Lawson
CCSP,Linda Wright,Jeremy Huang,Gary Jackson,Harry Santiago,Mark Haynes,Patricia Jones,Katherine Phillips,Steven Anderson,Benjamin Butler,Scott Hunt,Maria Wade,Pamela Hernandez
CCSP,Nicole Jackson,Jill Figueroa,Ronald Edwards II,Michelle Rodriguez,Ms. Michele Daniels,Karen Chandler,Christopher Berry,Edwin George,Julia Long,Alexa Thompson,Henry Johns,Renee Carpenter
TWS,Jeremy Mclaughlin,Catherine Briggs,Patrick Mckinney,Monica Bauer,William Jordan,Kelli Gordon,Cody Stanley,John Nelson,Amber Parsons,Joshua Mills,Cynthia Adams,Gary Hernandez
TWS,Christopher Mckay DDS,George King,Steven Watson,Ashley Gross,Stephanie Thomas,Kevin Schroeder,Catherine Gonzalez,Robin Huffman,Melvin Anderson,Dawn Dean,Calvin Jenkins,Joshua Williams
FWS,Laurie Short,Debra Rodriguez,Sandra Walker,Mary Hanson,Lisa Edwards,Emily Young,Tara Byrd,Joseph Cruz,Sonya Williams,Dylan West,Michael Vincent Jr.,Miss Tammy Baldwin
HSG,Andrew Shaw,Tara Montgomery,Riley Melton,Karen Ballard,Timothy Robinson,Ronnie Villa,Katherine Williams,Colleen Peterson,Katherine Grant,Michelle Moran,Joshua Velazquez,Melissa Casey
PED,Justin Avery,Troy Taylor,Bryan Warren,Benjamin Lewis,Lindsey Flores,Javier Thomas,Rick Ali,Andrew Orr,Lisa Mason,Timothy Green,Michael Cunningham,Madison Watson
FWS,Morgan Taylor,Donald Hughes,Jimmy Smith,Renee Cordova,Bob Burnett,Daniel Booth,Tiffany Norton MD,Caitlin Williams,Joshua Chavez,William Johnson,Carolyn Marsh,Megan Kennedy
PED,Kristin Lewis,David Harvey,Jessica Gray,Jessica Sampson,Laura Rodriguez,Krista Hernandez,Sheila Smith,Wayne Williams,Daniel Glenn,Sheila Gonzalez,Karen Hall,Kenneth Lewis
CS,Sarah Navarro,Debra Wilkerson,Jocelyn Diaz PhD,Jacob Morris Jr.,Thomas Peterson,Louis Romero,Jessica Mcguire,Jennifer Jackson,Charles Mitchell,John Hendricks,Carmen Phillips,Heather Lopez
CCSP,Amy Galvan,Stephen Barry,Beverly Andrade,Susan Malone,Jillian Davies,Bryan Alvarado,Elizabeth Warren,Robert Brown,Jonathan Davidson DDS,Monica Carter,Paul Stone,Rebecca Medina
CCSP,Sarah Dominguez,Christina Fletcher,Andrew Carr,Alexander Gilmore,Thomas Gaines,Ryan Vaughn,Melissa Simmons MD,Natalie Terry,Jose Young,Erica Sloan,Ryan Burnett,Marie Chase
HSG,Diana Miller,Ryan Decker,Todd Smith,Joshua Ingram,Corey Farley,Thomas Collins,Melissa Johnson,James Russo,Daniel Rangel DDS,Brianna Dixon,Kimberly Welch,Xavier Hill
PED,Daniel Chung,Christine Pineda,Stephanie Salazar,Ashley Harvey,Michelle Mccann,Madeline Graham,Mark Andrade,Shawn Johnson,Ann Gay,Timothy Armstrong,Nathan Kim,Nancy Moore
TWS,Michelle Forbes,Joshua Dickerson,Sheri Hamilton,Peter Clay,Jeremy Olson,Richard Martinez,Laura Taylor,Melissa Chapman,Aaron Erickson,David Allen,Amanda Woodard,Melissa Jones
HSG,Kathy Kim,Adam Baker,Joseph Schmitt,Aaron Gonzalez,Jeremiah Wilson,Joshua Lawson,Benjamin Barker,Karen Sellers,Michael Schmidt,Frank Jackson,Brent Clark,Leah Sanders
TWS,Karen Roberts,Jennifer Miller,Jacob Mitchell,Brett Robinson,Jorge Henry,Brandon Phillips,Sarah Lewis,Kimberly Mcbride,Cynthia Hamilton,Priscilla Clark,Jeffrey Wilson Jr.,Samuel Nguyen
TWS,Mark Fischer,John Fowler,Lawrence Martin,Matthew Yang,William Adams,Jennifer Bates,Randy Fox,Tracy Rice,Nicole Crosby,Emily Patel,Jeffery Dawson,Samantha Hall
PED,Ryan Middleton,Jamie Brown,Jennifer Baker,George Powell,Keith Reed,Kara Cobb,Sharon Roman,Nicole Thompson,Stephanie Haney,Brian Stevenson,Brandi Thomas,Kenneth Johnson
PED,Kirk Mayer,David Payne,Ms. Grace Haas,Tonya Brown,Erin Liu,Jennifer Oliver,Ashley Moon,Bryan Martin,Erika Hodges,Christian Brown,David Diaz,Robin Morgan
FWS,Cindy Wagner,Vicki Adkins,Amy Green,Amanda Evans,Nicole Smith,Dennis Jones,Richard Robles,Megan Williams,Mariah Barker,Caitlin Hardin,Wesley Brady,Jacob Murphy
CS,Kevin Ramirez,Gregory Dougherty,Jacob Ellis,William Fox,Chelsea Mccoy,Kenneth Mitchell,Mr. Christopher Matthews MD,Joshua Diaz,Jeff Ross,Ms. Carly Williams,Tammy Taylor,Jodi Carter
TWS,Nicholas Mason,Daniel Henry,Christopher Garcia,Tracy Owen,Nathan Green,Amy Johns,Leslie Rodriguez DDS,Ana Chapman,Tracy Hopkins,Melissa Erickson,Gina Farmer,Rachel Hunt
PED,Stephanie Davis,Brian Tucker,Wesley Jordan,James Massey,Peter Wolf,Amanda Clark,Ryan Russell,Justin Turner,Christina Matthews,Michele Gallagher,Debbie Hall,Tracey Clark
HSG,Shannon Nelson,Robert Davis,Carolyn Contreras,Samuel Dennis,Fernando Green,Christine Martinez,Julie Randall,Christina Young,Sydney Charles,Sharon Miller,Kelsey Fowler,Christopher Bruce
PED,Rachel Flynn,Jeremiah Rose,Robert Murphy,Taylor Martin,Judy Davis,Julie Smith,Lisa Copeland,Troy Wade,Edward Allen,Kathryn Gates,Melissa Taylor MD,Stephanie Hicks
CS,Frank Reynolds,April Cross,Gina Yang,Angela Garcia,Jessica Williams,Christopher Ray,Thomas Perez,Jeffrey Green,Elizabeth Black,George Johnson,Michael Middleton,Sean Carroll
HSG,Troy Carr,Richard Brown,Barbara Schneider,Barbara Velasquez,Christian Wiggins,Joseph Johnson,Erik Foster,John Reilly,Carrie Wilson DDS,Ashley Bailey,Kendra Taylor,Alexis Green
CCSP,Timothy Mann,Laura Long,Tammie Davila,Shelby Bentley,Elaine Hernandez,Christina Lewis,David Moreno,Laura Jackson,Kevin Moss,Jesse Carr,Brandon Mann,Donald Williams
CCSP,David Smith,Lori Campbell,Nicole Mendez,Jerry Green,Craig Cox,Ashley Leonard,Travis Wilson,Patricia Bailey,Darrell Melendez,Mary Stone,Victor Owens,Mr. Grant Nelson
HSG,Corey Montes,Hannah Carter,Justin Lucas,Jason Robinson,Austin West,Jeffrey Morrow,Megan Thomas,Gary Thompson,Angela Rice,Rachel Garcia,Michelle Moore DDS,Shawn Dean
HSG,Matthew Molina,Linda Wilcox,Ashley Galloway,Steven Hall,Jonathan Parker,Matthew Luna,Michelle Carter,Elizabeth Hill,John Chang,Kathy Payne,Michael Holmes,Julie Cole
CS,Larry Butler,Michael Mcknight,Kevin Coleman,Peter Beard,Catherine Woodard,Victoria Price,Teresa King,Carrie Lin,Tabitha Garcia,Katherine Spencer,David Hess,Mark Lewis
PED,Adam Lopez,Adam James,Deborah Mathews,David Nelson,Gary Hudson,Shane Brown,William Bailey,Marc Peterson,Jeffrey Fuller,Ryan Ortega,Brandon Powell,Melissa Kennedy
PED,Adam White,Michelle Mays,Sydney Smith,Frederick Hunt,Bonnie Chandler,Gerald Warren,Douglas Johnson,Daniel Burns,Kevin Doyle,Ms. Tamara Wilson,Mark Gould,Ariana Collins
TWS,Dominique Allen,Alicia Wilson,Mark Miller,Misty Acevedo,Brian Lopez,Katherine Solis,Kenneth Oliver,Christine Rodriguez,Dustin Contreras,Elijah Reid,Mrs. Karen Coffey,Brittney Miller
CCSP,Michael Gonzalez,Sara Mcpherson,Mary Allen,Louis Gomez,Frances Nguyen,Charlotte Baker,Mr. Clarence Pierce,Victor Rodriguez,Elizabeth Ford,Emily Perez MD,Jessica Duncan,Randall Crawford
HSG,Pamela Padilla,Joshua Powell,Rebecca Friedman,Matthew Dunn,Gabrielle Anderson,Andrew King,Christopher Graves,James Reed,Ronnie Richardson,Caleb Mckenzie,Martha Nichols,Gene Little
HSG,Kylie Kerr,Jessica Smith,Michael Trujillo,Lori Martinez,Angela Wilkinson,Christopher Garcia,Danielle Moore,Hayden Sanders,Elizabeth Buckley,Jose Roberts,Sharon Anderson,Mario Davis
TWS,Peter Morton,Dylan Silva,Michelle Contreras,Penny Mayer,Valerie Adams,Maurice Hill,Tracy Boone,Brenda Jones,Dana Berry,Marissa Jones,Alexa Goodman,Steven Gallegos
HSG,Sarah Grant,Maria Gallegos,Robert Cobb,Kenneth Hoffman,Tina Contreras,Crystal Miller,Joseph Ferguson,Derek Ortiz,Brian Lin,Anna Lawson,Caroline Saunders,Steven Anderson
TWS,Rhonda Owens,Peter Robinson,Jeffrey Stevens,Sarah Bates,Teresa Hood,Mark Branch,Ricky Blackwell,Sherri Smith,Carlos Robertson,Brenda Reed,James Smith,Tim George
CCSP,Mrs. Molly White,Anthony Watkins,Tabitha Jones,Kristy Turner,Natalie Peterson,Trevor Montoya,Allison Gamble,Kimberly Simmons MD,Cindy Rose,Regina Zuniga,Alyssa Nunez,Xavier Ortiz
HSG,Shannon Clayton MD,Brooke Anderson,Nicole Myers,Charles Allen,Nancy Bass,Brianna Jimenez,Martin Boyle,Paul Calderon,Kimberly Roberts,Gregory Wright,Ms. Amanda Gonzalez,Donna Hampton
TWS,Robin Cochran,Lisa Vaughan,Ann Nicholson,Brian Estrada,David Simpson,Mark Arroyo,Gabriel Peterson,Robert Smith,Crystal Rocha,Kiara Smith,Joseph Webster,Cathy Nelson
FWS,Julie Byrd,Penny Johnson,Alicia Crawford,William Weber,Ryan Long,Lisa Smith,Kimberly Chung,Fernando Roach,James Romero,Chad Chen,David Evans,Michael Hoffman
CCSP,Levi Perry,David Palmer,Stacy Fisher,Miguel Smith,Christy Patel,Victoria Leonard,Shannon Edwards,Jeanne Frazier,Julian Noble,Joshua Wood,Daniel Roberts,Mitchell Norton
CCSP,Matthew Bennett,Erin Lynch,Adam Rodriguez,Paul Pham,Kristine Martin,Charles Sellers,Regina Wilson,David Leach,Amanda Collier,Michael Griffith,Thomas Crane,Andrew Ball
FWS,Antonio Mercer,Elizabeth Rodriguez,Ryan Patterson,Tyrone Smith,Stephanie Hicks,Kathy Gross,Kimberly Mathis,Alicia Roman,Roger Orr,Gabriel Patterson,Daniel Guerra,Matthew Harris
CS,Teresa Carpenter,Daniel Heath,Ann Higgins,Lisa Pierce,Joshua Harris,Amy Davis,Mary Dougherty,Connie Smith,Brenda Stafford,Jennifer Hansen,Jason Wright,Stacey Martin
TWS,Anne Rich,Laura Blake,Carmen Barnett,Alejandro Wolf,Misty Brewer,Robert Dean,John Smith,Barbara Gonzalez,Emily Pearson,Wendy Thompson,Hannah Robinson,George Stark
HSG,Lisa Weiss,Christopher Garcia,Justin Hicks,Johnny Castaneda,Charles Morgan,Walter Ward,Mrs. Kristin Jordan,William Mcbride,Andrew Hall,Caleb Clark,Mark Mejia,Kristi Wilson
HSG,Alison Graves,Pamela Wilson,Kenneth Patel,Jason Castaneda,Dana Turner,Ariel Jones,Toni Bates,Anna Moss,Jeffrey Collier,Melanie Payne,Bonnie Nelson,Rebecca Moran
CS,Teresa Wright,Christopher Smith,Jessica Lewis,Brandon Griffin,Kathleen Hall,Leonard Fleming,Nicole Hill,Julie Ramsey,Todd Patel,Crystal Carlson,Jose Evans,Kayla Hanna
TWS,Crystal Brown,Rebecca Herman,Tiffany Cordova,Sheila Bowen,Mark Castro,Pedro Hayes,Jill Wilson,Joshua Mack,Lindsey Hayes,William Lyons,Brandon Randolph,Amanda Hill
CCSP,Dylan Lucas,Dennis Aguilar,Terry Ward,Leslie Rivas,Carrie Fuentes,Julie Krause,Andrew Simmons,Eric Kramer,Matthew Parker,Sean Carter,Jon Harrell,Jacob Lambert
CCSP,Patricia Perez,Laura Berry,Evan Cooper,Samuel Mitchell,Sheila Jones,Jean Cooper,Michelle Taylor,Jamie Carey,Victoria Phillips,Peter Greene,Jean King,James Small
CCSP,Nicole Mitchell,Monica Bell,Jose Lambert,Peter Bailey,Brian Foster,Priscilla Brennan,James Mitchell,Susan Hanson,Alicia Pennington,Kevin Crane,Michael Jones,Matthew Zavala
CS,Ashley Webster,Robert Patel,Benjamin Rodriguez,Brian Williams,April Martinez,Seth Mcconnell,Joan Greene,Richard Hart,Billy Williams,Ethan Fowler,Jason Shaw,Joseph Jensen
PED,Rhonda Martin,Adam White,Joseph Mcdaniel,John Stanley,Kyle Juarez,Steven Mcdonald,Gary Dickerson,Katherine Burns,Keith Turner,Alexander Smith,Logan Ramirez,Brett Bradford
CS,Nancy Cole,Shelia Rose,Ian Wilson,Angela Cunningham,Roberto Espinoza,Emily Mathews,Melissa Miller,Jessica Mitchell,Julie Salazar,Melanie Perry,Peter Hampton,Daniel Mason
CCSP,Douglas Olson,Alexis Clayton,Thomas Bailey,Veronica Stephens,Jacob Dunlap,Andrew White,Eric Avila,Lindsay Clark,Elizabeth Kelley,Brooke King,Joanna Shaw,William Malone
TWS,Christopher Smith,James Lewis,Victoria Blake,Gabriel Sloan,Antonio Burns,Elizabeth Middleton,James Pearson,Scott Spencer,Samantha Williams,Tyler Miller,Thomas Allen,Deborah Rodriguez
TWS,Jason Harris,Sara Barton,Nicholas Hunter,Ryan Villa,Tina Scott,Kristen Martin,Karen Smith,Vincent Conrad,Amanda Castro,Michael Gates,Lisa Brown,Michael Ward
TWS,Jamie Shaw,Jose Erickson,Ryan Stewart,Tracie Anderson,Catherine Mccarthy,Dustin Walker,Stanley Kelly,Leroy Hall,Taylor Clark,Kimberly Clark,Sarah Lee,Shelly Mcgrath
TWS,William Martinez,Dustin Sullivan,Nicole Villanueva,Seth Gregory,Sarah Hernandez,Ashley Simpson,Roberto Murphy,Jeffrey Sims,Dana Garrett,Hunter Hopkins,Tammy Reyes,Heather Hebert
HSG,Robert Williams,Richard Santana,Lisa Salazar,William Spears,Gabrielle Rosario,Deborah Baker,Jerome Todd,Christopher Hernandez,Dr. Cassandra Murphy MD,Joseph Becker,Christine White,Denise Smith
HSG,Erika Wright DDS,Jodi Wilson,Laura Henry DVM,Cindy Young,Jaclyn White,Jill Santos,Hannah Marshall,Charles Pham,Gina Dunn,Scott Newman,Jeremiah Dickerson III,Kyle Hernandez
HSG,Amy Glover,Carlos Lee,Michael Price,Clarence Moore,Nicole Johnson,Amanda Galvan,Ryan Burton,Krista Sanchez,Teresa Frazier,Leslie Douglas,Morgan Martin,Nancy Durham
TWS,Justin Sanchez,Taylor Humphrey,Christopher Marquez,Travis Lopez,Brenda Clark,Jose Francis,Sydney Richardson,Steve Sawyer,Erin Riley,Brandon Diaz,Thomas Hall,Ronnie Morgan
CCSP,Lisa Miller,Christopher Sims,Seth Shepard,Julie Hill,Annette Mccarty,Joseph Bowman,Sarah Strong,Melissa Roth,Richard Vazquez,Richard Gallagher,Richard Mcintyre,Alison Smith
TWS,Jonathan Gibson,Johnathan Knight,Marissa Williams,Margaret Wilson,Kristin Kelley,Eric Yates,Mark Hall,Valerie Padilla,Jason Thompson,Robin Fritz,Debra Blackburn,Jessica Contreras
FWS,Rebecca Jones,Jason Bennett,Ashley Fleming,Benjamin Smith,Rebecca Ellis,Marcus Lowery MD,Heather Williams,Gregory Stevens,Troy Sellers,William Robertson II,Deborah Rodriguez,Candice Baker
CCSP,Kerry Evans,Kendra Jacobson,Victor Jackson MD,Crystal Williamson,Zachary Chavez,Karen Olson,Regina Taylor,Megan Rose,Kayla Levy,William Cook,Danielle Hall,Rebecca Johnson
PED,Margaret Boyle,Erin Meyers,Joseph Morris,Elizabeth Bennett,Devin Robertson,Richard Adams,Lawrence Garrett,Brooke Hill,Julie Mcdaniel,Gregory Luna,Penny Bradley,Christopher Wagner
CCSP,Brian Berry,Logan Jones,Grace Clements,Dr. Julia Forbes MD,Tina Hughes,Kyle Bennett,Michelle Rodriguez,Christian Zimmerman,Christopher Dawson,Joseph Conrad,Keith Perez,Jessica Gregory
CS,Kimberly Montgomery,Kerry Stephens,Jessica Adkins,Valerie Aguilar,Edward Hicks,Angela Meyer,Joseph Smith,Kristin Snyder,Brian Vazquez,Brian Jones,Melissa Holmes,Kevin Sullivan
TWS,James Hughes MD,Sean Graham,Stacy Castillo,Toni Mercado,Maria Huffman,Anna Ruiz,Scott Mitchell,Ashley Solis,Stephanie Flowers,Bryan Cobb,Raymond Meadows,Amy Peters
CCSP,Patrick Lopez,Cody Munoz,Alexandra Smith,Adrian Osborne,Steven Barajas,Sonia Rios,Thomas Sanders,Rodney Adams,Eric Smith,Derrick Johnson,Darrell Woods,Martin Hernandez
HSG,Jason Williams,Krystal Benitez,Barry Scott,James Gibson,Rebecca Trevino,Shannon Hopkins,Arthur Fowler,Bridget Smith,Mark Armstrong,Dennis Walker,Matthew Smith,Carlos Hobbs
TWS,James Williams,Anthony Johnson,Nicole Riley,Brianna Salazar,Dylan Ruiz,Patricia Williams,Steve Adams,Sandra Haas,Andrea Miller,Jennifer Baker,Alicia Wilson,Shannon Sanchez
TWS,Stacy Martin,David Gonzalez,Judy Abbott,James Guerrero,Cynthia Frazier,Joseph Young,Cassandra Robertson,Tammy Parker,Mrs. Katie Brown,Jose Johnson,Cheryl Fowler,Michael Ballard
TWS,Michael Pena,Jeffrey Reid,Aaron Case,Zachary Rich,Shawn Townsend,Rachel Turner,Thomas Andrews,Tammy Hebert,Rebecca Ward,James Richardson,William Hernandez,Angela Pearson
CCSP,Julian Lane PhD,Lucas Rodriguez,Jonathan Estrada,Brian Rangel,Michael Shepard,Anita Campos,Daniel Schwartz,Michael Simpson,Margaret Clark,Matthew Ellis,Katherine Copeland,Bethany Hall
FWS,Vanessa Sutton,Brent Cruz,Jennifer Williams,Phillip Hodges,Anthony Jones,Melissa Barber,Martin Glass,Kelsey Silva,Dustin Jones,Aaron Mejia,James Williams,Angela Moore
TWS,David Willis,Frank White,Jeremy Garcia,Heather Reese,Susan Wood,David Black,James Donaldson,Mark Sweeney,Amy Davis,Joy Matthews,Kayla Mitchell,Jacqueline Thompson
CS,Justin Fields,Jared Deleon,Haley Mercado,Jessica Thomas,Ann Cox,Justin Phillips,Madison Jones,Mark Chen,Tammie Irwin,Tanya Anderson DDS,Patrick Simpson,Sandra White
CCSP,Joseph Morales,Frederick Lopez,Daniel Cross,Robin Vasquez,Charles Patterson,Glenn Smith,Jonathan Potter,Cheryl Reeves,Patricia Burke MD,Daniel Lambert,Bryan Parker,Matthew Lambert
CCSP,Michelle Vaughan,Nancy Jordan,Mrs. Leah Harris DDS,Laura Jacobs,Travis Maldonado,Jennifer Lopez,Michelle Conner,David Smith,Derrick Anderson,Zachary Humphrey,Michelle Berg,Melissa Burton
CCSP,Karen Aguilar,Kristen Quinn,Brandon Wilson,Ashley Mcdaniel,Jennifer White,Bradley Dunn,Terry Ford,Christopher Roach,Miguel Knight,Danielle Greer,Stephen Ellis,Michael Robertson
HSG,Kathleen Gutierrez,Richard Hoffman,Clinton Peterson,Carmen Martinez,Mrs. Michelle Thomas,Mark Dawson,Gary Sims,Jean Johnson,Deborah Rodriguez,Rhonda Mayo,Sarah Gonzalez,Jamie Mora
PED,Amanda Gray,Joseph Diaz,Dawn Benson,Carmen Cordova,Jessica Winters,Sara Miller,Sara Espinoza,Jay Sawyer,Amanda Watson MD,Joanne Figueroa,Keith Conley,Angela Torres
TWS,Bryan Armstrong,Anthony Holland,Barry Brady,Jeffrey Murray,Jennifer Brown,Jennifer Foster,Laura Baker,Sabrina Hernandez,David Austin,April Foley,Francis Lambert,Emily Bruce
TWS,Tiffany Oconnell,Michael Barron,Catherine Rogers,Lori Smith,Misty Jones,Kimberly Meyer,Kari Calderon,Christopher Brewer,James Sutton,Robert Hess DVM,Jeffrey Perry,Cynthia Howard
CCSP,Barbara Austin,Haley Wade,Kenneth Clark,Frank Lopez,Victoria Flores,Andrew Armstrong,Sean Powers,Melinda Carter,Tammy Clark,Amy Patton,Jacob Stuart,Patrick Wilson
TWS,Dennis Ortiz,Valerie Rivas PhD,Kimberly Long,Pamela Peters,Mr. Hunter Hodges MD,Robert Davies,Michael Williams,Mary Carter,Jamie Jones,Christopher Scott,Nancy Sanders,Donna Lee
TWS,Colin Ferguson,Jennifer Walters,Christian Bryant,Edward Lopez,Anita Griffin,Dustin Wade,Denise Mcknight,Bryan Fry,Bryan Pham,Alan Warren,Tiffany Callahan,Amber Ward
LAW,Scott Perez MD,William Carrillo,Stacy Tate,Adam Parker,Scott King,Melissa Campos,Jon Ferguson,Melanie Thomas,Molly Roach,Cody Huff,Suzanne Melton,Angela Palmer
TWS,Kyle Brown,Christopher Vargas,Jaime Hernandez,Frederick Jennings,Shannon Moore,Melissa Collier,Sharon Frank,Tonya Chambers,Ms. Rachel Rodriguez DDS,Marisa Marsh,Mr. Brian Williams II,Dr. Samantha Pearson
TWS,Brittany Bradley,Peter Friedman,Mary Johnson,Erik Martin,Linda Stephens DDS,Linda Thompson,Pamela Strong,Sandra Brennan,Jose Miller,Jordan Baker,Joseph Jackson,Michael Quinn
CCSP,Kayla Edwards,Anthony Wallace,Michael Page,Haley Clarke,Laura Robinson,Jeffrey Hess,Lisa Campbell,Elijah Morales,Nicole White,James Brown,Richard Horton,Holly Wilson
PED,Larry Baker,Eric Peters,Christopher White,Jennifer Lewis,Shannon Donovan,Deborah Washington,Miss Kristy Wilson,Richard Hopkins,Brian Burnett,Dalton Gilmore,Leah Armstrong,Joseph Gonzalez
HSG,Amanda Harris,Cameron Gregory,Joseph Young,Bailey Torres,Danielle Garner,Benjamin Mendez,Miranda Wallace,Michael Schmidt,Bradley Burke,Lauren Smith,Ryan Bennett,Joe Williams
TWS,Cameron Middleton,Timothy Norman,Brandy Franklin,Bob Martinez,Brian Walker,Dennis Anderson,Jean Chambers,Virginia Miller,Robert Robertson,Cynthia Morgan,Joseph Wallace,Stephen Richardson
PED,Lee Bush,Antonio Whitehead,Hannah Fuller,Ashley Buchanan,Rachel Peters,Alison Huffman,Rachel Perez,William Lopez,Bryan Sims,Jason Campos,Robert Johnson,Loretta Clark
TWS,Mitchell Keith,Donna Alexander,Gabriel Williams,Courtney Smith,Franklin Harrell,Kari Martin,Robert Hansen,Melinda Vega,Julie Jones,Hunter Mullins,Tiffany Baird,Danielle Ramirez
HSG,Michael Sparks,Betty Reese,Justin Long,Wendy Lee,Timothy Jennings,Anthony Schaefer,Chris Rhodes,Amanda Williams,Curtis Adkins,April Graham,Janet Castro,Jason Pierce
TWS,Benjamin Sparks,Daniel James,Kevin Martin,Matthew Wheeler,Jo Flowers,Tim Kim,Alison Jones,Megan Thomas,Melissa Harris,Justin Neal,Jacob Miller,Jennifer Harrison
CCSP,Christopher Rivera,Dustin Williams,John Robles,Tyler Lee,Douglas Obrien,Sharon Zimmerman,Michael Hill PhD,Donna Petersen,Cynthia Wheeler,Brandon Wagner,Larry Santiago,Victoria Scott
CS,Lori Joyce,Julie Benitez,Jimmy Richardson,Robert Clark,Sean Reyes,Megan Cooper,Daniel Graham,William Hogan,Lindsey Thompson,Christine Allen,Karen Jarvis,Brian Thomas
TWS,Thomas Young,John Cook,Jessica Harrison,Brian Jackson,Caleb Harris,Victor Howell,Lucas Watson,Adrian Meyer,Daniel Everett,Bridget Conway,Jordan Trujillo,Michelle Martin
CCSP,Ryan Gonzalez,Mark Robertson,Carl Curtis,Kathryn Morgan,Virginia Richmond,Brittany Wright,Aaron Green,Christina Evans,Jennifer Armstrong,Melissa Carr,Maxwell Miller,Lisa Allen
FWS,Kimberly Mills,Lori Pratt,David Kelly,Paige Beck,Natalie Hayes DVM,Rachael Rosales,Matthew Anderson,Brian Valencia,Michelle Cantu,Clayton Gill,Amber Oliver,Steven Rowe
PED,Tyler Coleman,Lisa Adams,Isabella Scott,Michelle Obrien,Kelly Long,Lauren Bentley,William Ibarra,Jay Hurst,Samantha Jenkins,Brian Adams,Darrell Torres,Daniel Torres
TWS,Whitney Madden,Victoria Wood,Angela Henderson,Kelly Rice,Susan Gallegos,Doris Martinez,Alexandria Mathis,Ashley Adams,Karen Carpenter,Andrew Flowers,Amanda Romero,Matthew Avery
PED,Amanda Mccoy,Adam Dougherty,Jaime French,Michelle Jenkins,Seth Stephenson,Hayley Lee,Christine Nunez,Matthew Atkinson,Patrick Becker,Jill Waters,Robert Scott,Tyler Molina
HSG,Breanna Heath,Abigail Kerr,Mark Hart,Ryan Blair,Blake Hansen,Francisco Maxwell,Heidi Francis,Mark Valdez,Terry Lopez,Jasmine Owens,Ashlee Jones,Stanley Harrison
HSG,Kathy Brown,Kelly Gordon,Jasmine Smith,Terry Clarke,Christopher Wood,David Harris,Craig Hawkins,Kathleen Serrano,Heather Jackson,Krystal Benson,Joseph Cook,Lisa Cooper
PED,Kristen Costa,Jerry Ramsey,Carlos Washington,Brandon Arnold,Aaron Booth,Samantha Logan,Zachary Jones,Donna Hodge,Joshua King,Elizabeth Johnston,Melissa Gilmore,Karl Cantu
CCSP,Jessica Jackson,Joshua Vaughn,Priscilla Henderson,Teresa Vega DDS,Nathan Cole,Lisa Miller,Gary Pollard,Michael Williams,Shawn Wilcox,Darrell Morton,Bernard Young,Brian Duffy
TWS,Jordan Green,Justin Riddle,Matthew Hernandez,Joseph Patrick,Daniel Sandoval,John Lee,Virginia Cooke,Alex Keller,Paul Klein,Kelly Sims,Joseph Parks,Sarah Weber
CCSP,Carl Brown,Kyle Bartlett,Edwin Barker,Angela Campbell,James Gordon,Erin Lopez,Jessica Jimenez,Michelle Johnson,Joseph French,Alexandra Larson,Destiny Lynch,Kelly Cooper
HSG,Dorothy Bennett,Mallory Rowe,Katie Jones,Rachel Cameron,Tina Conway,Virginia Cervantes,Michelle Dyer,Chris Jensen,Joseph Ayers,Katrina Sullivan,Melissa Sanchez,Amy Higgins
FWS,Andrew Mckee,Ashley Acosta,Shelia Simpson,Meredith White,Meghan Lopez,Samantha Garcia,Mary Braun,Kathryn Pham,Katelyn Parker,Sophia Montoya,George Perez,Kathleen Beard
CCSP,Brenda Hernandez,Taylor Wolfe,Dominic Black,Christian Rocha,Jennifer Green,Sandra Stanley,Monique Suarez,Faith French,Darren Alvarado,Melissa Morgan,Robyn Tanner,Randall Sanchez Jr.
CCSP,Brandon Gray,Stephen Silva,Amanda Novak,William Harrell,Holly Mendoza,Christopher Shannon,Savannah Rowe,Sheri Wallace,Eric Brown,Kimberly Wilson,Dana Avila,Edward Moore
CCSP,Valerie Long,Aaron Haley,Jared Rivera,Robert Bruce,Jenna Lewis,Alexander Moore,Christopher Johnson,Alejandra Ortiz,Nicole Peterson,Larry Ray,Shannon Estrada,Dominique Palmer
ARCH,Mrs. Tara Thompson,Mary Morrison,Ronald Smith MD,Harry Clark,Diane Daniels,Amanda Reese,Brooke Hunter,Lori Guzman,Crystal Anderson,Thomas Wilson,Angela Davis,Tony Elliott
FWS,Carol Rogers,Lisa Castaneda,Gordon Anderson,Nicole Adams,Tracie Alexander,Lindsey Holden,Charles Lewis,Andrew Knight,Joel Alexander,Pamela Simmons,Glenn Bush,Ryan Robinson
PED,Randall Cummings,Trevor Thompson,Amy Wilson,Kayla Warner,Sarah Mcdowell,Christian Nguyen,Lisa Holt,Daniel Myers,Michael Ochoa,Erin Woods,Paul Coleman,Alexis Ryan
CS,Mary House,Jay Jackson,Mr. Steven Higgins,Daniel Edwards,Veronica Cantrell,Andrew Dillon DDS,Adam Griffin,Samantha Turner,Kyle Hawkins,Mary Bailey,Jason Gibson,Yolanda Coleman
CCSP,Brandon Nunez,Mark Mccarty,Traci Sanders,April Mcdonald,Nancy Hernandez,John Hoffman,Timothy Brooks,Jeremy Smith,Jeremy Hawkins,Travis Bond,Victor Jones,Timothy Scott
CS,Brenda Fox,Michael Estes,Virginia Fuentes,Derrick Pruitt,Alexandra Edwards,Brian Rogers,William Frazier,Alexandra Reed,Nina Gonzalez,Kevin Fry,David Allen,Dorothy Fisher
HSG,Scott Spencer,Ryan Gonzales,Joshua Walters,Leslie Hall,Jason Dunn,Jessica Jenkins,Jeremy Diaz,Tyler Scott,William Valdez,Blake Nichols,Mr. Jaime Estes,David Ponce
CS,David Navarro,Kristen Page,Dr. Michael Wood,Anthony Harris,Brooke Mclaughlin,Joel Meyers,Robert Ford,Christina Reese,Darrell Mathews,Darlene Smith,Brandon Andrews II,Jeffrey Archer
CCSP,Yolanda Martin,Christina Potts,Christian Oconnell,Joseph Davis,Andrew Mccormick,Alexandria Lambert,Tina Sheppard,Christine Graves,Kristopher Evans,Cindy Burton,Matthew Foster,Marcus Flores
CCSP,Steve Lewis,Mark Johnson,Darryl Reid,Dr. Jon Barnes,Carolyn Smith,Karen Smith,Misty Harris,Kelly Jackson MD,Kevin Buchanan,Erik Calderon,Lisa Wood,Craig Schaefer
TWS,Lori Davis,Sean Smith MD,Rebecca Weeks,Tanner Meyer,Ronald Bryant,Jill Spencer,Joshua Shields,Steven Jones,Jamie Parker,Nicholas Haynes,David Riley,Michelle Martin
PED,Krystal Bowman,Patricia Cantrell,Andrew Murillo,Zachary Spencer,Melissa Christensen,Russell Rivera,Joseph Moore,Matthew Willis,Katelyn Martinez,Jonathan Martinez,Brian Martin,Travis Pollard
HSG,James Parsons,Kimberly Harvey,Joshua Williams,John Hutchinson,Emily Armstrong,Christopher Lopez,George Morris,Sabrina Garcia,Katie Mcintosh,Timothy Williams,Carrie Brown,Kenneth King
TWS,Rhonda Leon,Sarah Sweeney MD,Tina Rangel,Daniel Schultz,Adriana Thompson,William Garner,Edward Cain,Jordan Bennett,Bridget Buckley,Jose Sullivan,Juan Rowe,Mr. Joseph Walton
TWS,Julie Simon,Austin Clark,Brenda Conley,Mr. Adrian Walker,Hannah Lewis,Nathan Robbins,Andrew Lopez,Megan Thomas,Katie Perry,Laura Abbott,Mia Robertson,Mark Ingram
CCSP,Kristin Powell,Heidi Owens,Debbie Rodriguez,Angela Wolfe,Margaret Bonilla,Emily Buchanan,Craig Mckinney,Ronald Smith,Ashley Henderson,Robin Mcfarland DDS,Amanda Tucker,Ryan Wilkins
CS,Mary Harris,Heather Johnson,Stacy Camacho,Laura Schwartz,Evan Gibbs,Chad Hernandez,Brian Ryan,Dennis Hernandez,Joseph Harris,Justin Stone,Michael Callahan,Steven Davis
CCSP,Jason Simmons,Joseph Ross,Ashley Hardy,Curtis Taylor,William Reid,Terrance Gordon,Jacqueline Davis,Mrs. Karen Jackson DDS,Hailey Thompson,Marissa Moore,Patricia Kemp,Miguel Hoover
FWS,Jesse Miller,Amy Harmon,Jennifer Williams,Joseph Cruz,Katrina Lewis,Terry Doyle,Kevin Romero,Judy Schmidt,Jordan Jordan,Scott Walker,Laura Smith,Travis Braun
HSG,Joshua Rodriguez,Cynthia Davis,Melinda Clark,Alexander Bryant Jr.,Jason Jackson,Dustin Levy,Gregory Peters,Tracy Chapman,Tina Young,Carolyn Schultz,Joseph Mathis,Jessica Hampton
CCSP,Tamara Shepherd,Brandy Mora,Miss Meagan Bishop,Erica Carlson,Natasha Spears,Andre Spence,Christy Parker,Michael Jenkins,Christopher Beasley,Matthew Wilson,Mario Anderson,Jonathan Jackson
TWS,Joshua Williamson DVM,Jeffrey Wall,Jeffrey Cannon,Randy Campbell Jr.,Sarah Brown,Ms. Shannon Wright MD,Jennifer Mann,David Harris,Clinton Brown,Kerry Brown MD,Jimmy Green,Edward Hill
PED,Adam Valdez,Daniel Lopez,Albert Baker,Nicole Williams,Kevin Woods,Jon Thomas,Brandy Cooper,Kaitlin Pineda,Kimberly Griffin,Chelsey Lee,Juan Bond,Andrew Dixon
FWS,Paul Cunningham,Ariana Garcia,Tiffany Jefferson,Mr. Jacob Vazquez Jr.,Justin Hoffman,Stephanie Carroll,Andrew Aguilar,Destiny Wright,Anthony Nolan,Paula Cervantes,Daniel Williams,Joseph Nichols
CS,Miss Briana Giles,Terry Bryant,Ruben Beard,Jacqueline Barnett,Brian Aguirre,James Vaughn,Jon Williams,Joseph Lucas,Allen Rose,Holly Becker,Marie Garrison,Jeffrey Day
TWS,Breanna Payne,Justin Anderson,Crystal Gonzalez,Justin Jones,Colleen Kelley,Cindy Johnson,Mrs. Michelle Johnson,Elizabeth Torres,Desiree Alvarez,Abigail Smith,Tristan Graham,Rebecca Fuentes
CCSP,Margaret Rodriguez,Samuel Mitchell,Haley Brown,Anthony Phillips,Judy Garcia,Eddie Miller,Anita Reilly,Chris Mcguire Jr.,John Lopez,Cheryl Avery,Jeremiah Johnson,David Smith
TWS,Paul Dixon,Rebecca Shah,Edward Reynolds,Julia Carlson,Ryan Miller,Scott Petty,Chelsea Perkins,Savannah Gonzalez,Kyle Hopkins,Anthony Snow,Jason Randolph,Amber Daniel
HSG,Ms. Teresa Campbell,Matthew Ellison,James Gordon,Suzanne Bird,Michelle Roberson,Daniel Dorsey,Isabel Richardson,Sarah Peterson,David Lee,Kayla Lopez,Troy Flores,Jonathan Lynch
PED,Kimberly Mitchell,Mary Lewis,Angela Walter,Jenny Carroll,Bryan Reeves,Susan Kelly,Alicia Chambers,David Taylor,Shawn Knapp,Rebecca Gregory,Regina Smith,Dr. Susan Bailey
CCSP,Lisa Christensen,Brandon Perez,Raymond Holloway,Helen Johnson,Matthew Neal,Travis Perez,Richard English,Jessica Cole,Brian Henson,Terry Hill,Sean Richmond,Mark Kaiser
HSG,Jessica Jones,Jennifer Blackburn,Jeffrey Perkins,Jorge Sutton,Angelica Robinson,Anne Foley,Albert Shaw,Chelsea Thompson,Stephen Mendez,Darlene Huynh,Clifford Proctor,Doris Morris
CCSP,James Vazquez,Tony Sanford,Edward Diaz,Anne Levy,Timothy Caldwell,Samantha Baker,Michael Goodman,Theresa Guerrero,Robert Brown,Danielle Mckee,Daniel Smith,Robert Johnson
LAW,Diana Mccullough,Danielle Hester,Craig Johnson,Nicole Bennett,Joseph Dennis,Melissa Thomas,Jessica Pollard,Shane Robbins,Amanda Wright,Vincent Clark,Christopher Rich,Joanna Hunter
TWS,Gregory Hall,Tyler Schroeder,Michael Alvarado,Colin Nixon,Lisa Eaton,Jodi Ramirez,Stephanie Koch,Christopher Wilson,Jimmy Blankenship,Juan Stewart,Robin Jones,Christopher Adams
TWS,Bianca Moore,Kevin Moore,Theresa Cole,Cassandra Morton,Sean Grimes,Bernard Moore,Patricia Moore,Joy Lopez,Ronald Jones,Carol Flores,Tara Jones,Joseph Kennedy
CCSP,Katherine Le,Richard Carr,Donna Rivera,Lisa Williams,Barbara Jackson,Cory Villarreal,Tyler Decker,Todd Dickerson,Brandi Davis,Brooke Miller,Eric Cunningham,Bonnie Calderon
CS,William Fisher,Teresa Ritter,Hannah Meyer,Kristen Horton,Ruben Jenkins,Rhonda Douglas,Melissa Sharp,Kristen Dean,Teresa Freeman,Jeffrey Carter,Heather Jones,Mark Roberts
ARCH,Ashley Moore,Tammy Park,Bobby Wyatt,Alejandra Scott,Danielle Dawson,Kristin Shepherd,Matthew Beck,Andrew Johnson,Morgan Garcia,Charles Padilla,Andrew Martin,Mary Salazar
HSG,Chris Meyer,Ricky Rios,Christopher Webster,Brittany Ryan,Dennis Johnson,Justin Harrison,Sarah Snyder,Edgar Arroyo,Kelly Brady,Kelly Gonzales,Michael Santiago,Travis Leblanc
HSG,Brian Smith,Kelly Martinez,Ryan Price,Kimberly Fisher,Billy Gillespie,Rachel Sanchez,Beth Schwartz,Kerri Campbell,Angela Moore,Tara Fields,William Hill,Sharon Knapp
CS,Kellie West,Dana Forbes,Wayne Foster,Jacob Smith,Adam Smith,Whitney Lewis,Mrs. April Phillips,Stephanie Stone,Evan Smith,Anna Spencer,Tyler Barrera,Jacob Hodge
INFR,Carrie Harris,Todd Horton,Shawn Daniels,John Romero,Cindy Travis,Shawn Johnson,Jenny Kaufman,Steven Strong,Roger Mcmahon,Daniel Manning,Anthony Camacho,John Russell
FWS,John Frank,Nicole Henderson,Cheryl Mata,Christine Jackson,Carla Allen,Mr. Andrew Allen,Leroy Johnson,Malik Watts,Diana Morgan,Christopher Thompson,Timothy Gordon,Carolyn Knapp
CCSP,April Flowers,Jerome Dunn,Shirley Bradford,Nicholas Mendez,Alexandra Mcbride,Kimberly Black,Cory Booker,Brittany Newman,Nicole Odonnell,Alexandra Harper,Sarah Cooper,Kyle Johnson
CCSP,Shannon Robles,Allen Patel,Angela Moore,Jason Smith,Wendy Ruiz,Bradley Atkins,Gerald Martinez,Rachael Yang,Nancy Marks,Stephanie Smith,Deborah Wheeler,Meagan Huber
HSG,Jeremy Graham,Christina Lynn,Monique Kane,Amy Page,Frances Juarez,Jeremy Washington,Jennifer Rhodes,Johnny Porter,Christopher Harris,Christina Smith,Patrick Moses,Brian Huff
CCSP,Shaun Sanders,Daniel Phillips,Rebecca Walter,Alan Henderson,Robert Martin,Dennis Smith,Melissa Tran,Kimberly Brown,Jeremy Graham,Matthew Evans,Calvin Daniels,Amanda Jacobson
CS,Philip Mathews,Nicole Graham,Kara Ward,Stephen Rogers,Robin Carter,Terry Watts,Elijah Jordan,Patrick Underwood,Joseph Hale,Brian Gutierrez,Nicolas Clark,Christine Perez
TWS,Margaret Acosta,Pamela Davis,Deanna Reyes,Megan Griffin,Amanda Sellers,Elizabeth Hill,Jackson Vazquez,Lisa Medina,Dawn Morgan,Matthew Brown,Vanessa Potts,Adam Suarez
CCSP,Kelly Hernandez,Joseph White,Joshua Hamilton,James Ho,Robert Mcintyre,Cheyenne Thomas,Natalie Johns,Melissa Chavez,Joseph Myers,Nicole Johnson,Brian Alvarado,Selena Farley
TWS,Jessica Duran,Rachael Vaughn,Hector Sanders,Wendy Powell,Carmen Nicholson,Jason Watson,Deanna Clark,John Avila,Megan Gonzalez,Brenda Acosta,Lisa Brown,Lisa Arnold
HSG,Margaret Gordon,Monica Case,Carrie Mercado,Gregory Barnes,Amy Baker,Alison Hancock,Michael Douglas,Gary Santiago,Theresa Jensen,Jeffrey Lynch,David Clark,April Smith
INFR,Stephanie Moore,Christopher Arnold,Joseph Newton,Ashley Morales,Natasha Vasquez,Andrew Montgomery,Samantha Shelton,Kenneth Hardin,Danielle Simmons,Charles Price,Robert Chen,Kelsey Fisher
TWS,Aaron Mayo,James Wood,Brian Diaz,Joseph Foster,William Houston,Stephen Parker,Patricia Callahan,Steven Hill,Dr. Alex Gross,Patricia Adams,Eric Jones,Kristin Noble
PED,Melanie Sweeney,Mark Montoya,Kimberly Morgan,Monica King,Richard Nelson,John Cruz,Jason Nguyen,Stacie Shah,Stephanie Hammond,Scott Holmes,Jason Gray,Timothy Liu
PED,Monique Oliver,Amber West,Ronnie Odom,Brian Robinson,Jose Berger,Mark Hunter,Audrey Martinez,Rachel Randall,Anthony Williams,Bianca Webster,Jennifer Hill,Martin Parker
TWS,Mandy Maynard,Todd Patton,Alicia Moore,Kelsey Murray,Dennis Huynh,Philip Horn,Samuel Curtis,James Nelson,Micheal Jones,Jillian Martinez,Colin Jones,Pamela Bryant
CCSP,Michael Lester,Jessica Buck,Nicholas Johnston,Thomas Sims,Andrew Peterson,Kimberly Flores,Donna Grant,David Dennis,Deborah Shepard,Kevin Sanford,Amy Long,Brian Carpenter
TWS,Nicole Rodriguez,Patrick Benitez,Michael Johnson,Robin Hogan,Andrea Wiggins,Dawn White,Mrs. Tina Shah,Harry Gillespie,Benjamin Morrison,Ruth Watson,Christopher Murphy,Casey Acosta
TWS,William Garcia,Yvette Ali,Jacob Oliver,Gerald Sawyer,Ronnie Lewis,David Allen,Thomas Parker,Danielle Williams,Mr. Robert Valencia,Sabrina Young MD,Brandy Avila,Amanda Shah
FWS,Douglas Olson,Jennifer Pratt,James Cohen,Christina Moyer,Manuel Rhodes,Jody Williams,Jack Davis,Gina Nicholson,Leah Chavez,Nicole Taylor,Tamara Robles,Preston Baker
CS,Matthew Miller,Courtney Fitzpatrick,John Sharp,John Fitzpatrick,Raymond Ramirez,Mrs. Nancy Ruiz,Guy Schroeder,Kevin Baker DDS,Angela Thomas,Matthew Thomas,Jaime Williams,Garrett Hoover
PED,Micheal Gallagher,Anne Wood,Michelle Carrillo,Caitlin Peck,Joseph Johnson,Christopher Williams,Dale Farley,Jennifer Bell,Allen Arroyo,Lorraine Medina,Matthew Barnett,Anthony Reed
HSG,Cheryl Smith,Nathan Hunter,Lisa Lopez,Joan Joseph,Marc Peck,Benjamin Smith,Frederick Porter,Tanya Sanchez,Hannah Rodriguez,John Clark,Beth Fry,Joseph Nunez
HSG,Jeffrey Monroe,Jared Powell,Charles Allen,Gavin Price,Paul King,Cody Hall,Bobby Curry,Chad Wilson,Donald Delgado,Nancy Neal,Monica Johnson,Felicia Good
TWS,Mia York,Rebecca Mueller,Christine Greene,Joshua Ortiz,Brittney Barber,David Floyd,Gerald Chapman,Melissa Johnson,William Carter,Daniel Hill,Megan Jenkins,Jason Morales
HSG,Andrew Reyes,Megan Diaz,Jessica Jones,Kayla Marks,Valerie Martinez,Veronica Miller,Jennifer Smith,Jeffrey Kemp,Michael Escobar,Scott Allen,Gary Robinson,Christian Flores
CCSP,Kevin Sweeney,Natalie Perry,Alexander Jordan,Ian Reed,Laura Edwards,Michael Fisher,Chad Avery,Aaron Sanchez,Hannah Case,Robert Young,Frederick Huff,Russell Martin
TWS,Ian Lewis,Joel Mcconnell,Douglas Young,Mary Chapman,Taylor Saunders,Jonathon Romero,Stephen Weber,Maureen Larson,Michael Davis,Laura Smith,Nancy Pearson,Kara Miller
CCSP,James Gonzalez,Dylan Perez,Edward Gillespie,Emily Walton,Scott Diaz,Robert Harris,William Andrade,Heather Lawrence,Eduardo Pratt,Martin Gould,John Diaz,John Freeman
CCSP,Stephanie Moore,Ariana Adams,Justin Terry,Curtis Fernandez,Karen Salazar,Wendy Sanchez,Timothy Tanner,William Scott,Danielle Roy,Daniel Barry,Christopher Nguyen,Jessica Lewis
CS,Mrs. Marie Ayala,Deborah Hall,Daniel Campbell,Alyssa Buckley,Patrick Hudson,Lauren Sanders,Lisa Taylor,Mark Lee,Gina Williams,Joseph Ferrell,Matthew Mora,Jennifer Hill
PED,Sarah Robertson,Paula Grant,Maureen Willis,Martin Vega,Robert Castillo,Melinda Sharp,Michael Fowler,Jeremy Downs,Charles James,April Levine,Deborah Walls,Brian Alvarado
HSG,Paul King,Yolanda Rodgers,Elizabeth Fletcher,Heather Bradford,Taylor Dougherty,Matthew Smith,Sara Price,Aaron Manning,Jeffrey Reid,Vanessa Jackson,Christine King,Lance Knapp
INFR,Jennifer Atkinson,Scott Becker,Maria Austin,Patrick Hernandez,Ralph Sullivan,Shannon Evans,Terry Sullivan,Lisa Golden,Brent Hebert,David Hernandez,Lynn Lyons,Christopher Williams
FWS,Christopher Barton,Brandon Gray,Tyler Garcia,Manuel Lawson,Monica Harvey,Ryan Benson,Dawn Gray,Jonathan Martinez,Angela Schmitt,Roger Hill,Erin Huff PhD,Richard Davis
TWS,Felicia Mann,Amy Williams,Morgan Nelson,Austin Allen,Megan Goodwin,Johnathan Smith,Melissa Williams,Joanne Garrett,Douglas Reed DDS,Anthony Mcdonald,Larry Martinez,Claudia Richards
CCSP,Dana Peterson,Michael Horton,Cassandra Williams,Brandon Wood,Veronica Johnson,Stephanie Keller,Lori Thomas,Patricia Johnson DVM,Juan Jackson,Joshua Miranda,Danielle Hill,Ebony Lee
TWS,Victor Davis,Lori Cruz,Andrew Wu,Elizabeth Strickland,Amy Jackson,John Taylor,Lawrence Harrison,Patricia Miller,Anthony Vargas,Andrew King,Johnathan Bennett,Zachary Gonzales
TWS,Devin Chavez,Adrian Long,Olivia Jackson,Dylan Nunez,Mr. Robert Taylor Jr.,Anne Hernandez,Jasmine Christensen,Gerald Shah,Dustin Wolf,Sonia Werner,Jonathan Harris,Linda Fuller
TWS,Robert Gregory,Timothy Frost,Maria Lewis,Dr. Brett Perez,Brian Schroeder,Lisa Pope,Dr. David Peters,Jamie Garcia,Steven Day,Thomas Cook,Brittney Jennings,Karen Cooper
PED,Leslie Bowman,Samuel Woods,Robert Fuller,Amanda Watson,Andrew Young,Megan Martin,Charles Franco,Monique Johnson,Anthony Reeves,Lauren Lawson,Javier Salas,Evan Blake
CCSP,Lee Scott,Kathleen Gillespie,Mitchell Mccall,Eric Blackburn,Penny Benton,Joe Leon,Jason Rogers,John Swanson,Stephanie Bradley,Todd Morgan,Ronald Glover,Joseph Todd
CCSP,Aaron Patrick,Keith Garrett,Louis Pruitt,Rhonda Murphy,Taylor Marsh,Karen Edwards,Veronica Smith,Amanda Wright,James Lee,Lisa Parker,Katherine Guerra,Paula Williams
CCSP,Laura Smith,Dustin Rodriguez,Alisha Brown,John King,Briana Gilbert,Krista Ramirez,Donald Larson,Scott Francis,William Pierce,Ashley Herring,Stacy Santos,Jason Torres
TWS,Mr. Joseph Zamora,Jonathan Cole,Cynthia Vaughan,Rachel Webb,Daniel Frye,Joseph Martinez,Jesus Jones,Rachel Brown,Donald Jones,Tammy Jones,Jonathan Wheeler,Jonathan Hickman
HSG,Daniel Mcdowell,Mary Rodriguez,Carl Combs,Christina May,Kayla Watts,Becky Taylor,Matthew Johnson,Erika Johnson,John Hopkins,Adrian Stanton,William Smith,Maria Jackson
TWS,Darren Wilson MD,Matthew Armstrong,Alejandra Perez,Alexandra Ray,Stephanie Hood,Terry Wheeler,Anna Simmons,Jennifer Cruz,John Coleman,Jacob Schmidt,Kimberly Oliver,Robert Ross
HSG,Dr. Ronald Knight,Samuel Novak,Raymond Curtis,Jacqueline Evans MD,Frank Nelson,Katherine Harrison,Matthew Craig,Becky Greene,Kenneth Harvey,Henry Pierce,Donald Maldonado,Jennifer White
TWS,Jennifer Cohen,Jeremy Clark,Kimberly Espinoza,Daniel King,Gloria Lawrence,Julie Lynn,Gregory Berry,Christopher Rocha,Melissa Davis,Jeremy Klein,Kenneth Page,Oscar Blanchard
CCSP,Paula Orozco MD,Shannon Butler,Andrew Cline,Holly Pierce,Joel Gonzalez,Courtney Fields DDS,Lee Schneider,Robert Combs,Amy Wallace,Danny Waters,Deborah Whitney,Joseph Wilson
TWS,Jennifer Wright,Laura Glover,Shane Esparza,Cynthia Carter,Daniel Mendoza,Kendra Mccarthy,Sherry Anderson,Paul Marshall,Robert Guerrero,Jack Reid,Jeffrey Andrews,Deborah Hess
TWS,Samantha Scott PhD,Ashley Chen,Brian Ryan,William Jackson,Amanda Thompson,Peter Allison,Shelby Morgan,Amy Brown,Jessica Frazier,Ashley Edwards,Alexandra Day,Benjamin Wilson
FWS,Zachary Lambert,Christina Hunter,Brian Wallace,Jessica Davis,Sandra Wilkerson,Alexander Strong,Samantha Ruiz,William Davis,Gregory Carter,Erik Williams,Jennifer Washington,Christopher Brown
TWS,Katie Weaver,Mary Smith,Dillon Baldwin,Anthony Moore,Jon Matthews,John Richards MD,Jeffrey Ramirez,Janet Harris,Brian Lee,Sara Flowers,Deborah Young,Kaitlyn Gibson
CCSP,Randy Patel,Jennifer Farley,Timothy Ross,Heather Jordan,Diane Carpenter,Brett Stark,Thomas Johnson,Michael Joseph,Gregg Chapman,Cesar Shah,Lisa Wells,Alexander Martin
CCSP,Gregory Clark,Debbie Phillips,Michele Harrison,Carolyn Porter,Sabrina Hart,Keith Brown,Janice Flores,Dakota Ortega,Lauren Villegas,Joel Rodriguez,Amy Smith,Andrea Holland
TWS,Robert Martin,Jeffery Dunn,Mary Wagner,Eduardo Huber,Carla Miller,Connie Williams,Sherry Gray,Margaret Mitchell,Valerie Brown,Nicole Long,Cody Wade,Victoria Pacheco
TWS,Elizabeth King,Russell Shelton,Steve Johnson,Renee Tucker,Christy Hester,Linda Macdonald,Elizabeth Larson,Taylor Moreno,David Larson,Allison Smith,Allison Frost,Catherine Williams
HSG,James Brown,Mary Vega,Monique Daugherty,William Cook,Thomas Armstrong,Ronald Herrera,Robin Richards,Andrea Lee,Steven Wilkins,Latoya Cox,Donna Johnson MD,Michele Rivera
TWS,Marcus Phillips,John Gutierrez,Jason Moore,Jerry Hester,Christopher Collins,Nancy Young,Jennifer Gill,Mrs. Karen Rogers,Joshua Richmond,James English,Randall Ellis,William Ayers
CCSP,Rebecca Payne,Nathan Perez,Daniel Blackburn,Frederick Hurley MD,Joanne Parsons,Mary Norman,Barry Kent MD,James Smith,Christopher Hill,Walter Alexander,William King,Stephanie Sullivan
PED,David Delgado,Monica Johnson,Cody Short,Diana Stanley,Barbara Briggs,Mark Johnson,Mrs. Erin Christian MD,Clinton Cox,Gregory Snyder,Kenneth Day,Lisa Marshall MD,Stacey Houston
TWS,Daniel Wilson,Michael Thomas,Renee Clark,Stephanie Harris,Stephen Cantu,Victor Nelson,Darlene Frederick,Michael Holt,Danny Campbell,Dakota Todd,Jennifer Blake,Clinton Houston
HSG,Ricardo Blair,Bradley Le,Amy Nguyen,Jonathan Turner,Raymond Wilson,Jonathan Brooks,Julie Proctor,Gregory Davis,Johnny Hall,Melissa Johnston,William Morris,Andrew Simpson
TWS,Ruth Smith,Sarah Adams,Brian Flowers,Joseph Bell,Thomas Bartlett,Lisa Smith DDS,Lisa Kelly,Patrick Cooper,Brianna Lawson,Alice Watkins,Stephanie Murphy,Ronald Martin
CCSP,Shelley Carroll,Clarence Thomas MD,Jonathan Smith,Jonathan Lambert,William Powell,Brian Morris,Peter Reid,Wanda Sullivan,Charles Ross,Adam Conner,Crystal Knapp,Tonya Rice
PED,Christy Vaughan,Heather Becker,Raymond Carpenter,Robert Ashley,Richard Fisher,Cheryl Rosales,Stacey Stanley,Christian York,Christopher Oconnor,Gary Torres,Kimberly Hanson,Lisa Martin
CCSP,Jeffrey Moody,Charles Davies,Diane Nguyen,Brian Richardson,Mrs. Amanda Walker,Mary Lowe,Gary Figueroa,Kelsey Winters,Eugene Macias,Shawn Fowler,Barbara Turner,Lauren Travis
CS,April Wells,Sandra Smith,Sarah Davis,Laura Gregory,Jose King,David Hayes,Daniel Berry,Gregory Hicks,Jasmine Atkinson,Melinda Bryant,Garrett Morris,Sarah Russell
CS,Clayton Estes,Leah Phillips,Lisa Lopez,Mathew Mendoza,Julie Harris,Elizabeth Cook,Timothy Williams,Matthew Thompson,Ross Pittman,Crystal Molina,Brandy Berg MD,Daniel Rodriguez
TWS,Raymond Rodriguez,Nicole Gonzalez,Natalie Arnold,Autumn Wyatt,Karen Myers,Justin Hayden,Kimberly Doyle,Nathaniel Torres,Tammy Smith,Marie Hess,Mary Morales,Courtney Joseph
CS,Stephanie Davidson,Robert Wright,Jerry Black,Sherry Brown,Philip Baldwin,James Vance,Hannah Eaton,Allen Pierce,Elizabeth Jones,Alexa English,James Coleman,Amy Zavala
HSG,Paul Cruz,Dan Gill,Louis Mitchell,Christopher Burke,Donna Brown,Tara Jackson,Antonio Wagner,Elizabeth Byrd,Patricia Johnson,Megan Lewis,Carrie Johnson,Beth Farmer
CCSP,Robert White,Angela Vance,Jason Sanders,Kathryn Fowler,Steven Ochoa,Seth Fitzgerald Jr.,Tammy Herrera,Danny Newman,Michael Brooks,Kelly Ingram,Jennifer Nelson,Jennifer Scott
FWS,Jennifer Walton,Carol Wright,Megan Gardner,Elizabeth Wallace,Bryan Thornton,Megan Gardner,Dan Rodriguez,Jacob Thomas,Michael Mcclain,Patricia Johnson,Victoria Campbell,Gabriel Hayes
TWS,Judy Porter,John Bell,Jason Rodriguez,Kevin Hall,Kimberly Green,Steven Wade,Andrew Mcgee,Gregory Hill,Stephanie White,Kevin Lopez,Mr. Trevor Singleton,William Perez MD
TWS,Isabel Davis,Erik Smith,Jessica Rich,Michael Mason,Mrs. Taylor Vincent,Jeffrey Jefferson,Jessica Arnold,Peter Nguyen,Debra Ortiz,Barbara Hart,Krystal Manning,Ian Johnson
HSG,Laura Cole,Stephanie Smith,Anthony Smith,Krystal Lopez,James Bradshaw,Darrell Rogers,Debra Crawford,Michael Brown,Annette Martinez,Robin Baker MD,Connor Powell,Elizabeth Nguyen
CCSP,Christopher Silva,Michael Bryant,Erin Hamilton,Jennifer Thompson,Elizabeth Johnson,Caroline Matthews,Elizabeth Graham,Julie Garcia,Brian Turner,James Smith,Janet Williams,Amber Mckinney
TWS,Vanessa Cline,Janet Reed,Jeffrey Moore,Thomas Hanson,Carl Morgan,James Fernandez,Michael Meyer,Richard Bradley,Kristina Brooks,Donald Mcneil,Amanda Warren,Rebecca Mann
CS,Daniel Daniels,Shelby Brown,Mary Kennedy,Larry Kirk,Troy Waters,Monica Oliver,Travis West,Sarah White,David Sampson,Jeremy Martinez,Michelle Rios,Michael Giles
PED,John Fitzgerald,Stacey Smith,Donald Bradley,Ethan Atkins,Emma Mack,Aaron Snow,Brandon Becker,Derrick Johnson,Jamie Bradley,Peter Cox,Erin Hill,Ernest Mason
TWS,Stephanie Sanchez,Brian Fuller,Peggy Bridges,Sierra Medina,Lauren Phillips,Melissa Robinson,Dr. Patrick Rowe,Barbara Hebert,Joseph Dalton,Blake Johns,Lisa Juarez,Joseph Diaz
CCSP,Nathaniel Mullins,Sarah Murray MD,David Anderson,William Jones,Lauren Riley,Emily Smith,James Conway,Lisa Chen,Carolyn King,Stephen Anderson,Kathryn Sullivan MD,Keith Rivera
CCSP,Robin Schmidt,Joshua Thomas,Emily Hogan,Cory Harris,Wesley Smith,Michael Sanchez,Cameron Harvey,Lauren Miller,David Hunt,Darren Morgan,Jared Diaz,Allen Whitehead
HSG,Tonya Joseph,Taylor Thompson,Mary Mitchell,Lisa Chavez,Laurie Gilbert,Taylor Allen,Linda Mclaughlin,Robert Mcdaniel,Samuel Price,Destiny Shea,Savannah Mendez,Sabrina Williams
CS,Tyler Randolph,Tara Weaver,Martin Little,Kimberly Kennedy,Samantha Smith,Jose Bowman,Jessica Nichols,Timothy Frederick,Steven May,Lauren Price,Destiny Carter,Carrie Dunlap
CCSP,Peter Marsh,Cameron Johns,Miranda Jenkins,Cody Fuller,Cassandra Walters,Phyllis Tanner,Brandon Hammond,Sheryl Cannon,Nicholas Silva,Casey Leach,Ruben Hoffman,David Austin
TWS,Rachel Henderson MD,Tracy Ponce,Robert Wolfe,David Martinez,Michael Rivera,Joseph Ortiz,Karen Liu,Jennifer Jefferson,Scott Olson,Jason Benitez,Chase Calhoun,Chad Rice
TWS,Adam Perry,Rose Ramirez,Bradley Galloway,Cathy Bennett,James Bell,Jeffrey Vaughn,Mrs. Heather Johnson,William Walker,Alexis Salazar,Steven Mcdonald,Dominic Salazar,Brandy Stanley
INFR,Melody Houston,Scott Williams,Tristan Riddle,Edward Mora,Marc Olson,Sean Romero,Crystal Jimenez,Jeffrey Brooks,Tracy Russell,Victoria Robinson,Daniel Brewer,Daisy Black
PED,Scott Harris,Tracey Lopez,Zachary Koch,Sharon Burnett,Jane Calderon,Thomas Farmer,Anthony Lopez,James Robinson,Joel Murphy,Jessica Cooper,Jason Smith,Terri Young
CCSP,Nicholas Lee,Jacob Johnson,Mario Rose,Cindy Davis,Nicole Richardson,Jonathan Barton,Felicia Foster,Keith Merritt,Ricardo Tanner,Madison Jones,Alexis Gillespie,John Acevedo
CS,Susan Perez,Mark Jacobson,George Cunningham,Nicholas Perez,Cheryl Smith,Kimberly Williams,Jill White,Amber Rogers,Michael Campbell,Paul Gardner,Christopher Moses,Amber Phillips
ARCH,Mr. James Pitts,Jeanette Livingston,Carol Young,Amanda Weeks,Lucas Hamilton,Joe Lyons,Kerry Moore,Stephen Perez,William Contreras,Erik Bishop,Kyle Ryan,Jessica Smith
PED,Maureen Yoder,William Howard,Justin Stevens,Jeffrey Drake,Maria Newman,Jessica Edwards,Trevor Harris,Jason Sandoval,Felicia Kent,Rita Shelton,John Wilkinson,Susan Thomas MD
HSG,Stacey Mejia,Michael Scott,Jennifer Strickland,Ann Peterson,Robert Hunter,Monica Vasquez,Brian Collins,Ronald Castillo,Dr. Michael Smith,Tasha Stark,Eric Stevenson,Jeremy Valencia
FWS,Jose French,Sarah Melton,Kara Huerta,Carolyn Aguilar,Jillian Young,Tina Carlson,Samantha Blanchard,Thomas Williams,Ashley Andrews MD,Nicholas Carey,Chad Johnson,Robert Burke
TWS,Shane Oliver,Maria Graves,Kenneth Johnson,Julia Simmons,Dominique Moore,Dana Hughes,Bradley Brooks,Sharon Prince,Brandon Kemp,Ashley Anderson,Brenda Cook,Derek Nguyen
FWS,Omar Ross,Laura Wall,Kristina Russell,Lisa Ayers,Kelsey Cole,Virginia Welch,Christine Lee,Rebecca Bernard,Andrea Marshall,Jamie Romero,Brian Davis,Christopher Matthews
PED,Patty Mills,Daniel Hays,Thomas Mccoy,Danny Stevens,Lori Williams,Jeremiah Jenkins,Autumn Copeland,Clifford Williams,Kelly Robinson,Julie Carey,Derek Perez,Jacob Coleman
CCSP,John Caldwell,Patricia Smith,Emily King,Sherry Johnson,Alison Peters,Katelyn Wright,Jesse Owens,Guy Brown,Emily Cox,Michael Giles,Jenna Moore,Carlos Lawson
TWS,Craig Bennett,Victoria Carter DDS,Kyle Thomas,Frederick Rodgers,Scott Jackson,Katie Wilson,Tara Anderson,Christopher Andersen,Bruce Chavez,Adrian Graves,Michelle Romero MD,Julie Banks
FWS,Michael Lee,Mr. Alex Ashley,Anne King,Travis Sloan,Gregory Gonzalez,William Osborne,Douglas Hood,Mary Hanson,Jonathan Taylor,William Dixon,Wendy Hill,Cody Mcguire
TWS,Kelly Jimenez,Darlene Mills,Anne Smith,Charles Costa,Thomas Byrd,Jason Hernandez,Charles Weber,Wesley Smith,Jonathan Jackson,Dana Burnett,Holly Baker,Jennifer Wells
PED,Brandy Adams,Ryan Martinez,Jacob Arnold,Amanda Garcia,Mary Gomez,Brian Harris,Susan Harrell,Chad Sims,Mrs. Kayla Hill,April Castillo,Victoria Harvey,Renee Rogers
CCSP,Tyler Underwood,Michelle Nguyen,Rebecca Wright,Tara Wiggins,Michelle Craig,Stacey Smith,Paul Juarez,Melissa Harrison,Michael Walton,Lauren Case,Donna Fox,Robin Davis
CCSP,Sandra Mcmillan,April Sanders,Jonathan Williams,Lindsey Cruz,Rachel Harrison,Tamara Holmes,Veronica Smith,Sharon Chambers,Benjamin Smith,Kathleen Ward,Amanda Thomas,Brian Fleming
PED,Yvonne Hanna,Elizabeth Bush,Grant Lopez,Jeff Smith,Elizabeth Fernandez,Christopher Johnson,Nicole Banks,Logan Rodriguez,Ryan Wilkins,Lee Oneill,Emily Nguyen,Gary Baldwin
TWS,Ronald Mitchell,Craig Lopez,Michele Nichols MD,Jorge Russell,Heather Cox,Kristy Valenzuela,Amber Williams,Charlene Holden,Connie Castillo,Brian Cameron,Benjamin Adams,Andrea Goodman
ARCH,Lawrence Perkins,David Moore,Tiffany Perez,Anthony Thompson,Charles Martinez,James Tate,Elizabeth Jackson,Bobby Norris,Stephen Hill,Justin Gross,Tiffany Young,William Giles
FWS,Cynthia Vega,Jamie Jones,John Anderson,Carol Parker,Erica Castillo,Dale Moore,Nichole Evans,Harry Cross,Todd Parker,Jimmy Gutierrez,Crystal Cook,Michael Smith
TWS,Paula Estrada,Linda Warren,Robert Leblanc,Cheryl Mendez,Patricia Evans,Patricia Franklin,Alexandra Nielsen,Nicholas Friedman,Gabriella Villanueva,Wanda Hester,Cindy Allen,Kelli Boone
CCSP,Nathan Hansen,Rebecca Bailey,Casey Brown,Melissa Howard,Claudia Thornton,Valerie Armstrong,Charlene Kelly,John Baldwin,Martha Gibson,Ryan Owen,Robert Allen,Robert Jimenez
CCSP,Patricia Ortiz,Megan Miller,Madeline Newman,Paula Hines,Steven Estrada,Derek Charles,Arthur Roberts,Christopher Taylor,Larry Ward,Rhonda Garza,Christine Mcmahon,Matthew Bauer
CCSP,Gregory Carroll,Jeffery Meyers,Timothy Allen,Brandon Hill,Reginald Patel,Todd Anderson,Kimberly Watson,Emily Mullen,Alexander Martin DDS,Nicole Malone,Joseph Mata,Tasha Mcpherson
CS,Mark Norris,Robyn Bowman,Dominique Klein,Nathan Russell,Wendy Johnson,Norman Bradley,Marcus Luna,Cynthia Jones,Heather Bernard,Sandra Perez MD,William Alvarado,Becky Price
CCSP,Sonya Hunt,Ashley Phillips,Jeffrey Wright,Tara Guerra,Angela Maxwell,Anita Klein,Michael Curtis,Jacqueline Reynolds,Dawn Hart,Daniel Chapman,William Simpson,Michelle Luna
HSG,Amanda Gamble,Mario Valentine,William Taylor,Douglas Singh,Michael Hernandez,Todd Barker,Patrick Martin,Steve Gray,William Evans,Jeremy Bell,Jay Hartman,John Dudley
CS,Angela Dunn,Kelly Jackson,Yvonne Barnes,Amanda Tucker,Albert Garcia,Daniel Marquez,Ashlee Williamson,Denise Hall DVM,Walter Anderson,Dakota Harris,Leslie Reid,Crystal Vaughn
TWS,Denise Barber,Dr. Randall Patel,Kara Freeman,Stephanie Ramos,Bethany Strong,William Hall,Tony Lewis,Michael Manning,Sarah Johnson,Tina David,Brandi Reed,Ashley Mckinney
TWS,Joshua Martin,Yesenia Jones,Mary Wolfe,Kayla Hess,Jason Hunt,Stephanie Jackson,Melissa Monroe,Felicia Peterson,Daniel Patel,Jeffrey Cooper,Timothy Ibarra,Eric Williams
PED,Frank Todd,Kathy Myers,Gabriel Oconnell,Regina Contreras,Laura Johnson,Dawn Smith,Stephen Marsh,Christine Osborne,John Jenkins,Raymond Cook,William Jones,Cody Meyer
TWS,Linda Brown,Catherine Wilson,Scott Jones,Debra Perez,Brian Hernandez,Stephanie Buchanan,Kathryn Johnson,Nicholas Meyer,Eric Ramirez,Andrea Price,James Bowen,Paula Chen
TWS,Jeff Shaffer,Ryan Edwards,Amber Smith MD,Brianna Griffin,Nicole Davis,David Caldwell,Douglas Doyle,Amy Lang,Mark Moore,John Miller,Michelle Evans,Hannah Wilkinson
CS,Edward Moore,Brandon Welch,Gilbert Pacheco,Collin Hall,Jeffrey Bryant,Alyssa Bright,Hunter Perez,Laurie Lara,David Salazar,Doris Walls,Thomas Singh,Krystal Alexander
TWS,Andrew Gross,Morgan Smith,Danielle Fisher,William Walker,Christopher Choi,Julia Thomas,Christopher Weaver,Rebecca Hanna,James Higgins,Lisa Pope,Joseph Gill,Jon Hendricks
TWS,Cynthia Hall,Amber Boyer,Andrew Vincent,Jeffrey Wright,Mark Odonnell,Miss Heather Woods,Tamara Brandt,Sherry Caldwell,Kevin Moreno,Michael Rivera,Denise Jennings,Robert Patel
TWS,Karen Daniel,Aaron Brown,Teresa Hudson,Harry Reyes,Kimberly Willis,Jonathan Butler,Tina Lewis,Michelle Price,Nancy Fuentes,Trevor Edwards,Tiffany Gomez,Jay Bennett
TWS,Peter Hughes,Katie Moore,Lisa Bailey,Mandy Melendez,Kyle Rivera,Katherine Henderson,William Cohen,Alison Barnett,Richard Martinez PhD,Frederick Hall,Amanda Acosta,Mitchell Davis
HSG,Holly Hall,Gina Hayes,Abigail Simon,Jamie Stanton,Michelle Mayer,Philip Rodriguez,Jordan Weaver,Crystal Ryan,Amanda Rodriguez,Kristen Shaw,Robert Cruz,Teresa Hernandez
FWS,Kyle Hinton,Patrick Hughes,Kelly Reed,Angela Roth,Sandy Lucas,Kyle Brown,Angela Myers,Stephanie Gates,Denise Figueroa,Mr. Christopher James DDS,Dr. Emily Richardson,Angela Graham
HSG,Ricky Gonzales,Cynthia Kidd,Christina Morris,Victoria Sanchez,Sarah Smith,Holly Todd,Jennifer Rogers,Christopher Floyd,Kelly Hernandez,Kayla King,Kelly Rivas,Christopher Barr
TWS,Kendra Baker,Tracy Vance,David Martinez,Shawn Caldwell,Mary Rodriguez,Casey Robinson,Vanessa Barton,Anna Jordan,Robert Green,Stephanie Vargas,James Phelps,Donald Robertson
CCSP,Theresa Smith,Jessica Smith,Todd Mejia,Thomas Pena,Scott Diaz,Suzanne Mann,Kevin Collins,Jeremy Benson,Jason Martinez,Michael Green,Trevor Hernandez,Jonathan Johnson
CS,Reginald Wright,Debra Allen,James Taylor,Mark Curtis,Kevin Crane,Sandra Barnes,Steven Newman,Javier Vaughan,Christian Myers,Justin Stevens,Jean Alexander,Lisa Harris
TWS,Terry Walter,Kimberly Perez,Brittany Johnson,Robert Dalton,Abigail Jones,Tonya Freeman,Joseph Barker,Holly Smith,Kristina Manning,Chelsea Bennett,Tiffany Frank,Katie Obrien
FWS,Wayne Costa,Nicole Williams,Timothy Murray,Michael Williams,Erica Henry,Kayla Walters,Jason Austin,Ann Franklin,Amanda George,Katie Leach,Kathleen Williams,George Jones
PED,Amber Conway,Chad Sparks,Kim Everett,Courtney Ray,Chad Johnson,Regina George,Brandy Mcclain,Patricia Macias,Kathryn Carter,Mrs. Pamela Robbins,Seth Sims,Richard Garcia
FWS,James Dickerson,Christopher Logan,Richard Mills,Michelle Fuller,Roger Walton,Andrew Hayes III,Anthony Mccall,David Wilson,Melissa Jordan,Dustin Perry,Jonathan Dunlap,Jorge Cooper
CS,Laura Duncan,John Ellis,Angela Hughes,Adam Conrad,John Ray,Breanna Zimmerman,Patrick Snow,Sheila White,Tracy Walsh,Joshua Hanson,Tiffany Ray,Michele Neal
CS,Barry Vance,Kelly Jacobson,Gary Black,Jacob Raymond,Debra Jones,Mr. Joseph Young,Michael Knight,Christopher Duran,Jill Wilson,Jose Johnson,Adrienne Dunn,Tiffany Chambers
CCSP,Steven Cooke,Kelly Thomas,Paul Freeman,Angela Turner,Marilyn Wood,Timothy Larson,Katherine Ortiz,Phillip Rubio,Melissa Harris,Joel Rodriguez,Haley Bowman,Kelly Mcdowell
TWS,Robert Flores,Richard Sweeney,Andre Mcdaniel,Lisa Olsen,Destiny Mcpherson,Mary Reynolds,Andrew Holland,Morgan Davila,Heather Torres DDS,Kevin Johnson,Dawn Brown,Benjamin Sanchez
TWS,Eric Cisneros,Alexandria Anderson,Debbie Love,Elizabeth Wilson,Alfred Brown,Adam Patel,Madison Donaldson,Miss Jennifer Potter,Yvonne Robles,Brandon Roberts,Heather Escobar,Kelsey Blake
PED,Lauren Thomas,Angela Gilbert,Zachary Rasmussen,Vanessa Martinez,Katherine Hardy,William Graham,Susan Miller,Michael Maldonado,Charles Lucas,Michelle Ochoa,Rebecca Burnett,Paige Larson
HSG,Michael Olson,Brandy Davis,Olivia Ramirez,Laura Farley,Karen Hood,Shane Leonard,Jerry Henderson,Richard Martinez,Nicholas Martin,Amy Ramirez,Colton Ramsey,Andrea Sampson
TWS,Ricardo Turner,Rebecca Powell,Rachel Kelley,Catherine Lawson,Jeffery Jackson,Don Wright,Jeff Green,Andrew Brown,Douglas Mckee,Emily Brown,Karen Rose,Mary Smith
TWS,Kelly Chandler,Melissa Campbell,Paula Lewis,Rachel Williams,Stephanie Myers,Lindsey Garcia,Donna Myers,Michael Whitney,Pam Hunter,Kevin Waters,Robin Guerrero,Ashley Yu
CCSP,Brent Harmon,Sarah Robinson,Jessica Palmer,James Miller,Philip Sanchez,Maria Robinson,Russell Baker,Whitney Cross,Sophia Cole,Sonya Reese,James Mendoza,Gabriel Anderson
CCSP,Karla Simon,Sherry Castillo,Kayla Davila,Katherine Anderson,David Jensen,Gordon Elliott,Traci Price,Shawn Maxwell,Tracy Thomas,Ann Olson,Henry Martinez,James Lopez
TWS,Amanda Pratt,Frank Price,Christina Gray,Mrs. Joanna Pruitt,Mark Jones,Catherine Chavez,Charles Snyder,John Walker,Stephanie Moore MD,Beth Marks,Paige Baker,Ian Le
TWS,Regina Sanchez,Diane Alexander,Anthony Watkins,Erin Powell,Jason Cooper,Kelly Weber,Anthony Kerr,Michael Gonzalez,Kathy Harris,Robin Martinez,Aaron Butler,Joshua Ross
CCSP,Alex Smith,Douglas Olsen,Eric Berger,Lindsey Wilson,Aaron Delgado,Teresa Baker,Kevin Reeves,Ronald Reid,Daisy Lyons,Carl Diaz,Patrick Mccoy,Daniel Thomas
CS,James Jimenez,Jonathan Riddle,Brittany Hill,Nicole Anderson,Andrew Pope,Billy Owens,Laura Horton,Ryan Snyder DDS,Laura Stephenson,Bobby Harmon,Craig Sexton,Jeffrey Hunter
INFR,Christina Jimenez,Lawrence Huber,Ashley Rangel,Ann Banks,Billy Ferguson,Caleb Hall,Jessica Russell,Daniel Schultz,Joseph Stark,Lauren Moon,Robert Ward,Anthony Thomas
TWS,Kimberly Acosta,Erin Rhodes,Edgar Hodges,Kevin Stephens,John Wheeler,Patrick Robertson,Tyler Jackson,Vanessa Matthews,Joseph Vaughan,Thomas Banks,Lisa Lewis,Dustin Lopez PhD
TWS,Claire Bean,Manuel Chavez,Evan Velazquez,Thomas Yang,Deborah Edwards,Cody Montgomery,Anthony Smith,Lisa Jensen,Pamela Smith DVM,Charles Leon,Gabriella Dunlap,Andrew Edwards
CCSP,Cheryl Booker,Joe Charles,Kathy Rogers,Alex Mcintosh,Adam Anderson,Sheena Guerra,Matthew Rogers,Ashley Ayala,Kendra Romero,Kaylee Graves,Mary Peterson,Shirley Johnson
TWS,Tyler Hamilton,Jordan Moore,Jeffery Middleton,Jill Craig,Gregory Scott,Brenda Brown,Jackie Powell,Tami Hernandez,Jacob Powell,Shelly Blake,Cody Williams,Morgan Allen
TWS,April Ware,Andrea Dickerson,Joseph Ramirez,Meredith Lewis,Rebecca Cooper,Kurt Rogers,Jason Perry,Zachary Jimenez,Christopher Bell,Lori Krueger,Samantha Jones,Daniel Medina
INFR,Joshua Meyer,Robert Patel,Jason Thomas,Timothy Noble,Mark Barker,John James,Cynthia King,Cheryl Obrien,Kimberly Lutz,Steven Scott,Desiree Davis,Dylan Martinez
TWS,Leslie Ramos,Tina Chase,David Love,Aaron Brooks,Kellie Morrison,Alicia Berry,April Mitchell,Kevin Roberts,Tracy Turner,Andrew Russell,Christina Richards,Casey Levy
FWS,Carolyn Liu,James Diaz,Vanessa Choi,Jason Brooks,Richard Ritter,Scott Jones,Kari Mendoza,Amanda Jackson,Brian Davis MD,Lisa Prince,Randy Nielsen,Carrie Hernandez
HSG,Tamara Kim,Brandy Davis,Taylor Jones,Cassidy Bradshaw,Joshua Chandler,Timothy Gray,Matthew Bishop,Wendy Ward,Lori Flynn,Joshua Myers,Lindsey Burke,Angela Brown
CCSP,Henry Benjamin,Brittney Lee,Kathleen Durham,Joseph Obrien,Rachel Rodriguez,Aaron Mata,Louis Spence,Shelby Copeland,Megan Kemp,Andrew Duarte,Laurie Good,Annette Becker
HSG,Mr. Joshua Johnson,Matthew Taylor,Troy Palmer,Jennifer Gordon,Rita Harris,Michele Coleman,Kimberly Jones,Joshua Gates,Samantha Schneider,Michael Welch,Peggy Mathis,Joel Patel
CCSP,Melissa Smith,Justin Wiley,Paula Rodriguez,Christine Long,Stephanie Garcia,Beverly Young,Jim Wright,Peter Nielsen,Alicia Cole,Brian Perry,Thomas Kirk,Micheal Kelly
CCSP,Tammy Smith,Tamara Petersen,Kristina Willis,Jeffrey Vargas,Christopher Cisneros,Pamela Morrison,Sara Williams,Andrea Mclaughlin,John Thompson,Jordan Wells,Jessica Turner,Michelle Gutierrez
FWS,Lauren Brown,Vanessa Hudson,Nicholas Donovan,Rebecca Johnson,Randall Gentry,Brandon Richardson,Craig Miller,Matthew Ingram,Kyle Hill,Lindsay Osborne,Dean Wolf,Brian Le
CCSP,Natalie Wallace,Stephen Garcia,Shannon Morgan,Todd Martin,Allen Castro,Alejandro Cobb,Erin Holmes,Kayla Campbell,Christopher Scott,Emma Riddle,Matthew Jackson,Robert Perez
HSG,Brian Wilson,Tabitha Warner,Leslie Burns,Troy Murphy,Jonathan Thompson,Carla Chandler,Tina Hernandez,Darryl Smith,Sean Long,Denise Patterson,Jacob Cannon MD,Cynthia Mitchell
PED,Kathy Lozano,Laurie Saunders,Mark Marshall,Kelly Simpson,Joy Burns,Nicholas Long,David Chang,Dr. James Smith DDS,John Burns,Stacy Berry,Daniel Jones,Katherine Johnson
HSG,Andrew Hampton,Katherine Williams,Joshua Pham,Jeffrey Sheppard,John Price,Craig Barrett,James Robinson,Jared Cantu,Robert Smith,Carla Roth,Kimberly Haney,Joshua Riley
HSG,Donna Christensen,Timothy Allen,Ms. Alexis Alvarado,Christina Hooper,Jesus Brown,Jane Thompson,Crystal Wilson,Nicolas Mclaughlin,Theresa Hall,Beverly Schmitt MD,Ebony Nunez,Tracy White
HSG,Jason Ford,Lisa Mccarthy,Cory Garcia,Edwin Johnson,Darius Rivera,Steven Harrison,Tony Parker,Scott Porter,Meagan Lane,Deborah Santos,Kenneth Molina,Leah Durham
HSG,Alicia Andersen,Stacy Martinez,Alex Cordova,Michael Freeman,Brian Anderson,Brian Horton Jr.,Elaine Smith,Christopher Davis,Kimberly Mills,Stephanie Villegas,Tonya Stevens,Cheryl Fuller
PED,Teresa Ibarra,Dennis Morris,Mr. Jay Wilson,Sheena Phillips,Andrew White,John Hughes,Scott Phillips,Walter Morales,Paige Brown,Patrick Clark,Kevin Martin,Shari Little
PED,Steven Cox,Richard Roth,Jacqueline Mccoy DVM,Megan Bryant,Sandra Jenkins,Kenneth Calderon,Kayla Miles,Wesley Moss,Alan Fields,Cindy Jackson,Gregory Mills,Elizabeth Cross
ARCH,Ronald Thomas,Justin Murphy,Jennifer Johnson,Dennis Watts,David Serrano,Susan Lin,Ronald Johnson,Kevin Mccarthy,Angela Campbell,Terri Buck,Curtis Rhodes,David Perry
TWS,Julian Carroll,David Anderson,Mike Ross,Michael Dickson,Thomas Nguyen II,Bobby Webster,Alicia Ramirez,Sherry Watson,Jamie Camacho,Brian Martinez,Douglas Johnson,Stephanie Mcgee
CCSP,Katrina Shaw,Michelle Burns,Timothy Jacobs,Mallory Richardson,Spencer Rodriguez,Tommy Harmon,Jordan Rosales,Jennifer Wells,Charles Higgins,Nicole Camacho,Michelle Burnett,Christopher Reese
TWS,Michael Mcdonald,Jennifer Powell,Elizabeth Osborne,Lisa Garrett,Travis Carter,Austin Norman,Amy Davis,Ashley Hernandez,Mackenzie Diaz,Melvin Randolph,Raymond Meyer,Haley Kim
CS,Michael Simmons,Kimberly Gonzalez,William Sellers Jr.,John Jenkins,Scott Moore,Ryan Walker,Justin Phelps,Michael Hahn,Jennifer Hernandez,Amber Cantrell,Jose Patterson,Sara Lopez
TWS,Stephanie Jordan,Madison Garcia,Matthew Garcia,Tommy Cardenas,Willie Caldwell,Hannah Brennan,Paul Jenkins,Sandra Miller,Isaac Waller,Nicole Medina,Mrs. Taylor Cameron,Julie Gomez
PED,Peggy Thomas,Dale Stein,Breanna Williams,Hunter Wilson,Ronald Quinn,John Davis,Jaime Johnson,Jonathan Oliver,Heather Davis,Ivan Mcdaniel,Jordan Atkinson,Gilbert Barker
FWS,David Ramirez,Andrew Alvarez,Kevin Turner,Linda Robinson,Christy Anthony,Natalie James,Rhonda Hernandez,Daniel Baker,Donald Leon,Thomas Green,Jill Lawson,Chelsea Simmons
HSG,Lori Reilly,Jennifer Myers,Joseph Walker,Andrew Sanders,Melissa Cohen,Jacob Jones,Jamie Green,Melanie Phelps,Bryan Grant,Mary Welch,Melissa Newman,Katherine Finley
TWS,Laura Good,Brittany Christensen,Tara Villa,Joseph Miller,Michael Anderson,Jasmine Brown,William Wallace,Connor Avery Jr.,Dr. Jasmine Brown,Tina Alvarado,Michael Leblanc,Travis Saunders
HSG,Brandon Hunt,Andrew Hendrix,David Liu,Mikayla Conner,Alexander Jimenez,Tracy Contreras,Kathleen Anthony,Nicole Miranda,Craig Huff,Hunter Cochran,Alex Jones,Sandra Campbell
TWS,Dale Lawson,Phillip Green,Teresa Medina,Tracey Bryant,William Knight,Ashley Perez,Alex White,Marc Ramirez,Sharon Martin,Michael Castro,Paul Jones,Dr. Carl Zuniga
CS,Ricky Patton,Leah Huff,Clarence Peterson,Lisa Osborn,Samantha Martinez,Michelle Buchanan,Rodney Smith MD,Richard Bean,Erica Little,Corey Rodriguez,Selena Sanders MD,Cameron Lewis
ARCH,Johnny Carroll,David Manning,Melissa Buck,Kathleen Smith,Robert Davis,Anthony Smith,Gary Sanchez,Charles Lara,Julia Aguilar,Matthew Morris,Claudia Mccoy,Christopher Leon
CS,Julia Jones,Kyle Smith,Christopher Stein,Kimberly Mendoza,Brian Ross,Sarah Perkins,Michelle Anderson,Erica Fleming,Tracy Willis,Justin Duke,Geoffrey Kim,Shelby Farrell
PED,Shannon Cooper,Vickie Martinez,Dustin Sims,Renee Moreno,Amy Gonzalez,Jennifer Butler,Kevin Smith,Kevin Rocha,Edward Frederick,Sarah Crawford,Raymond Wheeler,Eric Anderson
TWS,Rick Martinez,Terry Cochran,Monica Alexander,Christopher Stout,Christopher Woodward,Elizabeth Mueller,Robert Garcia,Cameron Blevins,Sean Soto,Cynthia Terry,Raymond Cook,Patrick Ramirez
CS,Susan Davis,Linda Sherman,Gary Wagner,Trevor Duran,Erin Hudson,Susan Palmer,Devin Graves MD,Joshua Powers,Brian Nielsen,William Dominguez,Eric Arroyo,Wanda Whitney
INFR,Jessica Burke,Mary Jones,Julie Bowen,Monique Taylor,Kristina Hernandez,Susan Collins,Christine Oconnor,Mr. Jeffrey Lam,Mr. Ethan Hunter,Carolyn Martin,Virginia Miller,Kevin Lopez
TWS,Joseph Schultz,Jason Prince,Eileen Heath,Mary Maynard,Thomas Lucero,Gregory Chavez,Charles James,James Cain,Brian Taylor,Mark Guzman,Ryan Shepherd,Brent Tran
CCSP,Rodney Hammond,Sarah Lloyd,Zachary Gomez,Jeremy Mckenzie,Victoria Mueller,Kathleen Young,Brandy Turner,Jeremy Malone,James Gonzales,Stephanie Miller,Kristen Thompson,Laura Duncan
TWS,Carol Nelson,Denise Shaw,Dr. Samantha Reyes,Carl Johnson,Denise Miller,Lisa Ortiz,Rebecca Miller,Jesus Marquez,Maria Villanueva,Christina Parker,Kenneth Williams,Lonnie Smith
HSG,Robert Thomas,Oscar Dean MD,Stephanie Williams,Stacy Ortega,Evelyn Berger,Crystal Hinton,Diane Downs,Patrick Moran,James Hall,Jo Wagner MD,Heather Lester,Aimee Obrien
CCSP,Nicholas Fox,Nathan Martin,Thomas Mitchell,Alison Martinez,Gina Brown,Alexander Clark,Veronica Holden,Mallory Anthony,James Rivera,Jonathan Carter,Barbara Johnson,Valerie Bishop
CCSP,Samantha Wells,Ryan Waters,Benjamin Campbell,Stephanie Brown,Sonia Jarvis,Sandra Miller,Autumn Ibarra,Alfred Harper,Elizabeth Kelly,Shaun Boyd,Chloe Greer,Lisa Mendoza
CCSP,Dean Cooper,Megan Graham,Whitney Martinez,Veronica Bartlett,Amber Graham,Rebecca Velazquez,Daniel Dunn,Danny Hicks,Paula Mcdowell,Antonio Terrell,Randall Reeves,Michael Rhodes
FWS,Suzanne Pennington,Alexander Cochran,Cameron Oneill,Haley Smith,Alexis Bailey,Kaitlyn Scott,Kelly Long,Alyssa Fisher,Carol Warner,Donald Day MD,Keith Rodriguez,Tracy Miller
PED,Lucas Cox,Sean Lynn,John Greene,Jeff Porter,James Hernandez,Andrew Rivera,Samantha Stevens,Kristin Wolfe,Melanie Phillips,Morgan Leon,Thomas Ware,Candice Buckley
CCSP,Mr. Daniel Blanchard,Nicole Craig,Timothy Murray,Brenda Freeman,Michelle Smith,Deborah Jennings,Christopher Proctor,Margaret Rivera,Stephen Harris,Sharon Austin,Ana Watkins,Alicia Robinson
FWS,Elizabeth Brooks,Christopher Fleming,Larry Shaw,Nicholas Ramos,Theresa Walsh,Katrina Cline,Walter Delgado,Sara Richardson,Barry Turner,Eric Garcia,Anthony Hernandez,Stephen Becker
FWS,Jimmy Parks,Jennifer Myers,Amanda Matthews,Ashley Johnson,Steven West,Jose Raymond,Katherine Harrison,Daniel Evans,Jared Sanders,Scott Barnes,Joanna Oliver,Stephen Watson
CS,Sabrina Gray,Kathleen Norton,Keith Navarro,Dawn Hernandez,Lisa Stevens,Michael Horn,Mark Chavez,Richard Schultz,Valerie Anderson,Jennifer Young,Juan Martinez,Heather Murphy
CCSP,Ashley Nielsen,Gregory Davis,Jason Ford,George Mendoza,Sara Oconnor,William Hunt,Katherine Mata,Kim Smith,Melissa Mendoza,William Morris,Catherine Gallagher,Ashley Caldwell
CS,Shawn Blackwell,Jennifer Nixon,Teresa Perez,Steven Morrison,Juan Salas,Tim Foster,Kelly Hernandez,Tony Robinson,Matthew Taylor,Lindsey Jackson,Brianna Mays,Joyce Gonzalez
CCSP,Thomas Clark,Chelsea Johnson,Anna Rivera,Jenna Miller,Aaron Martinez,Justin Thomas,Terri Ruiz,Heather Curry,Stephanie Martinez,Heather Meyer,Lindsay Kennedy,Donna Gonzales
ARCH,Tracy Hill,Alyssa Riddle,Jose Johnson,Katie Sharp,Rebecca Williams,Michelle Smith,Jared Holloway,Larry Cummings,Kim Walker,Alexis Leblanc,Michael Scott,Vanessa Reed
PED,Jason Patterson,Brandon Ramirez,Jason Compton,Tyler Cooper,Jacob Hill,Amanda Anderson DDS,April Carroll,Priscilla Allen,Brian Jackson,Alicia Payne,Sheri Wang,Toni Miller
TWS,Jacob Cervantes,Christopher Campbell,Kathy Diaz,Bruce Downs,Tina Herrera,Kristen Smith,Beth Ray,Cody Tran DDS,Kelsey Duke,Ronald Simpson,Mr. Robert Mccormick,Renee Brown
TWS,Jennifer Dean,James Rivera,Crystal Walker,Tiffany Brock,Brian Bennett,Morgan Johnson,Stephanie Bennett,Cindy Mcpherson,Jeffrey Ray,Nicolas Ayala,Janice Lewis,Eric Randall
HSG,Joshua Sims,Frank Reese,Jeffrey Quinn,Sherry Zamora,Theresa Edwards,James Cox,Shelly Rose,Emily Morris,Raymond Mccormick,Terri Barrett,Jamie Griffin,Lisa Roman
CCSP,Barbara Rodriguez,Charles Evans,Veronica Johnson,Beth Short,Roger Osborne,William Fernandez,Elizabeth Hughes,Danielle Dean,Mitchell Bryant,Vanessa Davila,Bonnie Fox,Nichole Rogers
PED,Diane Duffy,Lisa Lowe,Jeffrey Sandoval,Michael Hoover,Arthur Jones,Billy Marks,Jill Holloway,Randy May,Vanessa Brown,Mr. Brian Wheeler,Kenneth Cummings,William Pearson
CS,Jeffrey Lewis,Oscar Carpenter,Gregg Goodman Jr.,Lisa Walton,Matthew Williams,Richard Wood,Rebecca Brennan,Laura Thomas,Savannah Green,Christopher Davila,Jennifer Martin,Jacob Hamilton
TWS,Anna Flores,Autumn Lopez,Denise Reyes,Matthew Best,Linda Allen,Mckenzie French,Lisa Williams,Heather Church,Billy Hines,Michelle Gonzalez,Eric Thompson,Victoria Wolf
PED,Courtney Dickson,Charles Davis,Shirley Harper,Bailey Johnson,Kelly Sweeney,Keith Wilson,Sharon Sanchez,Gary Clark,Jessica Roberts,Thomas Washington,Rachel Swanson,Kelly Washington
LAW,George Koch,Kenneth Lam,Brett Sherman,Kimberly Carlson,Eric Chavez MD,Jonathan Davis,Andrew Vaughan,James Harris,Karen Hansen,Kathryn Rios,Brent Avila,Shelby Brown
ARCH,Ronald Rogers,James Barrera,Nicole West,Shane Goodwin,Charles Gonzalez,Kristen Fowler,Christina Rodriguez,Kendra Webster,Benjamin Baker,John Love,James Taylor,Donna Jimenez
CCSP,Guy West,Erica Molina,Claudia Wagner,Gina Johnson,George Meza,Dominique Parsons,Andrew Cochran,Sarah Hubbard,Robert Dawson,Rebecca Schroeder,Ronnie Thompson,Timothy Young
FWS,Jeffrey Walker,Danielle Gilbert,Michael Dixon,Heather Meyer,Beverly Lyons,Cody Sheppard,Mrs. Kerry Mckee,Peter Randall,Todd Peterson,Joseph Gutierrez,Michelle Stark,Andrea Reid
PED,Jasmine Mejia,Jill Sanchez,Ronald Miller,Heather Cox,Jesus Smith,Robert Mitchell,Evan Rodriguez,Jonathan Green,Billy Bryan,Patrick Delacruz,Kristopher Brown,Christopher Thompson
CCSP,Michael Campbell,Brenda Williams,Courtney Martinez,Joe Nguyen,Paul Baldwin,Diane Bailey,Adam Mcdowell,Keith Howard,Sally Hill,Tony Johnson,John Moore,Sierra Reed
CCSP,Richard Powell,Gary Lewis,Juan Martin,Jared Riley,Taylor Daniel,Kevin Harris,Kevin Gilbert,Nancy Hayes,Patricia Williams,Roger Moore,Steven Fry,Danny Goodwin
TWS,Lori Collier,Ray Allen,Scott Hess,Raymond Swanson,Ann Cain,Crystal Miller,Richard Carrillo,Christy James,Randall Nelson,Karen Montes DDS,Anna Price,Christian Hill
PED,Tiffany King,Suzanne Johnson,Joseph Garcia,Anthony Green,Carrie Murphy,Dominique Garcia,Lisa Edwards,Kimberly Gomez,Jennifer Rodriguez,Timothy Brown,Judy Jenkins,Daniel Sparks
CCSP,Marilyn Lee DDS,Craig Johnson,Russell Page,Joe Perez,Donald Melton,Dr. Angela Mcguire,Amanda Sutton,Sydney Sawyer,Emily Gardner,Jeffery Rios,Shirley Yang,Nicole Farrell
TWS,Jennifer Medina,Justin Price,Jessica Mcclain,Stephen Glenn,Amber Best,Dr. Diane Gutierrez DDS,Mark Rodriguez PhD,Jessica Ramirez,Andrea Smith,Luke Taylor,Alan Bell,Aimee Nelson
TWS,David Rosales,Sherry Duran,Jonathan Davis,Michael Harper,William Alexander,James Scott,Cheryl Murphy,Michael Hill,Sarah Chambers,Debbie Carroll,Christopher Long,Victoria Pratt
CS,Alexander Gray,Andrea White,Ashley Wilson,Teresa Cole,Ryan Wiggins,Daniel Thomas,William Rogers,Joshua Johnson,Janet Smith,Brittany Green,Rebecca Cook,Richard Scott
TWS,Dylan Cabrera,Kendra Serrano,Donna Harris,Laura Powers,Tyler Garner,Jeffrey Pierce,Maurice Mann II,Michael Hill,Robert Richardson,Taylor Davis,Steven Hall,Karen Torres
ARCH,Nicholas White,Joshua Morrow,Andrea Case,Cody Lopez,Frederick Crane,Kevin Wood,Joshua Warren,Albert Tyler,Jason Owen,Debbie Wise,Tyler Wallace,Nathan Rubio
CCSP,Matthew King,David Carroll,Angel Black,Paula Flores,Tommy Shields,Jared Vang,Jessica Hodges,Catherine Barnett,Heather Moore,Sarah Schneider,William Garcia,William Wang
CS,Jason Jones,Russell Lyons,Zachary Flores,James Chase,Lisa Bell,Lori Dawson,Christine Price,Jason Carter,Steven Gross,Patrick Harris,Jacob Rivas,William Hopkins
PED,Terri Martin,Brandon Orr,Corey Torres,Corey Oconnell,Steven Perez,Jared Johnson,Christopher Hardy,Kevin Schmidt,Diane Taylor,Christopher Marshall,Lindsey Banks,Angel King
FWS,Lori Mason,Jessica Lee,William Woods,Erika Rogers,Amy Miles,Gregory Dickson,Edward Edwards,Hailey Wright,Brandi Hampton,Miss Mary Farrell,Tammy Fitzpatrick,Kaitlyn Trevino DVM
FWS,Virginia Chavez,Cynthia Adams,Tamara Bailey,Jasmine Noble,Brian Murphy,Karen Craig,Laura Estrada,Kathleen Dennis,Shelby Walker,Mike Jackson,Jerry Munoz,Kendra Davis
TWS,Katrina Nguyen,Justin Potts,Ronald Jones,Karen Rasmussen,John Smith,Sarah King,Patrick Douglas,Michael Fisher,Chad Villa,Gail Garcia,Christian Sims,Matthew Wright
TWS,Nathaniel Crawford,Shawn Williams,Christopher Smith,Maurice Wheeler,Richard Daniel,Wendy Lawrence,Stephen Berry,Tina Gomez,Jimmy Carroll,Richard Taylor,Andrew Campbell,Sharon Johnson
CCSP,Danielle Oconnor,Jeffrey Hurst,Marissa Cook,Billy Mcclure,Jeff Flores,Tracy Acosta,Krista Li,Stephanie Thompson,Jennifer Jordan,Steven Middleton,James Lee,Samantha Anderson
PED,Jesse Roberts,Ryan Robles,Zachary Donovan,Patricia Green,Martin Hunt,Kevin Spencer,Catherine Escobar,Desiree Harris,Kayla Armstrong,Shelby Parker,Madeline Robinson,Dr. William Massey
CS,Timothy Green,Rachel Hamilton,Amanda Farley,Miss Jaime Turner,Karen Wilson,Brittany Dixon,Gail Smith,Jamie Ruiz,Tiffany Leonard,Greg Parks,Ryan Cooper,Joshua Guzman
HSG,Veronica Byrd,Dennis Aguirre,George Sanders,Stephen Webb,Thomas Roberts,Justin Rodriguez,Jessica Garcia,Jeanette Black,Erik Smith,Wayne Ward,Kenneth Mckee,Alicia Price
CCSP,James Klein,Mr. Hunter Mcdaniel,Robert Crawford,Dean Guerra,Christy Phelps MD,Michael Wheeler MD,Lori Reed,Benjamin Parks,Aaron Burgess,Brenda Fernandez,Chase Benton,Shannon Cain
TWS,Yvonne Herrera,Dana Taylor,Albert Martinez,Christopher Curtis,Eric Andrews,Dawn Diaz,Daniel Thompson,Daniel White,Ernest Dyer,Terri Keller,Nathaniel Williams,Kevin Browning
CCSP,Kristopher Villa,Jeffrey Rodriguez,David Watson,Margaret Jones,Ruth Michael DDS,Chloe Knight,Melissa Cole,Justin Walters,Mark Walker,Tracy Williams,Jenna Hampton,Deborah Mccormick
CCSP,Mark Perkins,Luis Young,Jennifer Reynolds,Kelly Summers,Jill Dunn,Andrew Malone,Michael Brown,Joseph Evans,Kelly Ayala,Nicole James,Robert Rogers,Leslie Jimenez
HSG,Katherine Zuniga,Lindsey Reed,Lori Morrison,Peter Johnson,Joseph Turner,Jennifer Sanders,Timothy Duran,Gregory Sims,Angela Cunningham,Courtney Nelson,Angela Fry,John Lam
PED,Brenda Powell,Francisco Horn,Robert Mcknight,Denise Yang,Shawn Fleming,Anthony Williams,Jeff Guzman,Randall Austin,William Reyes,James Stout,Robert Christian,Michelle Weaver
PED,Christian Clay,John Buck,Tanya Leon,Megan Cameron,Ashley Hill,Mr. David Gilmore,Nicholas Smith,Brittany Stone,Jennifer Kelley,Dan Edwards,Natalie Flowers,Samantha Ramirez
CS,Miguel Gonzalez,Daniel Huynh,Jaime Cunningham,Christopher Smith,Jeremy Farmer,Natalie Trujillo,Brenda Lucero,Jamie Mason,Allison Hall,Emily Saunders,Kimberly Mcclain,Charles Sanders
CCSP,Robert Erickson,Susan Smith,Katelyn Mckinney,Breanna Hurley,David Rogers,Susan Atkins,Sherry Petersen,Sandy Woods,Kevin Vazquez,David Ortega,Eric May,Courtney Robinson
TWS,Kimberly Meyer,Mark Baker,Aaron Rogers,Emily Walker,John Joyce,Dave Macdonald,Mathew Adams,Brittany Chavez,George Banks,Rebecca Ochoa,Craig Black,Timothy Walton
HSG,Patricia Lopez,Philip Brown,Jesse Roberts,Austin Wood,Kenneth Martin,Anita Spencer,Jonathan Perez,David Hill,Danielle Serrano,Michael Becker PhD,Dr. Connie Sweeney,Lisa Reed
PED,Heather Hubbard,Mark Hunt,Peter Harris,Veronica Benson DVM,Stephanie English,Daniel Pham,Cassandra Tucker,Gabrielle Johnson,Mindy Padilla,Scott Robles,Aimee Hardy,Jill Ward
CCSP,Ryan Smith,Olivia Copeland,Lisa Haas,Peggy Pratt,Erica Woods,Nicole Dixon,Michelle Vargas,Glen Brooks,Justin Bishop,Jennifer Cline,Robin Lopez,Christina Freeman
PED,Nancy George,Michelle Morris,Renee Hopkins,Jeffrey Edwards,Brandy Reese,John Williams,Sherri Terry,Julie Powers,Jennifer Martinez,Cheryl Martinez,Beth Anderson,Michael Strong
TWS,Melanie Jenkins,Shannon Rivera,Bradley Haley,Courtney Mills,Taylor Moore,Christopher Jackson,Katie Wiley,Phillip Johnson,Emily Hall,Jose Allen,Amanda Clayton,Terry Perez
TWS,Evelyn Smith,Alexis Palmer,Lisa Martinez,Cody Turner,Jeffrey Wiggins,Ms. Lisa Stein MD,Kendra Houston,Becky Douglas,Emily Walters,Nicole Johnson,Tony Nicholson,Jason Henderson
CCSP,William Freeman,Justin Walton,Valerie Williams,Tony Allen,Kathleen Rodriguez,Jeremy Klein,James King,Jessica Sherman,Brittney Anderson,Barry Johnson,Denise White,Julie Brooks
CCSP,Alicia Sharp,Nicole Gray,Destiny Stuart,Jennifer Hernandez,Jason Rubio,Kyle Webster,Robert Mckenzie,Jacob Gallegos,Robin Brown,Gabriel Russo,Gary Gray,Devon Davis
CCSP,Andrew Johnson,Donna Taylor,Scott Smith,Alexander Adams,Lee Blake,Rachel Shaw,William Barker,Scott Eaton,Jason Johnson,Mrs. Terri Fox,Samuel Jenkins,Michael Munoz
CCSP,Mr. David Berry,Jeff Beard,Michael Barrett,Michael Johnston,Barbara Miller,Elizabeth Bowen,Jeffrey Roberts,James West,Brenda Huffman,Vanessa Villarreal,Emily Richards,Mr. Michael Colon
FWS,Thomas Peterson,Julie Roberts,Andre Stewart,Katherine Wilson,Christine Sparks,Andrea Harris,Anne Graves,Bethany Rodriguez,John Villa,Loretta Gamble,William Russell,Joseph Jennings
CCSP,Jessica Torres,Amy Sandoval,James Baker,Rebecca Warren,Jasmine Smith,Leslie Hicks,Amy Reyes,Erin Allen,Brian Freeman,Patty Warren,Nathaniel Crawford,Gary Mendez
CCSP,Melissa Watson,Karen Baker,Blake Garza,Brenda Moss,John Brooks,Adam Gonzalez,Mallory Anderson,Michael Clark,Jennifer Young,Sandra Clark,Megan Jackson,Angela Gibbs
PED,Timothy Smith,Justin Bruce,David Robinson,Charles Tyler,Jessica Watts,Kayla Bennett,Victor Thomas,Tina Johnson,Elizabeth Curtis,Natalie Andrews MD,Mr. Daniel Wilkinson MD,Dustin Gardner
HSG,Ricky Strickland,Renee Booker MD,Marcus Mathews,Tiffany Martin,George Hill,Julia Silva,Samantha Frazier,Kimberly Callahan,Angela Massey,Bradley Cherry,Teresa Medina,Ryan Torres
TWS,Damon Jones,Amanda Ward,Sheri Lozano DDS,Kimberly White,David Gonzalez,Elizabeth Horton,Diane Walker,Rebecca Thomas,Jon Woods,Rodney Brown,Alicia Schmidt,Brenda Campbell
HSG,Joshua King,Elizabeth Foster,Crystal Johnson,Stephanie Hall,Catherine Carter MD,Samantha Robbins,Nicholas Gonzalez,Joshua Carr,David Baldwin,Chase Fleming,Brittany Taylor,Shelia Higgins
FWS,Frederick Bryant,Tyler Frazier,Theodore Walker,Suzanne Newman,Nicholas Kidd,Jason Williams,John Clark,Michael Jones,Brent Patrick,Barbara Humphrey,Kaitlyn Walton,Lisa Harris
TWS,Jennifer Bailey,Sandra Ross,Jose Price,Gabrielle Garcia,Miguel Bailey,Lisa Powell,Keith Trujillo,Olivia Wheeler,Anthony Johnson,Amanda Gilbert,Jill Moreno,Robert Lambert
TWS,Michael Garcia,Rebecca Wright,Randy Dixon,Stephanie Parks,Martha Dunn,James Chapman,Brooke Clark,Jon Elliott,Jennifer Banks,Isaac Johnson,Mrs. Caroline Bailey,Victoria Clark
HSG,Joseph Patel,Julie Medina,Sarah Castro,Miranda Knapp,Katherine Espinoza,Janice Cook,David Shah,Marcus Potter,Susan Collins,Keith Davenport,Jeremy Green,Antonio Michael
PED,Jonathan Lara,Anthony White,Lisa Clark,Lonnie Roberts,Meghan Wheeler,Kristina Murphy PhD,Sandra Myers,Charles Cortez,Matthew Espinoza,Kevin Ferguson,Laura Oconnell,Vanessa Cox
HSG,Lisa Costa,Annette Kelley,Kevin Smith,James Buchanan,Jacob Crawford,Doris Matthews,Cynthia Gomez,Raymond Molina,Alexander Bowers,Dr. Charles Powell,Brooke Martinez,Bridget Zuniga
TWS,Luis Jones,Susan George,Lynn Rose,Chad Mason,Samantha Thornton,Tim Wright,Nicole Brennan,Donna Watkins,Joshua Knight,Leslie Benjamin,Nathaniel Salazar,Joseph Allen
TWS,Gabriel Burgess,Samantha Hall,Savannah Garrison,Deborah Martinez,Angie Miller,Adrienne Parker,Michele Hunter,Dawn Quinn,Debbie Hooper,Beth Gibson,John Williams,Stephanie Espinoza
PED,Robert Ramirez,Sharon Pierce,Justin Mendez,Scott Pollard,David Rodriguez,Belinda Butler MD,Victoria Jones MD,Andrew Powell,Kathy Brown,Jennifer Morris MD,Thomas Long,Ann Murray
TWS,Frank Gordon,Matthew Henry,Zachary Singh,Jennifer Pierce,Joshua Cordova,Jordan Gardner,Nichole Smith,Christy Burgess,Eric Cruz,Joe Obrien,Matthew Alexander,David Harris
TWS,Maria Rivera,Tony Evans,Brenda Hernandez,Alicia Liu,Thomas Taylor,Lindsay Knox,Mariah Marshall,Mikayla Hall,Gloria Perry,Haley Mills,Sydney Lewis,Paul Andrade
TWS,Steve Nelson,Kerry Leblanc,Ashley Castaneda,Julie Kelly,Teresa Reyes,Jasmine Liu,Justin Rodriguez,Caitlin Wallace,Jessica Davis,Matthew Peters,Kimberly Craig,Dawn Wallace
CCSP,Rick Mitchell,Kelly Alvarado,Steven Kim,Paul Spence,Sherry Phillips,Nathan Simon,Kaylee Burns MD,Tracey Sims,Andre Gilbert,Nancy Holmes,Kevin Clark,Sean Parker
CS,Robert Brooks,Jeremy Ramos,Jennifer King,Kathryn Lawson,Melissa Freeman,John Brown,Jonathan Green,Mr. Connor Hughes Jr.,Dawn Burke,Bethany Ward,Courtney Miller,Jennifer Elliott
FWS,Kenneth Riley,Rebecca Oconnell,Laura Miller,Alexander Griffin,Elizabeth West,Samantha Smith,Tiffany Quinn,Carolyn Wise,Timothy Hunt,George Strickland III,Susan Martinez,Brooke Fuller
FWS,Peter Hernandez,Jennifer Gray,Michael Wilson,Ms. Colleen Hudson,Jennifer Colon,Ashley Padilla,Angela Aguilar,Bradley Schmidt,Philip Sparks,Michelle Alvarez,Marc Clark,Joseph Singh
FWS,Mark Owens,Matthew Grant,Dr. Dawn York,Michelle Banks,Brianna Ortiz,Dustin Bell,Anne Richard,Maria Richardson,Sabrina Horne,Frank Taylor,Maria Shelton,Oscar Barton
HSG,Monica Burns,William Jackson,Sharon Hudson,William Hensley,Lisa Moreno,Mary Sherman,Larry Reyes,Jessica Oliver,Katherine Bennett,Chris Johnston,Bradley Hill,Amanda Gutierrez
INFR,Shawna Chapman,Ryan Rasmussen DVM,Tyler Mclean,Matthew Hill,Ryan Davis,Christopher Mason,Jeffrey Fleming,Charles Stone,Lisa Hayes,Michael Rivas,Derrick Jennings,Stephanie Ashley
TWS,Brianna Taylor,Deanna Russell,Dana Gomez,Mrs. Cathy Burnett MD,Allison Martinez DDS,Terry Woodward,Christopher Green,Michael Meyer,Sue Gonzalez,Michael Stevens,David Walker,Erin Davis
CCSP,David Jacobs,Cody Olsen,Marvin Yang,Margaret Aguilar,Austin Torres,Isaiah Smith,Katherine Rice,Laura Jones,Barbara Neal,Rebecca Ramos,Edward Zavala,Micheal Allen
TWS,Matthew Thompson,Veronica Chaney,Shawn Edwards,Rebecca Parker,Maria Bradford,Richard Thompson,Danny Alvarado,Katherine Shaw,David Nash,Michele Caldwell,Whitney Wilcox,Henry Roberts
FWS,Megan Moran,Sherry Bell,Ashley Short,Wendy Phelps,Jessica Keller,James Mcintyre,Paul Anderson,Curtis Smith,Benjamin Moon,Timothy Kaufman,Brian Dillon,Katherine Ellis
HSG,James Church,Jonathan Brady,Ana Roberts,Stephanie Davis,Mr. Benjamin Nash Jr.,James Jones,Michael Diaz,James Lewis,Angela Wilson,Richard Fox,Sharon Anderson,Karen Pope
HSG,Andre Lloyd,Carolyn Baker,Noah Greer,Phillip Adams,Terri Martinez,Mary Scott,Marie Lamb,Kristopher Faulkner,James Simmons,Nicole Young,James Cruz,Dr. William Leach DDS
CS,Alicia Petersen,Joshua Cole,Rebecca Ramirez,Kimberly Murray,Madison Owens,Kathy Stewart,Raymond Kim,Julie Lamb,David Steele,Brendan Roman,Scott Livingston,Carol Hess
CCSP,Joel Wood,Debbie Kirby,Jared Bush,Betty Obrien,Karen Foster,Paul Martin,Linda Padilla,Leslie Morris,Courtney Higgins,Eric Smith,Kenneth Wright,Andrew Hall
PED,Anna Duncan,Jared Kim,Jason Washington,Patrick Gordon,Jeffrey Coleman,Jacob Mitchell,Erik Johnson,Deborah Brown,Danielle Merritt,Stephanie Davis,Kaitlyn Daugherty,Michael Snow
CS,Kristen Keller,Amanda Lane,Michael Glenn,Jacqueline Reeves,Rachel Bailey,Chelsea Mercado,Ryan Baker,Brooke Decker,Melissa Howell,Tina Brandt,Jonathan Colon,Leon Moreno
CCSP,Tina White,Rebecca Garcia,Darrell Ward,Brandon Holloway,Tara Palmer,Michael Peterson,Garrett Johnson II,Nicholas Rodriguez,Marissa Adams,Peter Mcgee,Angela Wheeler,Christopher Sexton
FWS,Erik Coffey,Scott Adams,Robert Howard,Joshua Estrada,Peter Miller,Kevin Williams,Joseph Williams,Ryan Harris,Jacob York,Mark Bullock,Aaron Dodson,Gerald Ross
FWS,Sarah Chavez,Kristin Sullivan,Michael Flores,Miss Nicole Jackson DDS,Steven Boyd,William Thompson,Tamara Dixon DDS,Lauren King,Jonathon Clark,Gregory Perry,Judy Barnes,Anthony Reid
HSG,Daniel Williams,Hunter Trujillo,Janice Ortiz,Rebecca Campbell,Linda Adams,Pamela Odonnell,Penny Long,Barbara Tyler,Rachel Williams,Samantha Daniels,Joshua Warren,Laura Manning
CS,Taylor Fisher,Jessica Matthews,Mariah Ho,Carlos Horn,Valerie Franklin,Christine Bell,Brent Lee,John Sanders,David Johnson,Madison Harrison,Christina Thompson,Corey Hardy
PED,Jasmin Colon,Kyle Smith,Sean Ford,Samuel Webb,Lynn Nguyen,Charles Sawyer,James Jones,Brady Ortiz,Susan Wilson,Amanda Thompson,Cynthia Kelly,Ethan Cox
TWS,Mrs. Amanda Davis,Lauren Macdonald,Jeremy Mccoy,William Mejia,Cynthia Knight,Katie Case,Samantha Hughes,Jessica Williams,Cheryl Hamilton,Samuel Allen,Heather Chavez,Danielle Obrien
CS,Brenda Travis,Michael Thompson,Benjamin Garner,Alexandra Wood,Jonathan Blake,Anthony Alexander,Christopher Miller,Jim Valenzuela,Ashley Moore,Emily Wagner,John Jones,Casey Whitehead
CCSP,Bradley Mccarthy,James Henderson,Gerald Cook,Andrew Davis,Tim Walsh,Michael Pacheco,Kelly Gardner,Justin Young,Kimberly James,James Yoder,Linda Barnes,Jose Hawkins
TWS,John Gibbs,David Young,Amanda Mcgrath,Lauren Graham,Brandon Potter,Jennifer Brown,Judy Ferguson,Cody Moyer,Erika Miller,Valerie Pierce,Dr. Anthony Kaiser Jr.,Cynthia Copeland
CS,Laura Prince,Amy Shaw,Denise Robbins,Dr. Richard Adams,Kimberly Cooper,Brian Mccarthy,Shane Bennett,Richard Bradley,Lindsey Jordan,Jason Davis,James Park,Michael Figueroa
TWS,William Cobb,Shannon Delacruz,Roy Estrada,Kimberly French,David Stewart,Johnathan Wilson,Joshua Gross,Ashley Malone,Tyler Herman,Melanie Caldwell,Mary Washington,Darin Aguirre
CCSP,Brandon Garcia Jr.,Jonathan Parker,Seth Nielsen,Rhonda Kelly,Elizabeth Morrison,Lindsay Cooper,Valerie Ramirez,Wendy Hopkins,Maxwell Graham,Natalie Savage,James Owens,Jose Carlson
HSG,Brenda Sheppard,Matthew Wilson,Julie Jones,Rebecca Smith,Marie Ramirez,John Gardner,Brandi Richard,Stephanie Clayton,George James,Kelly Perez,Mary Russell,James Johnson
TWS,Jessica Frank,John Johnson,Patrick Johnston,Christopher Young,Jennifer Crawford,Mrs. Andrea Wilcox,Rebecca Klein,Mandy Juarez,Michelle Case,Courtney Morse,Terry Thornton,Chris Edwards
PED,Shane Martin,Chad Miller,Jeffery Calhoun,Daniel Murray,Terri Stephens,Alexa Dean,Shawn Tapia,Anthony Vega,Dennis Stuart,Tiffany Davis,Michelle Martin,Brenda Cooper
TWS,Nicole Johnson,Charles Brandt,William Torres,Pamela Garcia,Jodi Carey,Bailey Carey,Cody Hess,Caleb Short,Christopher Rojas,Allison Marshall,Lori Carson,Colleen Mccarty
CCSP,Joshua Cantu DDS,Amy Kelly,Amanda Bridges,Andrew Williams,Tabitha Rodgers,John Hebert,Randall Young MD,Amber Weaver,Ruth Murphy,Kevin Anderson,Walter Moore,Kelly Williams
FWS,Amanda Chavez,Ashley Brewer,Barbara Hunter,Kevin Taylor,Albert Smith,Barbara Williams,Russell Delgado,Kayla Mercado,Ann Evans,Donna Williams,John Porter,Gary Escobar
TWS,Carl Marshall,David Richardson,Kari Mann,Shelly Weaver,Amy Ferguson,Christopher Williams,Pamela Faulkner,Steve Olson,Rebekah Frey MD,Lori Elliott,Shelby Graham,Mario Cantrell
HSG,Karen Forbes,Brandon Page,Vicki Meza,Tamara Mcdaniel,Tina Sanders,Nichole Powell,Tracey Jackson DVM,Donald Jones,Scott Barnett,Mrs. Julia Stephens MD,Eileen Coleman,Miss Cindy Hoover
CCSP,Chad Stevens,Kenneth Pollard,Margaret Garner,Tonya Moore,Zachary Jackson,Caleb Ford,Joshua Stewart,Darren Ward,Jason Stokes,Noah Jackson,Pamela Silva,William Ellis
CCSP,April Petersen,Marcia Pruitt,Nathaniel Wilkins,Brenda Moore,Debra Hanson,Amber Zimmerman,Joy Flores,Michael Gray,John Mendoza,Mark Franklin,Christopher Mayer,Donald Curtis
PED,Bethany Hill,Jason Leonard,Frances Acosta,Timothy Page,Deborah Holmes,Erin Smith,Karen Walters,Joanna Ferguson,Lori Brown,Kimberly Rogers,Stephanie Peterson,Vanessa Cross
CCSP,Kristine Perez DDS,Joshua Russell,Thomas Rose,Kyle Chandler,April Young,Randy Simpson,Todd Mcgrath,Linda Taylor,Donald Sims,Bryan Baldwin,Robert Bryant,Katherine Shaffer
CS,Alicia Smith,Antonio Morales,Michael Wolfe,Taylor Roman,Roberto King,Samuel Jones,Robert Lewis,Patricia Gallagher,Anthony Norris,Kelly Bryant,Joshua Rodriguez,Rachel Shelton
TWS,Wanda Hodges,Vanessa Pierce,Bradley Carroll,Stephanie Nelson,Lisa Hernandez,Christine Williams,Wayne Greer,Renee Rodriguez,Kathleen Terry,Tyler Brooks,Angela Doyle,Garrett Bowman
INFR,Cindy Moore,Christine Jacobs,Katherine Fernandez,Lisa Norris,Michael Morgan,Linda Rivera,Kimberly Andrews,Charles Hall,Christy Cooper,Matthew Thompson,Susan Ferrell,George Rhodes
FWS,Stephanie Smith,Andrew Johnson,Rebecca Mclean,Shannon Martin,Jose Schultz,Marc Nguyen,Samuel Allen,Kristen Hayes,Jason Hill,Corey Payne,Ryan Ramsey,Nicholas Vazquez
CCSP,Zachary Adkins,Kristina Davis,Matthew Garza,Helen Banks,Christopher Cox,James Owens IV,Tracy Anderson,Kelli Rangel,Nathan Henderson,Jessica Smith,Carlos Mccarthy,Jennifer Ayers
HSG,Noah Martinez,Deborah Clark,Brian Garcia,Vanessa Smith,Michael Grant,Cassandra Sandoval,Danielle Gordon,Kyle Berger,Benjamin Bryant,Jerry Nelson,Crystal Klein,Michael Garcia
HSG,Donna Anderson,Pamela Hale,Gregory Johnson,Ashley Benton,Frederick Fuentes,Tina Steele,Ronald Juarez,Lindsay Richardson,Sophia Salinas,Cassandra Bond,Hector Grimes,Lauren Gould
INFR,David Mclean,Theresa Ballard,Amy Stewart,Dana Barnes,Howard Pitts,Sara Webb,Angela Martin,Cheryl Welch,Steven Downs,Brian Lin,Heather Lewis,Katherine Owen
CCSP,Kathy Mcmahon,Lauren Murphy,Larry Clements,Sara Glover,Christopher Francis,Michelle Rose,Michael Wu,Sarah Yates,Laurie Soto,Carlos Alvarez,Bridget White,Kenneth Hoover
HSG,Alexandra Chen,Jamie Ellison,Tina Taylor,Michael Diaz,Ashley Fletcher,Amanda Gonzalez,Michael Garcia,Samantha Dixon,Collin Price,Nichole Hernandez,Cheryl Munoz,Ryan Warren
PED,Monica Miller,Monica Smith,Jessica Jacobs,Lydia Jones,Ashley Patton,Vincent Bennett,Jennifer Clark,Alison Rios,Matthew Gonzalez,Jennifer Lawrence,Nancy Parks,Brandon Bishop
TWS,Robert Russell,Laurie Joseph,Aaron Henderson,Brittany Gomez,William Green,Melissa Jones,Michael Rodriguez,Christine Bates,Charles Kirby,Samuel Mosley,Nancy Duncan,Jennifer Day
TWS,Ashley White,Miguel Nichols,Stephanie Patton,Justin Gutierrez,Jesus Blackburn,Randy Davis,Brian Bates,Autumn Andrews,Susan Young,Brandon Medina,James Johnson,Steven Bauer
PED,Kristina Garcia,Christine Taylor,Ashley Allen,Terri Carter,Susan Fisher,Felicia Cook,Brandon Cervantes,Jeanne Thomas,Jamie Griffin,Ryan Patel,Javier Alexander,Catherine Norris
CCSP,Krystal Buck,Joshua Morris,Sandra Mccall DVM,Meagan Odom,Jessica Myers,Ashley Mcdonald,Richard Weaver,Russell Young,Alicia Diaz,Adam Taylor,Debra Weeks,Marilyn Monroe
PED,Mark Tucker,Kimberly Baxter,Greg Graves,Steven Nolan,Shirley Taylor,Gerald Nichols,Antonio Johns,Thomas Hernandez,Ashley Clark,Glenn Taylor,Melinda Boyer,Laurie Wright
CCSP,Angela Douglas,Jacob Mercado,Stephanie Barber,Ashley Garrett,Glenn Hood,Kenneth Smith,Hannah Martin,Chelsey Knight,Laura Williams,Maxwell Jones,Andrew Miller,Lisa Perry
PED,Kevin Simmons,Erica Davis,Brandi Richardson,James Medina,Kimberly Hicks,Jacqueline Walker,Mrs. Lisa Bird,Amanda Garner,Frank Robinson,Christopher Copeland,Kenneth Hansen,Jared Tucker
TWS,William Miller,Mrs. Tara Williams,Joseph Rios,Catherine Ortiz,Tina Downs,Brittany Clark,Jack Ross,Brian Gill,Samantha Robinson,Jennifer Morrow,James Hall,Michael Harrison
TWS,Brooke Roberts,Amy Villanueva,Stephanie Jordan,Christina Schmidt,Mark Foster,Steven Hampton,Amy Lewis,Anita Young,Natalie Weber,Vanessa Ochoa,Brent Phillips,Shelly Gibbs
CS,Margaret Wang,Melissa Finley,Amy Wagner,Madeline Owens,Colin Thompson,Christopher Tapia,Jeremy Randolph,Kimberly King,Jennifer Hayes,Kathy Parsons,William French,Brian Robinson DDS
CS,Mary Powers,William Taylor,Bradley Ferguson DDS,Clayton Wilkins,Misty Booker,Heather Smith,Kenneth Howard,Lauren Braun,April Perez,Susan White,David Mclaughlin,Ryan Ferguson
FWS,Peter Sanchez,Kelly Gutierrez,Laura Romero,Todd Ortiz,Laura Lee,Melissa Rosario,John Woods,Karen Walker,Maria Strong,Sara Booth,Teresa Fox,Shane Figueroa
CS,Mr. James Arellano,Mike Cunningham,Bradley Jones,Bailey Hill,Robert George,Tyler Hart,Matthew Harvey,Anthony Simpson,Michelle Murphy,Bryan Young,Casey Robbins,Nicole Harrington
PED,Amy Baxter,Susan Wilson,Kyle Welch,Robert Smith,Dr. Kaitlyn Black,Mark Griffin,Karen Hanna,Ms. Eileen Chapman,Wendy Lawson,Miranda Watson,Steven Sanchez,Brian Johnson
INFR,Allen Bush,Taylor Dawson,Thomas Romero,Lisa Daugherty,Louis Brown,Shelby Carlson,Michael Jones,Shane Taylor,Lisa Diaz,Robert Cox,Rhonda Reed,Kaitlin Horton
PED,Kimberly Suarez,Sandra Young,Lisa Villa,Rachel Norman,Tristan Schultz,Dr. Sandra Gregory DDS,Joseph Martinez,John Harris,Daniel Spencer,Jacob Perry,Kyle Henderson,Todd Harris
TWS,John Thomas,Carol Hubbard,Olivia Alvarado MD,Joshua Anderson,Eric Contreras,Janice Love,Tracy Arias,Elizabeth Shields,Sarah Clark,Edward Haas,Stacy Mueller,Amber Clark
CS,Kimberly Morgan DVM,Benjamin Howard,Stephen Smith,Albert Hays,Brenda Webster,Alison Ramsey,Sarah Schwartz,Jennifer Ramirez,Zachary Howard,Jessica Kelly,Michael Robbins,Anthony Pugh
CS,James Cuevas,Felicia Rivers,James Vega,Brooke Jensen,Elizabeth Shelton,Andrew Sanchez,Erik Casey,Kristin Robles,Michelle Mays,Adam Armstrong,Amber Atkins,Vicki Mcintyre
TWS,Shelley Dixon,Michael Cooper,Christian Steele,Amy Garner,Carol Stephens,James Cole,Rebecca Wright,Dr. Taylor Stewart,Gregory Smith,Haley Brown,Cody Shields,Hannah Allen
TWS,Katie Huber,Tamara Parsons,Gregory Johnson,Nicholas Page,Renee Perez,Tiffany Jones,Jordan Bush,Bruce Mcintosh,John Parsons,Andrew Morse,Cassandra Ford,Patrick Williams
ARCH,Jacqueline Lynch,Jacob Sawyer,Jeffery Murphy,Christina Flores,Brenda Yang,Garrett Vazquez,Jacob Nguyen,Chelsea Holmes,Anthony Foster,Bridget Washington,Christine James,Sheila Harris
CCSP,Sonya Burke,Stephanie Ritter,Frances Jones,Holly Watson,Taylor Perkins,Kelly Keller,Candice Ashley,Michele Herman,Scott Flores,Margaret Parker,Richard Gallagher,Charles Bond
PED,Ian Richards,Richard King,Mark Buchanan,Christina Douglas,Robert Turner,Barbara Robinson,Rick Yoder,Charles Rodriguez,William Richardson,Brooke Pierce,Jimmy Lloyd,Timothy Bowen MD
TWS,Jordan Conley,David Davis,Bailey Miller,Kim Weaver,Troy Reeves,Kimberly Sanchez,Shaun Martin,Randy Martinez,Mr. Bruce Vaughn MD,Jonathan Brock,William Harris,Connie Tran
PED,Malik Santiago,Christopher Kim,Matthew Gonzalez,Victor Skinner,David Delgado,Adam Perez,Rebecca Moore,Adam Roth,Rachel Smith,Drew Olsen,Francisco Parker,Corey Barnes
HSG,Nicole Myers,Stephanie Cisneros,Joseph Jimenez,Edward Clark,Duane Gray Jr.,Steve Ritter,Fred Wilson,Cynthia Martinez,Miss Jessica Carr,Nicole Hammond,Austin Stevens,Joseph Evans
TWS,Matthew Bush,Thomas Oneill,Victoria Richardson,Amber Wells,Sherry Walsh,James Sullivan,George Harvey,Christopher Rangel MD,Kurt Maldonado,Oscar Garner,Paul Whitaker,Ronald Carroll
CCSP,Diane Reid,Ronald Carlson,Willie Conrad,Tiffany Brooks,Daniel Schmidt,Jermaine Moore,Kayla Chambers,Brooke Sullivan,Chris Williams,Melissa Webb,Connie Delgado,Matthew Wilson
CCSP,Kevin Kerr,James Davis,Kimberly Rogers,Kevin Huynh,Ms. Patricia Acevedo DDS,Amanda Bowman,Christopher Butler,David Larsen,Hunter Miller,Joel Jacobs,Melissa Ortiz MD,James Miller
PED,Diamond Glenn,Steven Stevens,Lori Johnson,Barbara Molina,Molly Brown,Jessica Davis,Michael Morgan,Gina Johnson,Becky Ramirez,Carrie Becker,Cynthia Smith,Melissa Taylor
FWS,Jennifer Wallace,Alexander Cook,Amy Craig,Jaime Franklin,David Simon,Carl Bridges,Sean Baker,Ms. Nancy Rivera,Ruth Harrell,Victoria Elliott,Christopher Walker,Rebecca Edwards
CCSP,Ashley Smith,Brandy Jones,Jonathan Miller,Brandon Day,Tony Baker,Karen Ashley,Diane Phillips,David Miller,Philip Williams,Jeremy Newman,Anthony Bush,Michael Myers
PED,Amy Taylor,Carrie Lucas,Jeremy Garcia,Jonathan Thompson,Jacqueline Leon,Carla Dalton,Jack Camacho,Kenneth Owens,Victoria Carlson,Felicia Mitchell,Bill Sellers,Joshua Contreras
FWS,Taylor Vazquez,Amber Deleon,Rebecca Dunn,Natasha Johnson,Renee Smith,Steve Mata,Stacey Steele,Kevin Murphy,Miss Susan Santos,Daniel Molina,Timothy Mccoy,Daniel Williamson
CCSP,Michael Wilson,Lisa Shepherd,Carolyn Cox,Mr. Daniel Smith MD,Brian Conley,Christopher Baker,Danielle Barton,Ashley Hamilton,Jennifer Bentley,Monique Curry,Jaime Jackson,Earl Burgess
CS,Jamie Henry,Lauren Welch,Tracy Young,Christopher Rodriguez,James Cobb,Shawn Rodgers,Frank Molina,Victor Orozco,Peggy Roberts,Patrick Ferguson,Samantha White,Elizabeth Williams
TWS,Brian Benson,Dr. Jasmine Knight,Christine Williams,Travis Brown,Katherine Taylor,Kelly Sullivan,Krystal Adams,James Wright,James Hester,Elizabeth Francis,Deanna Shaw,Robert Thompson
HSG,Megan Mcintosh,William Santiago,Haley Garcia,Cheryl Gross,Alexander Jacobs,Benjamin Young,Stefanie Whitehead,Emily Price,Emily Baxter,Samantha Hayes,Isabel Wallace,Michelle Cordova
INFR,Charles Page,Melissa Wallace,Crystal Bennett,Jason May,Lawrence Quinn,Grant Castillo MD,Albert Garner,Andrew Dean,Amy Goodwin,Luke Reynolds,Barbara Smith,Ryan Estes
TWS,Roy Cole,Victoria Rose,Melissa Gomez,Amy Frazier,Angelica Lopez,Lindsey Carpenter MD,Jesus Mckee,Henry Taylor,Robert Rodriguez,Jessica Dalton,Cassandra Cook,Miss Melissa Landry
CCSP,Steven Saunders,Jacqueline Knight,Amanda Phillips,William Taylor,Nicole Kelly,Matthew Vincent,Krystal Fisher,Vanessa Ritter,Anthony Kelly,Robert Kirby,Kyle Pineda,Guy Johnson
CCSP,Jessica Taylor,Jack Medina,Kristie Newman,Cory Walker,Jose Arnold,Kristina Gonzalez,Laura Richards,Alyssa Johnson,Gary Pineda,Dakota Saunders,Danielle Rivera,Adrienne Colon
CS,Alicia Becker,Linda Wright,Edward Gibson,Kristin Anderson,Katherine Hall,Tammy Hernandez,Timothy Porter,Martin Friedman,Jessica Reese,Ryan Warren,Daniel Steele,Bobby Reed
TWS,Sean Wood,Kathy Calhoun,David Meyer,Sandra Kramer,Melissa Macdonald,Danielle Perez,Sergio Diaz,Cole Whitehead,Donna Phillips DDS,Hannah Pugh,Tracy Hammond,Luis Sims
CS,Martha Martinez,Wendy Martinez,Rebecca Garcia,Robert Oconnor,Dustin Eaton,Sarah Burgess,Kathryn Peterson,Kathryn Newton,Robin Mcdonald,John Fuentes,Juan Peterson,Jason Reed
PED,Charles Harper,Casey Ayala,Patricia Pierce,Cheryl Page,Thomas Ramirez,Randy Gordon,Patricia Jensen,Veronica Martinez,William Watson,Hunter Harris,Justin Jennings,Lisa Dean
ARCH,Ann Mcguire,Savannah Avila,Gregory Martin,Jamie Curtis,Amanda Walton,Alexander Montoya,Mark Smith,Steven Rios,Jasmine Wu,Jill Beasley,Tammy Martinez,Ryan Larsen
CCSP,Brent Patterson,Amy Hughes,Bradley Bartlett,Susan Brown,Robert Lopez,Alan Gray,Lisa Taylor,David Coleman,Dr. Mary Aguirre DDS,Evan Jones,Terry Powell,Vincent Ball
FWS,Allison Jenkins,Kathryn Long,Corey Brewer,Janice Johnson,Crystal Roth,Adam Garcia,Morgan Maldonado,James Lamb,Charles Garza,Monique Logan,Katherine Bradley,Rhonda White
TWS,Susan Dunlap,Michael Torres,Tamara Campbell,Hayley Herman,Jose Wright,Felicia Reed,Lisa Smith,Heather Willis,Jesus Wells,James Stevens,Harry Miller,Linda Ryan
CCSP,John Williams,Sheena Miller,Jennifer Hoffman,Amanda Vaughn,Craig Miller,Anthony Berry,Patrick Johnson,Andrew Stone,Michael Moore,Tyler Braun MD,Joshua Watts,Erin Rogers
HSG,Taylor Nelson,Michelle Sweeney,Brittney Rodriguez,Jeffrey Hansen,Robin Thornton,Nicholas Newman,Steven Campbell,Elizabeth Delgado,James Scott,Thomas Douglas,Adam Ramos,Shane Hall
CS,Cindy Johnson,Denise Keith,Alexandria Hernandez,Kathryn Pugh,Adrienne Moore,Carlos Lopez,Monica Montgomery,Joshua Walker,Derek Terrell,Walter George,Karen Hubbard,Anna Perez
FWS,Virginia Walsh,Daniel Duncan,Julie Barton,Ruth Turner,Erik Herrera,Brittany Valdez,Anna Owens,Mitchell Cooper,April Baker,John Koch,Monica Bailey,David Murray
FWS,Trevor Bradford,Dr. Tina Johnson,Jennifer Sexton,Benjamin Hansen,Mark Guzman,Alicia Evans,Brian Martinez,Walter Obrien,Jason Gutierrez,Christopher Wood,Kristine Murray,Julia Wolf
CCSP,William Simmons,Joshua Bailey,Jason Weeks,Chad Hopkins,Russell Shepard,Kevin Moore,Jacob Mccarthy,Shane Stanley,Brian Pineda,Karen Wall,Darius Henderson,Joseph Norris
PED,Joseph Mayo,Emily Warren,Joseph Sanchez,Nathan Walsh,Christine Henry,David Nielsen,Melissa Hughes,Doris Moody,Donna Cervantes,David Stewart,Jacob Wilson,Lorraine Cantu
HSG,Kayla Walker,Sabrina Schroeder,Jessica Hernandez,Steven King,Cheryl Turner,Christopher Adkins,Steven Meyers,Pamela Johnson,Pam Garza,David Kline,Emma Park,Christopher Delgado
CCSP,Steven Clay,Anna Weaver,Thomas Perez,Kendra Thompson,Evelyn Wheeler,Ian Callahan,Linda Garza,Angel Newman,Tammy White,Thomas Brooks,Nicholas Wood,Joseph Hensley
CCSP,John Bartlett,Richard Park,Victoria Norman,Paula Hogan,Amanda Davies,Kathryn Martinez,Kayla Rodriguez,Sarah Thomas,Brian Gibson,Autumn Orr,Willie Jones,Katherine Pruitt
TWS,Anita Perez,John Flores,Ashley Barrera,Shawn Montgomery,Brittany Williams,Carlos Castillo,Kimberly Green,Ann Long,Crystal Jacobs,Tammy Porter,Erica Nelson,Alicia Lee
HSG,Brenda Wolf,Sandy Charles,Heather Owens,Lisa Clark,Martin Holloway,Jason Johnson,Michael Carter,Matthew Patterson,Robert Fitzgerald,Erin Owens,Tanner Green,Jaime Hines
PED,Samuel Long,Douglas Anderson,John Stein,Marcus Davidson,Michael Oconnor,Linda Williams,Justin Thomas,Robert Turner,Theodore Bush,Andrew Kelley,Roger Miller,Philip Gibbs
CS,Joshua Ashley,William Morales,Melissa Clay,Alicia White,Daniel Phillips,Mary Gonzalez,Chelsey Huynh,Mary Morales,Carol Johnson,Casey Ford,Amy Barajas,Brent Smith
CS,Rebecca King,Justin Oliver,Jocelyn Martin,Kyle Henderson,Lee Lara,Carrie Mckee,Laura Gomez,Peggy Moore,Jonathan Nguyen,Daniel Solis,Benjamin Miller,Kimberly Edwards
ARCH,Ryan Bennett,Michelle Smith,Christina Salinas,Phillip Cunningham,Renee Sutton,Wendy Franklin,Michael Williams,Kathy Anderson,Christopher Lee,Dean Swanson,Michael Flynn,Sara Burton
TWS,David Wood,Tracy Chase,Cameron Duncan,James Stewart,Adam Wright,Edwin Martinez,Patricia Smith,Karen Thomas,Garrett Foley,Jonathan Carney,Carlos Burns Jr.,Lauren Mitchell
TWS,Kara Castillo,Jacob Williams,Alicia Trujillo,Erika Stephenson,Marco Gomez,Cody Gamble,Brandon Jackson,Philip Strong DDS,Brian Wallace,William Gutierrez,Jessica Daniel,John Thompson
HSG,Traci Walker,Aaron Simon,Joseph Castillo,Joel Sanchez,Dawn Lawson,Andre Murphy,William Mcdaniel,Sonya Ellis,Anthony Ford,Katherine Mccarthy,Sharon Kerr,Kathleen French
INFR,Michael Pena,Eduardo Arroyo,Fernando Allen,Dr. Kelly Price,Lee Dunlap,Barbara Riley,Mark Jenkins,Leah Espinoza,Jessica Clements DVM,Gail Garrett,Virginia Taylor,Kimberly Dennis
HSG,Marc Zamora,Christina Bradley MD,Donna French,Joe Kennedy,Erik Harris,Sarah Mann,Matthew Madden,Dawn Bradley,Curtis Lee,Bobby Romero,Thomas Stuart,Todd Johnson
TWS,Gabriella Lopez,Martin Cook,Amy Wood,Leroy Benson,Laura Kim,Gregory Davis,Theresa Morrison,John Martin,Mark Davis,Andrew Clark,Michael Stewart,Mr. Nathan Stanley
TWS,Olivia Benjamin,David Mitchell,Denise Evans,Corey Nash,Derrick Nichols,Catherine Park,Devin Norris,Abigail Bradley,Kimberly Lane,Jessica Bowen,Monica Lee,Gwendolyn Figueroa
TWS,Joshua Shah,Rhonda Murillo,Adam Robinson,Amanda Brown,Gabriel Gillespie,Amanda Flores,Jeffrey Collins IV,Dillon Howard,Ruth Osborne,Patrick Williams,Jeffery Yates,Emily Hawkins
CS,Kelly Wallace,Rebecca Clark,Cory Lopez,Christy Collins,Natalie Mccoy,Robert Hansen,Pamela Lawson,Michael Conner,Jacob Brown,Valerie Mcdonald,Patricia Reid,Eric Robinson
TWS,Roger Robbins,Maria Kennedy,Robert Todd,Rebecca Keller,Ryan Thomas,Travis Rosario,Andrew Tran,Kevin Garcia,John Webster,Larry Garcia,Joel Mccann,Troy Mcknight
FWS,Brian Galloway,Rodney Smith,Jonathan Hunt,Mrs. Madison Hunter,Linda Martin,Kim Rose,Anthony Hodge,James Fletcher,James Ponce,Kelly Reed,Sarah Fox,Alicia Taylor
TWS,Daniel Martinez,Angel Sharp,Kathleen Smith,Rose Beck,Travis Moore,Mr. William Diaz,Kristen Burnett,Kelly Atkins,Stacey Miranda,Samantha Williams,Michelle Brown,Kevin Steele
PED,Ashley Martin,Danielle Olson,Donna Thompson,Zachary Horne,Kenneth Huynh,Jill Green,Andrew Williams,Dale Torres,April Mckinney,George Mills,Shawn Oliver,Daniel Rivers
TWS,Jason Jordan,Tina Levy,James Contreras,Patrick Thompson,Jose Hall,Anthony Bowman,Tammy Collins,Jean Miller,Donald Silva,Mrs. Angela Hopkins,Michael Scott,Denise Murray
ARCH,Kylie Johnson,Jacqueline Nelson,Susan Collins,Evan Lane,Anna Pena,Mark Alvarez,Kyle Jimenez,Bryan Mccarthy,Maria Johnson,Nicole Carter,Jeffrey Ray,Carrie Moore
TWS,Timothy Woods,Ashley Pham,Todd Tran,Miss Erica Weaver,Brooke Guerra,Allison Lara,Christopher Joseph,Amy Williams,Emily Jones,Brenda Moore,Amanda Miranda,Thomas Nicholson
CS,Cynthia Avila,Mark Smith,Michael Parker,Matthew Fernandez,Ann Anderson,Tammy Jones,Karen Stark PhD,Sandra Le,Jessica Liu,Donna Stone,Michelle Williams,Karen Duncan
CS,Justin Bell,Dawn Baker,Robert Holmes,Kelly Nguyen,Alexandra Edwards,Jerry Butler,Danielle Clark,Emily Johns,Stephanie Downs,Erin Coleman,Patricia Petty,Frank Williams
TWS,Elizabeth Mckinney,Nicholas Bond,Frances Dudley,Christina Moore,Stephanie Smith,Robert Brown,Todd Holt,Paul Hogan,Angela Mcdonald,Marcus Lewis,Joseph Warren,Tara Smith
ARCH,Sean Parker,Gina Garcia,Sandra Williams,Virginia Stevenson,Adrian Webster,Melissa Webb,Brett Rodriguez,Stacey Jones,Sandra Gutierrez,Hannah Cole,Pamela Erickson,Kelly Frost
CS,Miguel Carroll,Brian Hudson,Ariel Peters MD,Amanda Terry,Katrina Stephens,Kristina Brown,Benjamin Wong,Andrew Chavez,John Martin,Mary Burch,Shawn Murphy,Timothy Hill
TWS,Herbert Navarro,Benjamin Wilson,Mary Simmons,Melissa Williams,William Dudley,Robert Parsons,Jessica Hughes,Jessica Fleming,Patrick Ramirez,Julie Reed,Gina Douglas,Mrs. Amy Mejia
PED,Tammie Duncan,Crystal Anderson,Steven Collier,Patrick Gonzalez,Samantha Munoz,Vanessa Simpson,James Stark,Lisa Vang,Robert Mayer,Julie Bird,Barbara Zuniga,Tammy Williams
TWS,David Pearson,Mrs. Felicia Bowers,Nicholas Hill,Connie Clark,Kenneth Chan,Christina Nelson,Bruce Osborn,Francisco Ramirez,Bryan Johns,Kevin Moss,Jerry Johnson,Lori Mills
PED,Jay Harris MD,Amber Benson,Sean Hendricks,Stephanie Scott,Austin Howard,Madison Hernandez,Kristen Duke,Ashley Moses,Ana Mack,Allison Robles,Michael Washington,Robert Anthony
INFR,David Watkins,Steven Roberts,Ashley Thompson,Gary Robinson V,Beverly Kaiser,Erica Allen,Miss Annette Richards,Jenna Black,Brian Woodward,Timothy Carter,Ricardo Ruiz,Angel Forbes
CCSP,Deanna Taylor,William Olsen,Angela Dyer,Julia Turner,Walter Strong,David Watson,Dr. Susan Stephens,Dean Ballard,Jessica Adams,Kyle Hampton,Shelby Rodriguez,Cody Ford
CCSP,Raymond Molina,Jason Moore,Mr. Kevin Trujillo,Anita Mitchell,John Wheeler,Dana Gonzalez,Christopher Johnson,Thomas Rivera,Julian Bartlett,Connie Bennett,Holly Palmer,Crystal Salazar
CCSP,Lisa Aguilar,James Avila,Jill Jensen,Jason Davis,Heather Donovan,Christina Robbins,Christine Greene,Ariel Hale,April Cortez,Benjamin Powers,Ana Scott,John Franklin
CCSP,Thomas Flores,Emily Klein,Kevin Brown,Paula Humphrey,Mr. David Cook PhD,Lynn Buchanan,Anne Norris,Peter Grant,Harold Moore,Jennifer Stevens,Gina Murphy,Thomas Holmes
TWS,Sean Lawrence,Cody Gross,Tamara Solis,Betty Williams,Patricia Jones,David Bryan,Travis Hurley,Tamara Garcia,Robert Flores,Daniel Small,Scott Berry,Holly Gallegos
CCSP,Beverly West,Victoria Morris,Cassie Davis,Melvin Solomon,Melissa Lin,Marcus Mitchell,Julie Johnson,Michelle Hendricks,Christopher Garcia,Lisa Castro,Cameron Morgan,Douglas Miranda
CCSP,Robert Martinez,Christopher King,Anthony Bradley,Shannon Morton,Taylor Olson,Miguel Williams,Roger Reynolds,Sandy Jackson,Dawn Williams,Jennifer Daniel,Charles Cantrell,Jonathan Barnett
HSG,Nicole Durham,Michael Sanders,Elizabeth Jackson,Joseph Bass,Michele Reese,Alex Romero,Mary Michael,Anna Clark,Kenneth Spence,Brenda Sanchez,Michelle Wright,Troy Tucker
TWS,Rodney Nelson,George Young,Robert York,Cathy Perry,Kayla Davis,Todd Boyd,Vanessa Page,Thomas Mckay,Samantha Price,Denise Rosario,Mrs. Kimberly Cabrera,Jessica Harris
PED,Elizabeth Salazar,Wayne Lopez,Lisa Henderson,Kathleen Lyons,Maria Hurst,Timothy Palmer,Robert Christian,Michael Gonzales,David Cantu,Margaret Booker,Jeremy Knox,Zachary Hale
HSG,Christine Mitchell,Deborah Rose,Arthur Mcguire,James Dunn,Timothy Ho,Sharon Zimmerman,Kristine Allen,Danielle Hunt,Brooke Gutierrez,Michael Monroe,John Wheeler,Laura Hines
CCSP,Derrick Pope,Heidi Quinn,Jennifer Rice,John Campbell,Yolanda Campbell,Kathleen Campbell,Sarah Evans,Cassandra Saunders,Corey Heath,Cole Ross,Jason Pacheco,Justin Horton
FWS,David Butler,Darrell Carlson,David Hendricks,Lisa Cook,Victoria Harrell,Caroline Finley,Veronica Colon,Leslie Vaughan,Donald Wood,Cheryl Patterson,Felicia Berry,Mr. Eric Taylor
TWS,Kathryn Mccoy,Lisa Jones,Seth Jimenez DVM,Richard Rodriguez,Kristina Dean,Paul Howard,Nicole Charles,Danielle Salazar,Barbara Thomas,Christina Rodriguez,Elizabeth Nielsen,Michael Lee
CCSP,James Kim,Stephanie Jackson,Stephanie Hammond,Heather Fischer,Dylan Long,Anthony Johnson,Ricky Bennett,Dana Parker,Kyle Williams,Loretta Novak,Mrs. Ashley Cook,Rebecca Cunningham
CCSP,Kevin Harris,Samantha Ali,Nicole Snyder,Tara Lucas,Pamela Barnes,Matthew Robertson,Anthony Smith,Kaylee Davis,Angela Castro,Austin Garcia,Alison Fisher,Samuel King
CS,Erica Levy,Justin Wilson,Joe Rivas,Christine Dunn,Kevin Jones,Jason Sandoval,Tracy Knox,Julie Green,Joshua Green,Carol Terrell,Debra Everett,Dylan King
CCSP,Alejandro Black,Jacob Gonzalez,Samantha Davis,Joseph Adams,Kenneth Harris,Tara Jordan,Kyle Marsh,Joseph Clark,Angela Rosales,Ashley Ramsey,David Baker,James Lawson
CCSP,Cristina Fritz,Andrea Carroll,Karla Smith,Anne Scott,Angel Hernandez,Lisa Mclaughlin,Jim Bennett,Laura Schroeder,Felicia Parker,Leah Patel,Mrs. Mariah Martin,Jacob Lewis
INFR,Kayla Dawson,Amy Turner,Jonathon Fox,Mindy Huber,Bianca Herrera,Heather Brooks,Kelly Mosley,Christopher Bass,Emily Mann,Gina Sloan,Eric Oconnor,Joseph Kim
CS,Adam Johnson,Matthew Wilson,Brian Williams,Maria Lewis,Kristy Schmidt,Amanda Jacobs,Kathy Gray,James Weeks,Kenneth Rose,Vanessa Olson DVM,Margaret Torres,Charles Sloan
CCSP,Lisa Arroyo,William Cherry,Chad Martin,Christine Pearson,Terry Floyd,Christine Singleton,Debbie Cannon,Christine Tanner,Patrick Anderson,Lisa Brown,Holly Woods,Matthew Turner
TWS,Jennifer Burke,James Landry,Donald Williams,Christopher Anderson,Terry Benton,Sara Munoz,Wendy Jones,Madeline Erickson,Ashley Carrillo,Matthew Rodriguez,Parker Hall,Brittany Williams
TWS,Steven Clark,Terry Reid,Steven Bowman,Nicole Moore DVM,Matthew Rubio,Shawn Kennedy,Shelia Gomez,Jasmine Jimenez,Timothy Padilla,George Compton,Kelsey Ochoa,Pamela Wright
CS,Sandra Webster,David Williams,Zachary Simpson,Eric Roach,Courtney Blackwell,James Davis,Samuel Garcia,Marisa Mcdaniel,Christina Bryant,Jeremy Gregory,Donna Hernandez,John Sanchez
TWS,Jeremy Ryan,Christopher Conner,Brandon Harris,Vicki Wright,Bryan Compton,John Cain,Michael Quinn,Lisa Hensley,David Palmer,Adam Waters,Katherine Mclaughlin,Johnny Rogers
HSG,James Ramos,Michael Frederick,Daniel Davis,Jordan Moore,Justin Diaz,Amanda Ramirez,Raymond Steele,Michelle Stewart,Rick Saunders,Robert Morrow,Christopher Hatfield,Kayla Colon
TWS,Matthew Garcia,Dylan Murphy,Christine Chavez,Gabriel Spencer,Zachary Bailey,Yvette Rivera,Joe Barajas,Patricia Valdez,Andrew Reid,Nicole Hernandez,Jonathan Harvey,Traci Riley
CS,Jessica Mcgrath,Lauren Patel,Vicki Benitez,Teresa Walker,Alisha Baker,Ashley Wright,Carolyn Frazier,Melissa Garcia,Matthew Rasmussen,Melissa Jones,Todd Palmer,Carol Weber
TWS,Jennifer Washington,Shannon Poole,Elizabeth Brown,Megan Jones,Christopher Nunez,Amanda Anderson,Angela Austin,Sue Potter,Christopher Scott,Lauren Miller,Anthony Mata MD,Nicholas Sanders
HSG,Susan Petty,Alvin Stewart,Crystal Kent,Stefanie Vega,Shannon Garcia,Joan Price,Ashley Joseph,Joshua Gonzalez,Thomas Williams II,John Harper,David Jones,Derek Rodriguez
FWS,Michelle Michael,Judy Harris,Steven Allen,Miguel Contreras,Meagan Hood,Rebecca Simmons,Shannon Parker,Mitchell Church,Brooke Hines,Shawn Black,Jeffrey Hooper,Kristina Russell
HSG,Jon Pruitt,Dr. Margaret Lowe,Justin Waters,John Macias,Anna Ortega,Daniel Smith,Ronald Clark,Christopher Ross,Kelsey Montgomery,Calvin Gordon,Trevor Jennings,Ashley Walsh
ARCH,Courtney Mcconnell,Kim Griffin,Briana Morse,Kyle King,Rodney Valdez,Shelly King,Kevin Gonzalez,Rodney Lyons,Joshua Murphy,Jessica Harrison,Jeremy Williams,Dakota Pearson
TWS,Brianna Kelly,Jason Newman,Peter Thomas,Ashley Butler,Thomas Pearson,Jaime Nelson,Sandra Tapia,Michael Robbins,Terri Clements,Vincent Kent,Jennifer Marshall,Carol Washington
CS,Johnathan Clayton,Mallory Sullivan,Joshua Werner,David Becker,Sabrina Jacobs,Michelle Robinson,Brian Costa,Jade Dominguez,Adam Barton,Jeffery Allen,Robert Lee,Natalie Wilson
TWS,Billy Jenkins,Jessica Gonzales,William Ingram,Melanie Le,Alice Moore,Tracy Flores,Katelyn Cain,Katherine Bowen,Kimberly Cooper,Gary Moore,Duane Floyd,Kristin Mayo
PED,Ryan Cross,Sherry Chapman,Mercedes Callahan,David Williams,Connie Silva,Katherine Lindsey,Ethan Murray,Matthew Schmidt,Laura Krause,Martha Keith,Casey Bailey,Miss Stephanie Malone
CS,Kristen Brooks,Colin White,Kevin Berry,Samuel Gibbs,Evan Jordan,Charlotte Barry,Benjamin Walker,Gregory Berg,David Butler,Frank Cross,Nicholas Morrison,Brandon Delgado
TWS,Kyle Johnson,Jerry Davis,Joseph Torres,Kimberly Trujillo,Judith Rodriguez,Robert Arnold,Linda Cox,Sarah Lee,Kyle Williams,Wendy Wolf,Jessica Gill,Kim Hoffman
CCSP,Jeffrey Sellers,Joel Valdez,Brianna Oconnor,Elizabeth Peterson,Alan Schwartz,Jacqueline Collins,Mrs. Crystal Saunders,Teresa Rose,Mary Cooley,Joseph Smith,Andrew Maynard,Ashlee Simmons
PED,Sherry Trevino,Nathaniel Carpenter,Darren Blankenship,Keith Miller,Laura Patton,Anthony Martinez,Stephanie Kim,Derrick Carpenter,Laura Hammond,Lisa Mcdaniel,Michael Hardy,Rebecca Curry
HSG,Tara Martinez,Tina Jacobs,Daniel Horton,Stefanie Jenkins,Sheila Mills,Christina Simmons,Jason Martin,Dawn Hodge,Jillian Ford,Bradley Brown,Alec Fields,Tony Fitzpatrick
TWS,Ronald Parks,Kevin Martinez,Mark Nichols,Holly Allen,Gene Barajas,Rachel Saunders,Denise Green,Kevin Smith,Sheri Jones,Regina Ellis,Wendy Ruiz,Thomas Hall
TWS,Deborah Edwards,Michelle Knapp,Teresa Cooper,Debbie Cain,Charles Arnold,Samuel Gonzalez,Ryan Williams,Mr. Kevin Sandoval,Juan Lawson,Tony Sanford,Brian Walker,Robert Rowland
CCSP,Tony Wade,Amanda Fuller,Samantha Diaz,Lindsay Perez,Christopher Wall,Kelsey Garrett,Colleen Wallace,Hunter Rivera,Brandon Franklin,Christina Stephens,Mr. Jamie Abbott,Sarah Moyer
TWS,John Williams,Rebecca Villarreal,Keith Solis,Samuel Beck,Tonya Burton,Benjamin Herrera,Tracy Hansen,Sheila Sullivan,Hannah Rodriguez,Tonya Brown,Virginia Hood,Thomas Martin
TWS,David Ball,Sheila Welch,Warren Gallagher,John Soto,Brittney Bolton,Brian Grant,Clarence Martinez MD,Tyler Mills,Cynthia Villa,Joseph Hernandez,Melanie King,Jennifer Robinson
HSG,Stephen Hartman,Christine Adams,Carla Marks,Maria Pacheco,Katherine Reese,Melinda Fisher,John Brady,Sharon Stein,Manuel Mccarthy,Alexander Hudson,Aaron Villanueva,Melissa Malone
CCSP,Bill Hubbard,Mrs. Jody Lewis DDS,Joel Butler,Monica Davis,Leah Flores,Tiffany Brown,Christopher Kirk,Rebecca Blake,Nathan Graham,Richard Cochran,Nicolas Hodges,Jeffrey Harrington
HSG,Scott Reed,Wesley Howard,Lisa Krause,David Grant,Rhonda Bridges,Karen Collier,Amy Turner,Brenda Wilson,Jordan Butler,Christopher Harris,Randall Combs,Jacqueline Shields
INFR,Erin Edwards,Thomas Li,Lauren Bishop,David Mendez,Breanna Jones,Tracey Williams,Tyrone Miller,Nathaniel Rodriguez,Melissa Alvarez,David Perez,Mark Singh,Lynn Rice
CCSP,Daniel Franco,Kaitlyn Hamilton,Adam Morales,Heather Lawrence,Gregory Pruitt,Sharon Arnold,Daniel Salinas,Alexis Harris,Paul Salinas,Stephanie Jones,Steven Hill,Cindy Snow
TWS,David Wilson,Danielle Navarro,James Kelley,Marilyn Morton,Alicia Montes,Sheri Walker,Anthony Barrett,Steven Hall,Melissa Daniel,Amber Evans,Andrew Heath,Tracy Fleming
CS,Robert Valenzuela,Deborah Lopez,Christina Compton,Sarah Wheeler,Natalie Mcdonald,Jennifer Mcguire,Melanie Kline,Martha Thompson,Misty Lee,Alexander Gregory,William Phillips,Alicia Black
CCSP,Tony Fleming,Michael Perkins,Randy Nelson DDS,Kayla Hall,Alexander Rosario,Alexis Murphy,Kristen Leonard,Cindy Crawford,Jordan Cummings,Lindsey Washington,Dawn Mitchell,Jessica Fuentes
TWS,Veronica Rogers,Melissa Perez,Robert King,Melanie Smith,Brenda Walker,Jennifer Kramer,Victor Carr,Erica Aguilar,Brandi Smith,Gregory Liu,Jennifer Jackson,Dustin Ashley
HSG,Stephen Chapman,Claudia Phillips,Steven Montgomery,Jennifer Peterson,Lauren Osborn,Ms. Tina Thompson,Kimberly Gonzales,Randall Garcia,Samantha Butler,Anthony Sawyer,Richard Fuentes,James Davies
PED,Shirley Alvarez,Jose Hall,Phillip Giles,Sarah Weiss,Dr. Theresa Crane,Diana Salas,Rachel Charles,Haley Pena,Adam Peters,Sierra Ross,Lucas Simpson,Jennifer Smith
TWS,Christine Hobbs,James Daugherty,Frank Cole,Priscilla Martin,Linda Edwards,Kelly Duarte,Lauren Haas,Makayla Hunt,Bonnie Cardenas,Gerald Diaz,Rebecca Ibarra,Kristi Brown
PED,Sandra King,Kayla Dean,Catherine Davis,David Young,Tiffany Manning,Melanie Glover DVM,Jennifer Gutierrez,Mary Mcdaniel,Michael Zhang,Mrs. Erika Schmidt,Mathew West,Jennifer Joseph
PED,Stuart Kim,Suzanne Campbell,Heather Gonzalez,Penny Cline,Jennifer Casey,Karen Howard,Sean Sanchez Jr.,Christopher Brown,Kayla Alvarez,Susan Medina,Victor Kemp,Christina Andrews
TWS,Troy Murray,Thomas Sellers,Tara Robinson,Daniel Stuart,April Miller,Paul Pineda,Kevin Dawson,Haley Allen,Judy Small,Melvin Hess,Harold Johnson,Ryan Griffin
FWS,Daniel Bray,Amanda Green,Tiffany Fitzgerald,Christopher Kim,Michaela Walton,Michelle Lopez,Victoria Mitchell,Lisa Golden,Shawn Ingram,Matthew Thomas,William Martin,Susan Bennett
PED,Charles Hamilton,Willie Wallace,Tyler Williams,James Wolf,Kristy Mitchell,Alexandra Reynolds,Kathryn Butler,Erica Robles,Mary Walton,Roy Simmons,Jessica Young,Kelly Young
FWS,Corey Vasquez,Natalie Reed,Brett Fleming,John Crawford DDS,Jack Dawson,Stephen Dyer,Mary Bell,Mackenzie Thomas,Tammy Rodriguez,Dr. Brad Gonzalez MD,Andrew Chavez,Michael Barry
TWS,Dean Russell,Jason Morales,Mark White,Rebecca Campbell,Nicholas Fleming,Bonnie Baker,Stacy Rodriguez,Tara Fuller,Michele Cummings,Larry Miller,Sherry Snyder,Angela Gordon
CS,Robin Sawyer,Billy White,Charles Ferguson,Albert Diaz,Amy Ruiz DDS,Rebecca Garza,Michael White,Paul Stone,Brad Watson,Jennifer Hensley,Andrea Wright,Jason Carpenter
FWS,Benjamin Peterson,Steven Barton,Charles West,Benjamin Green,Michael Marshall,Jacob Briggs,Robin Macias,Amber Yu,Eric Rice,Crystal Nguyen,Rebecca Thompson,Tiffany James
ARCH,Makayla Nielsen,Michael Nelson,Pamela Kaiser,Adam Duncan,Raymond Mccormick,Amy Ellis,Eric Edwards,Cameron Martin,Kelly Hernandez,Shawn Carter,Bob Marshall,Lee Bryant
LAW,Virginia Decker,Kari Jones,Patrick Lewis,John Leonard,Rebekah Foster,Jennifer Bartlett,Bryan Harrell,Tonya Rivera,Rebecca Perry,Brandon Johnson,David Butler,Mark Graves
INFR,Samuel Sutton,Bradley Townsend,Sergio Scott,Kevin Newton,Garrett Hurley,Dana Smith,Jerome Richards,Kelly Gomez,Ashley Garcia,Joan Boyer,Michael Davis,Lindsay Hernandez
HSG,Brian Mcguire,Alex Ward,Nancy Myers,Tina Hughes,Steven Dillon,Kathleen Hughes,Tammy Horn,Pamela Mack,Nicole Sanchez,Paul Olson,Nicole Ingram,Tina Barron
CCSP,Nicholas Taylor,Jason Rocha,Monica Patton,Brandon Jackson,Daniel Marshall,Anthony Wolf,Morgan Brooks,David Price,Jonathan Thomas,Steven Rodriguez,James Whitehead,Joshua Andersen
FWS,Richard Morris,Patricia Payne,Wendy Gordon,Aaron Green,Christine Allen,Larry Banks,Jessica Silva,Lisa Anderson,Rebecca Berger,Henry Ruiz,Ryan Kerr,David Powers
TWS,Julie Webb,Jennifer Smith,Cynthia Gibbs,Michael Andrews,Brian Warner,Taylor Zamora,Rachel Patel,Jason Sandoval,Kayla Lee,Margaret Merritt,Jonathan Hayes,Brittany Walker
FWS,Anthony Smith,Robert Estrada,Ian Weiss,Rodney Rodriguez,Megan Peters,Terri Diaz,Julia Herrera,Daniel Wright,Vanessa Ellis,Adam Jones,Robert Marshall,Audrey Davies
TWS,Kathryn Ayers,Susan Reyes,Jesse Parsons,John Knight,Adam Diaz,Maria Bell,Thomas Cook,Michael Strickland,Ronald Walker,Erin Jones,Anthony Lowe,Guy Thomas
CS,Monique Green,Theresa Williams,Jeffrey Watson,William Peterson,Gary Scott,Gary Walker,Richard Brandt,Bruce Santos,Nicole Hawkins,Deanna Scott,Madison Mason,Barry Walton
PED,Jason Carpenter,Terry Brown,Carlos Webb,Kelly Johnson,Lonnie Henry,Jonathan Jones,Michele Jennings,Trevor Brown,Sean Singleton,Michael Powell,Olivia Gill,Timothy Gibbs
TWS,Brian Gregory,Vickie Newman,Andrea Cox,Diane Kelley,James Olson,Olivia Brown,Brandi Montgomery,Eric Bailey,Alicia Johnson,Hailey Allison,Julia Rivas,Brandon Taylor
CCSP,Mr. Jonathan Hartman PhD,Joseph Bell,Kyle Duarte,Ricky Swanson,Michael Mcdowell,Christina Oliver,Barbara Liu,Danny Fuller,Christopher Cline,Ashley Brock,Amanda Jones,Christopher Reid
LAW,Jennifer Duncan,Brittany Scott,Ralph Henderson,Andrew Smith,John Booth,Eric Kelly,Melanie Becker,Desiree Wheeler,Megan Barton,Elizabeth Reilly,Nancy Brown,Nathan Bautista
CS,Veronica Davis,Larry Olson,Mitchell Luna,Ms. Caitlyn Young MD,James Smith,Travis Morrison,Debra Riley,John Hughes,Stacy Stevenson,Christopher Thomas,Joseph Kennedy,David Hurley
CS,Beverly Moses,John Thomas,Alex Ryan,Christine Huff,Michelle West,Howard Payne,Roy Henry,Jason Tucker,Darlene Huff,Kathryn Larson,Anthony Smith,Benjamin Escobar
CCSP,Amanda Nelson,Christopher Webb,Ms. Amy Beck,Melody Gutierrez,Angela Jenkins,Anthony Alvarez,Ruben Rodriguez,Julia Houston,Christina Preston,Victor Cole,Joshua Ortega,Linda Huerta
CCSP,Jasmine Clark,Christopher Knight,Michael Wilson,Jesse Walker,Aaron Price,Tammy Moses,Kimberly Walker,Stacy Love,Kimberly Dillon,Michael Stewart,Gabriel Swanson,Michael Alvarez
CS,Carolyn Robles,Ms. April Craig,Christian Williams,Joshua Nichols,Lisa Dougherty,Elijah Davis,Catherine Rowe,Linda Holland,Thomas Dixon,Cathy Smith,Sandra Stafford,Amy May
PED,John Cook,Jason Wong,Devin Holloway,Steven Young,Shawn Waller,Ms. Heather Petty,Christine Hernandez,Gerald Ford,Linda Hill,Russell Neal,Lisa Hardy,Jeremy Kelley
TWS,Daniel Douglas,James Johnson,Cesar Choi,Dean Farley,Heather Weaver,Eric Friedman,Beth Blake,Matthew Blankenship,Victoria Peterson,Russell White,Michael Dixon,Kenneth Hall
INFR,Stephanie Perry,Alexandra Harris,Matthew Lopez,Kristin Pace,Carolyn Smith,Jennifer Mcpherson,Mr. Mark Stewart III,Ryan Rodriguez,Edward Davis,Laurie Owens,Ricky Mitchell,Isaiah Brooks
CS,Carolyn Kelly,Kayla Bright,Jeremy Flores,Michelle Chambers DVM,Brittney Schmidt,Christopher Stark,Kelly Randall,Miranda Beck,Curtis Alexander,Jonathan Clark,Jason Nelson,Leslie Mack
CCSP,Brent Murray Jr.,Margaret Salazar,Wendy Moreno,Russell Sanders,Brian Kelly,William Nelson,Dominique Anderson,Megan Reed,Tanya Wilson,Brandon Martinez,Rhonda Day,Maria Chambers
INFR,Anthony Powers,Sandra Harris,Patricia Dominguez,Kathleen Flores,Nicole Navarro,Amanda Colon,Ryan Freeman,Elizabeth Williamson,Patrick Evans,Robert Garcia,Kathryn Carpenter,Jesse Robinson
PED,Luis Smith,Barbara Perry,Kristen Rose,Jasmine Walton,Jennifer Gonzalez,Brittany Smith,Aaron Adams,Vicki Ramos,Pamela Jacobs,Diane Bryan,Diana Harris,David Morales
TWS,Adam Wood,Michael Clark,John Garner,Anthony Taylor,Rachel Lawrence,Diane Duran,Rebecca Anderson,Christopher Thomas,Joshua White,Pamela Johnson,Karen Smith,Jeanne Davenport
TWS,Richard Gray,Patrick Frazier,Laura Dixon,Danielle Buchanan,Jeffery Gaines,Daniel Perez,Dr. Victoria Keith,Eric Hudson,Joy Cruz,Paula Jackson,Rachel Barber,James Leonard
CS,Sergio Matthews,Robert Adams,Michael Gutierrez,Michael Rodriguez,Ryan Morgan,Marc Morgan V,Briana Booth,Dominic Schultz,Brandon Fleming,Amy Carter,Kimberly Mclean,Larry Richardson DVM
TWS,Raymond Perry,Valerie Gates DVM,Jacob Mcfarland,Hector Ross,Justin Garcia,Barbara Lee,Rhonda Hall,Amber Hall,Craig Gray,Richard Peters,Victoria Lopez,William George
PED,Matthew White,Terry Downs,Julia Shields,Rachel Leach,Jordan Morrow,Michael Vargas,Kaitlyn Martinez,Tina Carter,Joshua English,Jacob Price,Christopher Wiggins,Robert Sheppard
CCSP,Jessica Hill,Ryan Graham,Daniel Gordon,Albert Hansen,Daniel Adams,Heather Sanchez,Madison Ruiz,Chase Lane,Robin Mclean,Brittany Lopez,Lisa Sandoval,Norman Johnson
FWS,Jill Johnson,Lee Brown,Joshua Shaw,Tonya Hall,Krista Woods,Megan Evans,Kimberly Bridges,Jessica Johnson,Shaun Kaiser,Shannon Peters,Dominic Rodgers,Jessica Rodriguez
HSG,Allison Hahn,Jennifer Wilson,Robert Nguyen,Dillon Clarke,Tamara Harding,Sara Rivera,Zachary Campbell,Andrea Thompson,Teresa Collins,Andrew Baker,Kim Johnson,Shawn Mitchell
FWS,John Washington,Miguel Wang,Nicole Gregory,Theresa Rhodes,Brandon Howell,Stephen Gray,Maria Kelly,Michelle Little,William Bishop,Stephanie Lee,Jesse Davis,Justin Taylor
CCSP,David Wilcox,Rachel Woods,Megan Small,Terry Morrison,Dawn Gentry,Kevin Thomas,Mrs. Cassandra Tran DDS,Johnny Hernandez,Amanda Martinez,Catherine Howell,Brooke Foley,Elizabeth Davidson
FWS,Patricia Lopez,Cynthia Wong,Nancy Lee,Carla Walker,James Gibson,Joy Huynh,Katelyn Stone,Dawn Martinez,Wanda Diaz,Anthony Hancock,Taylor Bolton,Traci Martin
CCSP,Kaitlyn Lee,Virginia Hughes,Stacey Evans,Manuel Smith,Jose Torres,Robert Collins,Lisa Barrett,Alan Shannon,Cynthia Gonzalez,Jeff Henry,Michael Burgess,Christina Davis
TWS,Ryan Gilmore,Marc Townsend,Edward Dodson,Paige Olson,Seth Williams,Carrie Jensen,Andrea Cole,Jennifer Mendez,David Patterson,Claudia Chaney,Robert Guzman,James Robinson
HSG,Rachel Greer,Hannah Payne,Jamie Evans,Jimmy Love,Rodney Hines,John Ramirez,David Vazquez,Melissa Newman,Sierra Thompson,Cindy Welch,Brenda Carter,Michael Flynn
HSG,Jennifer Foster,Tara Martinez,Paul Anderson,Samuel Cruz,Kelly Smith,Leslie Chase,Amanda White,James Valentine,Brenda Crawford,Cindy Smith,Joshua Davis,Anthony Cortez
PED,Preston Lee,Mrs. Joanna Hernandez,Cody Franklin,Bobby Soto,Jeffrey Lyons,Stephanie Sparks,Jay Brown,Joseph Davis,Michele Hunt,Lisa Gaines,Crystal Vargas,Amy Smith
PED,Kevin Perkins,Jeffrey Davis,Christine Jones,Regina Sellers,Jacob Reed,Sarah Clark,Deborah Lloyd,Justin Williams,Emma Johns,Mary Evans,Megan Lopez,Megan Taylor
TWS,Garrett Benitez,Tracey Norton,Katie Martin,Taylor Thompson,Melissa Jackson,Joe Humphrey,Marissa Andrews,Kim Bowman,David Tucker,Ronald Ibarra,Marvin Guerrero,Matthew Rogers
TWS,Craig Graham,Nicholas Moore,Courtney Rogers,John Shaw,Dr. Louis Smith,Tyler Pierce,Marie Hoffman,Dylan Hamilton,Angel Buchanan,John Rodgers,Joseph Cruz,William Ramos
ARCH,Mark Fry,Rhonda Hernandez,Teresa Santiago,Patricia Lamb,Jonathan Johnson,Joseph Brown,Sean Hudson,Jennifer Taylor,Sara Collins,Mr. David Peterson DDS,Colleen Jones,Jonathan Stewart
HSG,William Anderson,Ashley Key,David Hines,Lee Thompson,Heather Brown,Gregory Williams,Alexis Huff,Matthew Johnson,Michael Barrera,Alexander Long,Anna Martin,Jessica Thomas
TWS,Elizabeth Jackson,Victoria Pena,Gary Odonnell,Cheryl Williams,Jeffrey Fernandez,Barbara Robles,Danny Spencer,Jo Garcia,Stacy Flores,Fred Sanchez,David Lynn,Wendy Baker
CCSP,William Santos,Angel Ortega,Kayla Robbins,Aaron Graves,Wanda Moore,Brian Meyers,Erik Turner,Terri Tyler,Steven White,Molly Taylor,Sheena Hopkins,Cameron Graves
PED,Margaret Yang,Gregory Parker,Thomas Howard,Julia Horton,Lauren Carrillo,Miss Samantha Hall,William Thomas,Sarah Fields,Margaret Moore,Christine Baker,Kimberly Walker,Cheryl Becker
INFR,Susan Garza,Tammy Brown,Russell Robbins,Carol Roberts,Robert Howard,Alexandria Nguyen,Marissa Smith,Jeffrey Estrada,Cheyenne Brown,Robert Travis,Chelsea Hutchinson,Courtney Parker
TWS,Roberto Stevens,Stefanie Wells,Dr. Mary Long,Cole Jennings,Mark Warner,Dustin Rogers,Gloria Bradley,Kelly Gonzalez,Brenda Jackson,Brandon Jackson,Diane Dixon,Andrea White
TWS,Samuel Shaffer,Jerome Cunningham,Aaron Randall,Teresa Bailey,Andres Fisher,Brooke Hines,Dennis Delacruz,Monique Holmes,Sarah Rodriguez,Michael Frost,William Oneal,Mark Obrien
HSG,Mrs. Jasmine Curry MD,Stephen Nguyen,Katrina Esparza,Jason Price,Taylor Singleton,Betty Baker,Deborah Shaffer,Ronald Golden,Christopher Ramirez,Michael English,Angela Miller,Katie Moore
HSG,Dr. Kyle Oconnor,Brian Lee,Robin Hunter,Karen Weaver,Heather Martin,Taylor Chambers,Sierra Smith,Cory Smith,Eric Stephens,Brian Turner,Brian Clark,Kelsey Lopez
FWS,Tonya Murray,Samantha Carpenter,Christy Hernandez,Joseph Mcdonald,Heidi Johnson,Holly Smith,Kyle Guzman,April Mays,Andrew Kelly,Joshua Walsh,Veronica Gamble,Kenneth Bryant
CCSP,Matthew Davis,Connie Ramos,Andrew Smith,Marcus Elliott,Morgan Copeland,Terry Mcneil,Timothy Wood,Erin Webb,Brenda Gonzalez,Carolyn Contreras,Jordan Clark,Travis Berry
HSG,Jasmine Smith,Erica Salazar,Dennis Vasquez,Jared Sullivan,Mr. Cory Ramirez,Lisa Reeves,Meghan Robertson DDS,Julie Tucker,Russell Macdonald,Cindy George,Jenna Miller,Michael Wong
TWS,Brian Ryan,Paul Martinez,Jennifer Riley,Charles Perry,Jennifer Hunt,James Crawford,Jeffery Smith,Veronica Jones,Peter Franklin,Robert Wong DDS,Mr. Robert Shaw,Christopher Jennings
CCSP,Shelby Patel,Andrea Rodriguez,Cody Rogers,David Bishop,Brooke Quinn PhD,Ricky Morris,Peter Clark,Kristen Horton,Sean Jones,Heather Nelson,Wayne Moreno,Matthew Harris
TWS,Tina Salas,Jessica Johnson,Michelle Montgomery,Jessica Calhoun,Timothy Hernandez,Christopher Williams,David Owens,Margaret Morrison,Eric Watson,Danny Romero,Ashley Lewis,Kimberly Valdez
HSG,Jenna Long,Emily Johnson,Michael Owen,Mr. Dylan Hopkins,Jimmy Duran,Jeremiah Welch,Laurie Jacobs,Jennifer Floyd,Debra Martinez,Michelle Gallegos,Patricia Lee,Miguel Hansen
CS,Lori Jordan,Alexis Bailey,Kerri Mcgee,Cory Scott,Angela Cooper,Jacqueline Ray,Julie Melton,Shelly Martin,Misty Washington,David Hunt,Michael Fleming,Ana Johnson
CCSP,Ashley Manning,Michael Harris,Zachary Davis,Dana Jordan,Jennifer Esparza,Laura George,Taylor Reynolds,Lisa Green,John Kelly,Katherine Hawkins,David Galvan,Megan Allen
FWS,Gwendolyn Merritt,Anthony Harding,Todd Adams,Alicia Erickson,Lauren Alvarez,Sara Black,Christopher Shaffer,Brenda Klein,Erica Coleman,Lori Padilla,Jeffrey Thomas,Charles Fritz
FWS,Kelly Boyd,Peggy Wilson,Elizabeth Clark,Dawn Alexander,Melissa King,Jon Flores,David Johnson,Jennifer Austin,Phillip Cummings,Michael Perez,Paula Vasquez,Michele Price
TWS,Christopher Nicholson,Daniel Davis DDS,Lisa Avila,Robert Dillon DVM,Andrea Williams,Peggy Smith,Jose Harris,Amanda Weeks,Johnathan Mitchell,Dr. Kenneth Greene Jr.,Joshua Hall MD,Brandon Phelps
CCSP,Katherine Smith,Kelsey Calderon,Jonathan Rice,Amy Walker,Christopher Castro,Shannon Patterson,Brooke Mills,Susan Williams,Autumn Lopez,Robert Sanchez,William Carlson,Andrew Mejia
PED,Ashley Burke,Adam Valentine,Leslie Thomas,Michael Ford,Rachel Turner,Joshua Bailey,Barbara Drake,Cody Sparks,Rebecca Hill,Ashley Ball,Erin Davenport,Erin Walters
CS,Alex Martin,Dana Pierce,Barry Lin,Matthew Wilson,Melissa Walters,Jillian Griffith,Gwendolyn Butler,Terry Santiago,Angela Wang,Bailey Bowers,Roger Bush,Robert Mcdonald
CCSP,Peggy Newman,Timothy Taylor,Jeffrey Williams,Marissa Blankenship,Sarah Martinez,Autumn Edwards,Joshua Wolf,Jenna Gonzalez,Mr. David Maldonado,Chad Burnett,Allison Reed,John Lopez
TWS,Sarah Calderon,Melissa Bush,Colleen Martinez,Ronald Gould,Laura Carson,Cole Gonzales,Bradley Evans,Daniel Chen,Michelle Kerr,Rebecca Stone,Joshua Sanford,Yesenia Haynes
HSG,Taylor White,Shannon Villa,Joshua Perkins,Janet Olsen,Lisa Alexander,Isaiah Short,Jessica Smith,Hannah Garza,Albert Rodriguez,Darrell Jackson,Steven Erickson,Michael Edwards
CCSP,David Phillips,Betty Garner,Brian Martinez,Joseph Mullen,James Proctor,Kim Adams,Mary Brown,Maria Nelson,Diane Gibson,Joseph Hernandez,Melanie French,Andrew Arellano
CCSP,Ryan Lee,Kimberly Garcia,Ashley Marshall,Amy Green,Christopher Mclaughlin,Connor Stephens,Joseph Martin,Tracy Hodges,Gregory Lee,Jacqueline Solis,Jeremy Coleman,Carol Holmes
CCSP,Daniel Cardenas,Theodore Powell,Larry Morris,Jeffrey Burke,Alexis Gilbert,Donna Jarvis,Kenneth Johnson,Shawn Flores,Elizabeth Sullivan,Sean Gibson,Kelsey Moore,Cheryl Ward
CCSP,Dustin Thompson,Catherine Jordan,Jennifer Lewis,Shannon Wiggins,James Erickson,Holly Parker DVM,Erin Dalton,Jason Jones,Brian Anderson,Dr. Andrew Cooper,Courtney Ward,Jamie Jacobs
CCSP,Jennifer Hays,Aaron Mitchell,Sally Lewis,Lisa Clark,James Huber,Kelly Humphrey,Diana Sanchez,Rose Boyd,Susan Hansen,Jonathan Cross,Kristen Garcia,Rachel Serrano
CCSP,Dr. Darrell Clark DDS,Barry Salas,Laurie Gibbs,Mary Neal,Benjamin Lopez,Elizabeth Delacruz,Jessica Elliott,Wendy Hill,Justin Mcconnell,Cynthia Page,Vanessa Byrd,Ronald Holmes
HSG,Brian Jones,Kimberly Ochoa,Meredith Todd,Stephen Baker,Denise Gonzalez,Lindsey Watts,Jasmine Perez,Karen Bell,Bryan Ford,April Nicholson,Dawn Ramirez,Joseph Kerr
INFR,Ronald Thomas,Matthew Matthews,Debra Buchanan,Randy Stephenson,Robert Farrell,Madison Mitchell,Carlos Lewis,Ashley Wood,Susan Greene,Meghan Morris,Heather Cobb,Victoria Cortez
CCSP,Sydney Sparks,Paul Myers,Rachel Lee,Paul Fletcher,Ricardo Pham,Alison Spencer,Christopher Burns MD,Laura Thornton,Krystal Simpson,Ashley Rodriguez,Alexander Salazar,Jared Watson
TWS,Vanessa Webb,Dean Greene,Catherine Hernandez,Laurie Castro,Melissa Sanford,James Bridges,Alexis Bell,Katie Sanchez,Pamela Carter,Brenda Freeman,Andrew Cochran,Wanda Fleming
TWS,Katrina Robinson,Megan Zavala,Joshua Mendoza,Mark Casey,Victoria Roberts,Jon Miranda,Tracy Arnold,Donald Compton,Bonnie Terry,James Brown,Larry Avery,Jennifer Green
CCSP,Garrett Castro,Jonathan Jenkins,Ashley Anderson,Daniel Johnson,Kathryn Cook,Jason Leon,Bryan Coleman,Roger Smith,Beth Salazar,Laura Johnson,William Hardy,April Williams
CCSP,Benjamin Foster,John Mclean,Amy Alvarez,Vanessa Garner,Deborah Hickman,Natalie Barron,Aimee Campbell,Brian Castro,Aaron Carson,Jennifer Love,Henry Kelly,Robert Flowers
CS,Amy Mccormick,Deanna Cox,Shari Webb,Herbert Miller,Jerry Carter,Mrs. Mercedes Mendoza,Casey Stark,Aaron Jones,Jason Gillespie,Tammy Lopez,Matthew Anderson,Debra Ramirez
HSG,Mary Vargas,Vanessa Wilkins,Dr. Gregory Fleming PhD,Anthony Williams,Brandon Orr,Lauren Rios,Margaret Stanton,Daniel Wilson,Jessica Booth,Carolyn Frost,Carlos Rodriguez,Mary Hawkins
TWS,Christopher Hutchinson,Joel Saunders,Shannon Maynard,Kyle Nelson,Jonathan Jones,Matthew Johnson,Garrett Medina,Donna Patterson,Sherri Olson,Tyler Maynard,Michael King,Robert Walker
TWS,Karen Atkins,Bryce Adams,Michael Johnson,Rachel Patterson,Erica Kim,Gregory Bautista,Melissa Bailey,Anthony Petty,Jo Sanchez,Lisa Williams,Lawrence Russell,Adam Wells
FWS,David Robertson,Ariana Perez,Alex Porter,Jennifer Castillo,Johnathan Smith,Kathryn Walsh,Christine Torres,Dr. Elizabeth Cross DDS,Christine Powell,Amanda Williams,Matthew Schmidt,Alexander Williamson
HSG,Michael Meza MD,Raymond Gonzalez,Lisa Raymond,Jessica Hart,Elizabeth Guerra,Brady Howard,Kimberly Rowe,Dean Gay,Holly Key,Steven Smith,Dana Munoz,Scott Robinson
CCSP,Kimberly Young,Maurice Arnold,Austin Green,Kerry Clark,George Turner,Anthony Mitchell,Tyler Dickson,Brittany Mooney,Joseph Williamson,Craig Gonzalez,Jacqueline Holt,Caitlin Richard
PED,Eric Wright,Christopher White,Sheri Rodriguez,Elizabeth Harvey,Vincent Schneider,Jacqueline Osborn,Edward Hanna,Cynthia Clark,Evan Freeman,Andrea Wilson DVM,Lee Owens,Michael Roberts
PED,Christopher Wong,Isaiah Williams,Ellen Chaney,Alejandro Bailey,Thomas Mills,Thomas Douglas,Amber Harmon,Luis Webster,Jill Duncan,Kristin Middleton,Kathleen Smith,Sean Kim
TWS,Sarah Beltran,Jared Yang,Kenneth Vazquez,Jenna Chandler,Stephanie Lindsey,Frederick Jimenez,William Young,Samantha Watson,Dorothy Montgomery,Dylan Stevens,Laura Roberson,Kristopher Reynolds
CCSP,Jenny Henry,Erica Norris,Kenneth Mitchell,Audrey Vazquez,Shawn Cervantes,Emily Kelly,Todd Burton,Cynthia Mcknight DVM,Joshua Robinson,Lawrence Johnston,Martin Smith,Daniel Townsend
CCSP,Rebecca Wright,Eric Reyes Jr.,Richard Russell,Holly Hernandez,Christopher Fernandez,Christina Carney,Brian Williamson,James Martin,Jennifer Osborne,Carl Francis,Laura Anderson,Nicholas Reyes
TWS,Nicholas Crawford,Susan Lopez,Renee Palmer,Heather Hill,Kaitlyn Steele,Richard Chavez,Lisa Miller,Julie Sosa,Donald Williams,Dustin Wilson,Mark Davis,Jennifer Hunt
HSG,Elizabeth Roy,Scott Carpenter,Joseph Pierce,Brandon Washington,Crystal Carr,Steven White,Kathy Moore,Ariana Harrell,Ethan Berry,Brent Brown,James Thompson,Natalie Walsh
CCSP,Louis Barnes,Larry Mata,Alexander Huffman,Jamie Bailey,Terri Fry,David Lewis,Cheryl Brown,William Torres,Tim Melendez,Sarah Baker,Michael Miles,Anthony Coffey
HSG,Patricia Bell,Lawrence Ruiz,Mark Gonzalez,Donald Carpenter,Jennifer Smith,Kari Horne,Jeanette Randall,Donna Rivera,Mary Jensen,Roy Thompson,Martha Brown,Christian Stout
TWS,Jeremy Peters,Evan Wu,Paula Fleming,Julie Kelly,Daniel Owens,William Jefferson,James Sullivan,Ian Anderson,Angela Clark,Katie Alexander,Sara Mercado,Alex Harris
ARCH,Kristin Robles,Vincent Whitney,Gabriel Henry,Laura Lin,Nicole Baker,Michael Collins,Stephen Santos,Jennifer Donovan,Dustin Daniels,Michael Mckinney,Richard Phillips,Christina Garcia
TWS,Cristina Cox,Patricia Strong,Kristopher Todd,Eric King,John Harvey,Lucas Ford,Bryan Taylor,Margaret Perry,Richard Williams,Rebecca Bell,Leslie Alexander,Michael Mayer
HSG,Amanda Hall,Kimberly Burgess,Michelle Hart,Amy Davis,Cynthia Matthews,Jeffrey Robertson,Tyler Donaldson,Kristin Lam,Robert Hart,Cameron Harper,David Kelly,Angela Mccann
INFR,Sabrina Decker,Harry Hall,Casey Valenzuela,Vincent Martin,Steven Edwards,Tasha Norris,Courtney Fox,Alicia Smith,Darryl Adams,Jonathan Willis,Diane Cline,Christian Espinoza
LAW,David Taylor,John Robinson,Paula Washington,Shannon Lawrence,Corey Wilkins,Joseph Jones,Jessica Hanson,Maria Stewart,William Mueller,Veronica Marshall,Christine Beasley,Mark Lowe
CCSP,Terri Garcia,Anthony Turner,Mark Fisher,David Marshall,Lauren Payne,Lisa Thomas,James Myers,Abigail Meyers,Rachel Wilson,Ronald Gillespie,Pamela Obrien,Gabriel Taylor
PED,Leon Beasley,Kimberly Jones,Francis Larson,Terry Graham,Tammy Smith,Andrew Cole,Leah James,Anthony Morales,Jodi Anderson,Daniel Jimenez,Joyce Brown,Paul Best
TWS,Kathy Miller,Karen Crawford,Elaine Hood,Deborah Hayes,Randy Chavez,Dawn Ryan,Margaret Berg,Gregory Edwards,Danny Moore,Michael Casey,Jordan Jenkins,Clifford Clarke
CCSP,Glenda Mathis,Jerry Daniels,Anthony Smith,Lisa Hernandez,Michael Dorsey,Brandi Ray,Kathleen Fritz,John Parrish,Jacob Bryant MD,Jessica Ramos,Amanda Kane,Joshua Herrera
TWS,Monica Holt,Scott Gregory,Frank Moyer,Troy Franklin,Randy Blevins,Kristin Cruz,Cody Morris,Brandy Hunt,Jacob Smith,Aaron Salazar,Daniel Thompson,Caitlyn Mccarthy
TWS,Pam Costa,Michelle Lin,Ebony Boyd,Timothy Owens,Janet Jones,Robert Mcneil,Jeffrey Robinson,Brandon Krueger,Patrick Johnson MD,Justin Crawford,Kristin Dodson,Christopher Collins
TWS,Ashley Campbell DDS,Lori Moore,Robert Brooks,Natasha Hicks,Stephen Day,Beverly Nichols,Allison Mcdowell,Tracy Crawford,Brandon Cannon,Patricia Roy,Colton Hayes,Jacob Deleon
HSG,Matthew Cox,Brittany Doyle,Lori Frazier,Felicia Montes,Mrs. Christine Cameron,Michael Murray,Jaclyn Vazquez,Kim Cowan,Daniel Lopez,Krista French,Philip Wood,Kimberly Bowen
CCSP,James Fisher,Christopher Abbott,Mark Guerrero,Michael Lewis,Angela Bennett,Eric Perez PhD,Destiny Davidson,Daniel Johnson Jr.,Lisa Hess,Jason Jones,Mariah Mccarty,Paul Washington
CCSP,Laura Levy,Eric Gray,Craig White,Frank Lewis,Brenda Patton,Mrs. Holly Guerrero DDS,Melissa Garcia,Matthew Madden,Justin Moore,Sherry Morris,Kurt Price,Jennifer Cruz
TWS,Yolanda Valenzuela,Sarah Williams,Mary Wilson,Mary House,Terrence Harrington,Kristine Gutierrez,Janice Williams,Sarah Guzman,Casey Cobb,Meagan Nelson,Jeremiah Wells,Laura Perez
CCSP,Emily Williams,Timothy Rowe,Darryl Smith,Megan Mann,Emma Walters,James Smith,Shirley Rodgers,Heather Roy,Kelly Holt,Misty Cook,Phillip Peters,Levi Mcneil
CCSP,Timothy Ayers,Adriana Crawford,Frank Frank,Robert Armstrong,Patricia Alvarez,Stephanie George,Victoria Hunter,Cameron Vincent,Daniel Ramos,Rebecca Parsons,Karen Jones,Virginia Paul
CS,Thomas Moore,Vanessa Boyd,Jessica Smith,Wayne Murray,Kimberly Mills,Heather Hopkins,Patricia Kennedy,Anna Hoffman,Justin Garcia,Dana Mendoza,James Mcintosh,Cameron Martin
FWS,Eduardo Smith,Kelly Martinez,Jeffrey Schultz,Angela Shannon,Mary Schmitt,Diana Woods,Zachary Hale,Paula Terry,James Sweeney,Timothy Phillips,Amber Diaz,Brenda Buchanan
CCSP,Robert Hendricks,Jason Baker,Katherine Moyer,Sarah Burns,Anna Schmidt,James Simmons,Sarah Arnold,Donald Roach,Erica Taylor,Tanya Evans,Dr. Robert Holloway Jr.,Brianna Ross
TWS,Anthony Rodriguez,Gregory Owens,John Morris,Andre Simmons,Jack Collins,Matthew Fernandez,Mario Valenzuela,Brenda Wilson,Karen Collins,Gina Contreras,Aaron Burnett,Danielle Foster DDS
TWS,Robert Mueller,Kevin Pena,Anne Harper,Jaime Allen,Thomas Smith,Leah Taylor,Abigail Poole,Mark Clay,Michael Mills,Justin Wilson,Christina Hoffman,William Dickson
TWS,Jennifer Wilson DVM,Amy Salas,Joseph Dunn,Marie Jimenez,Chelsea Johnston,Aaron Melendez,Nicole Brown,Arthur Anderson,Erik Caldwell,Richard Brown,James Robinson,Michael Taylor
INFR,John Murphy,Tracy Hunt,Ruben Wright,Brandi Chang,Sherri Smith,Robert Miller,Lance Morris,Derrick Mendoza,Kathy Patton,Jessica Flores,Joshua Weiss,Mario Long
TWS,Wanda Mcdowell,Calvin Roth,Kyle Gonzalez,Jason Lee,Joanna Washington,Rebecca Thompson,Scott Day,Vernon Olson,Cody Howe,John Gibson,Michael Chen,Francisco Smith
LAW,Tiffany Schwartz,Christopher Sparks,Erik Crawford,William Reese,Robin Montoya,Angela Turner,Michelle Williams,Nathan Allen,Nancy Brown,Mary Caldwell,Stephen Walker,Roberto Mcfarland
CCSP,James Mullen,James Vargas,Sara Schwartz,Rebecca Smith,Matthew Ryan,Kristin Charles,Cynthia Walker,Haley White,Cynthia Norris,Gregory Chan,Renee Barrett,Nicholas Clark
CS,Kristin Bright,Gloria Buchanan,John Patel,Cynthia Johnson,Keith Reed,Jared Buckley,Laura Perry,Steven Mcfarland,Scott Singh,Adam Silva,Spencer Thomas,Diana Alexander
CCSP,Shawn Horton,Robert Frazier,Tonya Vasquez,Cheryl Hamilton,Julie Wells,Brittany Schneider,Edwin Lozano,Dawn Edwards,Mark Hicks,Mr. Randy Sullivan MD,Andrew Wilson,Anthony Martinez
TWS,Kenneth Barnes,Mark Pennington,Mark Singh,Brian Cox,Jill Day,David Lee,Matthew Hernandez,Shawn Carter,Dillon Reed,Ryan Wallace,Mark Wiggins,Ray Kim
CS,Sarah Campbell,Toni Wells,David Owens,Stacey Yang,Bobby Flynn,Rebecca Stokes,Tracy Gould,Kyle Tanner,Julia Williams,Renee Boone,Andrea Holden,Maureen Hernandez
CCSP,Timothy Patterson,Anne Torres,David Griffin,Dana Skinner,Jeffrey Callahan,Kenneth Long,Michael Berger,Denise Johnson,Adam Short,Abigail Burke,Rachael Weber,Ryan Mcclure
FWS,Steven Lopez,James Aguilar,Johnny Myers,James Martinez,Michael Sims,Denise Parrish,Jessica Clark,William Perkins,Mary Garrett,Lynn Lopez,Mikayla Vargas,Lindsey Nguyen
HSG,Morgan Dickson,Jason Crane,Gregory Barnett,Michelle Allen,Brandi Mendoza,Susan Blankenship,Zachary Gallagher,Lisa Reynolds,John White,Suzanne Fox,Luis Higgins,Jennifer Weiss
TWS,Stephanie Bell,Justin Hill,Travis Rios,Joshua Smith,William Wright,Miranda Leon,Matthew Morris,Jake Mooney,Mr. Alex Vaughn,Stephen Wood,Michael Bowers,Adam Bautista
CCSP,Jesus Lopez,Dylan Lamb,Cristina Day,Pamela Moss,James Adkins,Michelle Martinez,Jacob Hall,Lisa Hodges,James Perez,Tamara Gordon,Patrick Taylor DDS,Julie Palmer
HSG,Nathaniel Garcia,Kathleen Whitney,Anthony Goodwin,Jesus Harris,Dr. Melanie Sawyer,Alicia Macias,Carrie Payne,Dr. Kimberly Dunlap,Lauren Green,Gregory Robinson,Christian Swanson,Erin Kelley
TWS,Sara Sims,Gina Buck,Sean Ochoa,Samantha Blevins,Derek Solomon,Jeremy Hahn PhD,Amy Holland,Christopher Ayala,Charles Bennett,Katherine Nichols,Teresa Johnson,Janice Jordan
PED,Ms. Lorraine Richards,Toni Williams,Paul Hamilton,Justin Lee,Katherine Hanson,Kayla Jensen,Tony Dominguez,Keith Anderson,Suzanne Frazier,Scott Miller,Larry Flores,Stacey Figueroa
HSG,Mallory Woods,Beth Flynn,Sarah Harvey DDS,William Ward,Anthony Robinson,Hector Allen,Charles Gonzalez,Sabrina Burgess,Jacqueline Donaldson,Dennis Harvey,John Goodwin,Andrea Kim
TWS,Jennifer Quinn,Jennifer Lopez,Jared Farmer,Denise Shaw,Anthony Flores,Wendy May,Maria Owens,Sarah Allen,Brenda Morgan,Joseph Harrison,Brian Bennett,Christine Alvarez
TWS,Charles Cruz,Cynthia Davis,Leah Thompson,Kristina Hayes,Charles Alvarez,Stacy Dougherty,Angela Young,Toni Gutierrez,Gabriela Johnson,Emily Beck,Gregory Hernandez,Austin Ruiz
CCSP,Robert Jacobson,Ms. Sarah Romero,Kevin Choi,Dorothy Cole,Nicole Haley,Chad Kelly,Bradley Martin,Megan Little,Jerry Sanders,Kimberly Powell,Jamie Nelson,Melanie Mcintyre
FWS,Kenneth Lamb,Alexandra Poole,Chelsea Lopez,Mr. Dakota Morales,Donna Williams,Thomas Medina,Brooke Zuniga,Joel White,Andrew Kim,Nathan Mclean,David Kaiser,Robert Garcia
FWS,Seth Mcgrath,Courtney Perez,Melissa Gonzales,Jennifer Anderson,Daniel Madden,Latoya Diaz,Derek Moore,Darrell Perry,Mark Parker,Lance Green,Walter Hudson,Thomas Davis
TWS,Candace Brown,Katie Sparks,Melissa Hendricks,Debbie Lee,David Moore,Nathan Hicks,Ashley Smith,Jeremy Mcdaniel,Shane Weiss,Rodney Martinez,Monica Wilkerson,Charles Barry
TWS,Curtis Sherman,Andrew Oliver,Matthew Garrett,Kelly Johnson,Rodney Miller,Teresa Stevenson,Gary Harmon,Mrs. Kelly Robinson,Jeffrey Miranda,John Anderson,Sierra Booker,Jesus Russell
TWS,Karen Vasquez,Jonathan Gray,Paige Mason,Laura Vasquez,Adam Mitchell,John Herrera,Cheryl Martinez,Jesse Taylor,Anthony Vasquez,Katie Yang,Brandon Ingram,Karen Novak
TWS,Melissa Gordon,Ashley Abbott,Connie Johnston,Jacqueline Wright,Katherine Mcmillan,Cathy Park,Kathy Rodriguez,Heather Rivas,Neil Gould,Sheila Davis,Micheal Shaw,Daisy Ramos
CCSP,Charles Smith,Carla Andersen,Michele Flores,Dean Schwartz,Crystal Saunders,James Erickson,Jacqueline Stewart,Linda Lopez,Christopher Watts,Angela Humphrey,Kim Gallegos,Jenna Gonzalez
TWS,Nicole Jenkins,Amanda Mcknight,William Thomas,Christian Rodriguez,Donna Brown,Jasmine Warren,Brandon Downs,Jesse Morse,Lori Chavez,Valerie Levine,Kathryn Jefferson PhD,Mrs. Grace Davidson DDS
CCSP,Jonathan Wilson,Jonathan Houston,Brett Spence,Stephanie York,Sean Lee,Walter Olson,Gloria Marshall,Nicholas Smith,Edward Hughes,Amy Brewer,Bonnie Campbell,Larry Morgan
PED,Christina Rogers,Michael Clark,Martin Horn,Allison Ford,Christopher Moore,Joshua Murphy,Oscar Smith,Hector Reed,Tyler Thompson,Brittany Mendoza,Stacy Shields,Scott Mason
TWS,Patrick Vazquez,George Moore,Adam Miller,Alexis Vasquez,Jennifer Rosario,William Miller,Tiffany Herrera,Ryan Mitchell,Mr. Gary Stephens,Sarah Pitts,Paul Jenkins,Kevin Smith MD
HSG,Kevin Curtis,Tanya Garcia,Wanda Young,Christopher Hart MD,Laura Miller,Jessica Webster,Timothy Murphy,Philip Randall,Peter Ibarra,Andrew Summers,Julie Simmons PhD,Stephanie Allen
PED,Jonathan Ward,Eric Keith,Michael Newton,Jillian Taylor,Michael Stokes,Michael Diaz,Courtney Jenkins,Julie Nguyen,Anthony Alexander,Daniel Davis,Ronald Knapp,Mike Norman
PED,Jon Boyd,Michelle Smith MD,Kathy Li,Bradley Phillips,Austin Wilson,Lisa Ramirez,Sara Lucero,Natalie Edwards,Jamie Chung,Vanessa Taylor,Sarah Johnson,David Bowen
HSG,Matthew Jones,Connor White,Ashley Pierce,Tony Allen,Eddie Taylor,Steven Hayes,Melissa Hill,Ann Barajas MD,Amy Brown,Julie Hart,Rachel Barry,Anne Bradley
PED,Christian May,Adam Merritt,Ashley Murray,Andrew Brown,Brett Contreras,Jessica Stanley,Jacob Reed,Reginald Cameron,Ashley Cardenas,Jacqueline Perez,Shannon King,Jason Fowler
TWS,Christopher Carpenter,Veronica Howell,Anna Mueller,Justin Wilson,Phillip Stone,Jason Frye,Jennifer Ramirez,Maureen Kline,Eric Smith,Madison Nelson,Jon Webb,Angela Gordon
TWS,Zachary Payne,Bruce Barrett,Diana Mendez,George White,Jennifer Freeman,Erin Mendoza,James Green,Lindsay Rice,Robert Dixon,Jennifer Lang,Janet Dennis,Rita Patrick
TWS,Brittney Wilcox DVM,Michael Romero,Jennifer Douglas,John Aguilar,Eric Wagner,Daniel Hunt,Melinda Nelson,James Fisher,James Conner,Zachary Cook,Kristi Ayers,Michael Carrillo
TWS,Michael Jenkins,Kristen Jackson,Colleen Henderson,Kyle Perez,Jasmine Rodriguez,Melanie Fox,Matthew Wolf,Brian Patton,Sarah Thompson,Angela Powers,Zachary Peck,Lori Gallagher
TWS,Dr. Morgan King,Katherine Aguilar,Corey Wright,Heather Wilson,Gregory Bradford,Amanda Hernandez,Susan Mccoy,Lisa Smith,Latasha Ward,Eric Smith,Marc Zamora,Pamela Smith
TWS,Margaret Anderson,Carolyn Shepherd,Holly Campbell,Heidi Smith,Brian Wiley,Angela Webb,Mary Berry,Autumn Doyle,Michael Medina,Angela Black,Candice Valdez,Erin Lara
TWS,Jake Bell,Mary White,Peggy Reed,Dr. Devon Alvarez IV,Joseph Martinez II,Caitlin Jackson,Laura Sims,Stacy Davis,Jill Webster,Joan Moses,Kayla Anderson,Sarah Miles
LAW,Veronica Weiss,Steven Ellis,Brian Wolfe,Donna Arnold,James Murray,Shelby Wright,Jerry Garrett,Jeffrey Rose,Jeremy Russo,Gregory Mcknight,Brenda Hale,Katelyn Bauer
PED,James Hurley,Kaitlin Mann,Steven Mcgee,Michael Garcia,Stefanie Brown,Brittany Hernandez,Brooke Buck,Aaron Jones,Sergio Powers,Michael Walker,Andrea Barker DDS,Caitlin Hines
PED,Jason Anderson,Adam Barnett,Becky Gregory,Michael Choi,Richard Stewart,Sean Brooks,Jeffrey Gonzalez MD,Tyler Lewis,Jennifer Williams,Shannon Foster,Rhonda Rodriguez,Donald Kane
TWS,Bonnie Smith,Sheila Myers,Jason Brown,Pamela Peterson,Kim Jones,Shane Herring,Jose Mckee,Julia Page,Nancy Moreno,Nicole Barnes,Jeffrey Bender,John Fry
CCSP,Gregory Jones,Sherry Martin,William Jackson,Brad Harvey,Brian Jones,Harold Mclean,Shawna Hall,Adam Green,Christina Sanchez,Madeline Lopez,Michael Tucker,Jose Hays
PED,Nancy Fletcher,Samuel Garcia,Julie Morris,Ann Ruiz,Maria Alvarado,Veronica Guzman,Jessica Martinez,Preston Bell,Jordan Coleman,Penny Cox,Ricardo Johnson,Rebecca Curry
CCSP,Richard Faulkner,Alexandra Johnson,Alan Smith,Jeffrey Howard,Daniel Coleman,Christopher Chavez,Shawn Cochran,Angela Macias,Julie Marshall,Barbara Robinson,Gwendolyn Davis,Walter Ewing
FWS,Bridget Thornton,Emily Perry,Jesus Roman,William Brown,Stephanie Rasmussen,Allison Goodman,Amanda Juarez,Samuel Harris,David Kelly,Michael Washington,John Valencia,Oscar Green
CCSP,Jody Reed,John Campbell,James Montgomery,Jennifer Watson,Linda Patterson,Michelle Allen,Stephen Day,Michael Brown,Regina Allen,Randall Park,David Miles,Sarah Wyatt
TWS,Kimberly Murphy,Manuel Hall,Alexander Morgan,Nicholas Bell,Chelsea Huynh,Ronald Morse,Lisa Davis,Kristin Ward,John Smith,Richard Hill,Susan Juarez,Barbara Anderson
TWS,Theresa Stout,Michael Christensen,Karen Yates,Caitlin Nash,Jesus Walker,Brenda Cooley,Lucas Reid,Michael Cooper,Mark Jones,Wayne Proctor,Eric Jones,Patricia Copeland
TWS,Katrina Wheeler,Joseph Campbell,Jesse Rodriguez,Andrew Perez,Brenda Johnson,Patricia Munoz,Troy Novak,Megan Tucker,Andrew Fisher,Julie Maldonado,Dwayne Brown,Devon Hernandez
TWS,Dr. Edward Gray,Sandra Olson,Eric Rich,Adam Henry,Stephen Marquez,Erika Diaz,Gregory West,Ronald Stout,Emma Fernandez,James Moses,Nicole Hess,Michael Figueroa
CCSP,Alexander Khan,Justin Callahan,Dakota Green DVM,Meagan Poole,Danielle Owens,Kimberly Deleon,Brian Martinez,Samuel Rhodes,Luis Hopkins,Jordan Wilson,Tiffany Ingram,Bryan Allen
TWS,Brandy Murray,Timothy Keller,Robert Navarro,Kristi Hinton,Jeffrey Mercer,Sandra Pugh,Katherine Lin,Scott Williams,Daniel Li,Thomas Barker,Tammy Mcdonald,Michael Hubbard
FWS,Gabriella Williams,Samuel Anderson,Lance Brown,Michael Rhodes,Judith Petty,Bobby Rios,Christopher West,Daniel Parker,Mary Gray,Elizabeth Mitchell,Michelle Hood,Mrs. Stephanie Johnson DDS
TWS,Emily Davis,Aaron James,Megan Hodge,Monica King,Steven Hardy,Anthony Rocha,Justin Mayo,Danielle Nelson,Jacob Meadows,Scott Harrison,Jonathan Wright,Jennifer Henderson
TWS,Amanda Clark,Kevin Payne,Debra Montoya,Jamie Stewart,Katherine Kemp,Jeremy Flores,Ryan Brown,Karen Campbell,Teresa Pratt,Stephanie Bush,William Garcia,Ana Martinez
TWS,Joseph Parker,Maurice Lopez,Roger Gray,Bradley Dominguez,Wayne Hess,Dr. Lori Freeman DVM,George Valdez,Jason Mejia,Leslie Randolph,William Douglas,Pedro Johnson,Elizabeth Rodriguez
LAW,Rhonda Hall,Cheryl Trujillo,Sean Thompson,Rodney Roberts,Kathleen Haynes,Brenda Kennedy,Michael Jones,Sarah Miller,Amanda Proctor,Charles Turner,Kelli Gonzalez,Keith Bryan
CCSP,Ronald Sanders,Brandi Duke,Monica Peters,Heather Thomas,Robert Boyer,Steven Bailey,Wanda Wong,Sara Bishop,Kimberly Stout,Steven Trujillo,Andrew Scott,Nathan Robbins
TWS,Charles Robinson,Isabella Powell,Jason Washington,Julia Coleman,David Wheeler,Joshua Wilson,Lauren Mathews,Jerome Parsons,Michael Williams,Melissa King,Cynthia Castillo,Lauren Jordan
FWS,Jenna Fleming,Sandra Bailey,Andrew Wilson,Michelle Smith,Melissa Dawson,Cynthia Gray,John Hall,Kimberly Fisher,Anna Kelly,Jonathan Spears,David Fox,Heather Hicks
PED,Pamela Koch,Karen Hernandez,Eric Allen,Cassandra Holder,Shannon Chavez,Michael Schmidt,Christopher Williams,Erin Russell,Kirsten Martinez,Destiny Alvarado,Linda Johnson,Jennifer Flores
CCSP,Tara Proctor,Samantha Harris,Amanda Green,Matthew Washington,Carlos Barker,Brittany Powell,Donna Wise,Anthony Pratt,Deanna Jones,Jonathan Beltran,Nichole Carey,Robert Briggs
CCSP,Jason Olson,Justin Swanson,James Castillo,Sean Murillo,Daniel Roth,Heather Farmer,Shelly Holden DDS,Matthew Farmer,Ronald Russell,Mrs. Jennifer Owens,Ashley Goodwin,Kevin Conner
TWS,Christine Riddle,Martha Young,Christopher Cortez,Dillon Vaughan,Jacob Moreno,Derek Jefferson,Bradley Reynolds,Crystal Oconnell,Jennifer Turner,Jennifer Powell,Kathleen Benton,Keith Johnson
CCSP,Barbara Vargas,John Henderson,Veronica Hill,Donald Carter,Nancy Johnson,Melissa Watson MD,Marcus Cole,Jeanette Russell,Mr. Philip Woodard,Terri Porter,Gary Anderson,Patricia Nelson MD
PED,Angela Spears,Wendy Brown,Mark Paul,Linda Johnson,Heather Robles,Tracey Espinoza,Tina Nash,James Smith,David Rios,David Werner,Joshua Thomas,Kristie Sanchez
CCSP,Jeremy Banks,Kristen Stone,Jason Mcdaniel MD,Dalton Calhoun,Darren Day,Roberto Gordon,Sandra Brown,Cindy Foster,Kara Maldonado,Nancy George,Bradley Williams,Jessica Robinson
PED,Monica Ritter,Erik Johnson,Richard King,Nathan Bowen,Danielle Arnold,Paul Thomas,Michael Smith,Andrew Gonzalez,Ian Conway,Kenneth Cox,Michael Payne,Angela Ramsey
CCSP,Judy Ross,Megan Gomez,Thomas Davis MD,Darin Giles,Cameron Davis,Alisha Gilmore,Jennifer Spencer,Sherry Williams,Mary Anderson,Kristen Smith,Debbie Dawson,Sophia Fleming
PED,Gregory Martinez,Karen Hicks,Michael King,Susan Miranda,Rodney Bennett,Rachel Cruz,Thomas Lopez,Eric Bennett,Kathy James,Christine Soto,Monica Jones,Anita Gonzalez
PED,Danielle White,Marcus Delacruz,Amy Williams,Ashley Clark,Katrina Johnson,Mary Williams,Kevin Kelly,Raymond Mitchell,Eric Price,Mrs. Jennifer Lynch,Curtis Salazar,Nancy Williams
TWS,Renee Castro,James Nelson,Natalie Adkins,Denise Wright,Joseph Berry,Mary King,Brian Cruz,Jonathan Nixon,Stephanie Wright,Melissa Hernandez,Carrie Padilla,Sharon Kane
PED,Kyle Kelley,Melissa Davis,Kelly Lewis,Samuel Haynes,Howard Kelly,Larry Anderson,Leah Gomez,Austin Ward,Lisa Sharp,John Dixon,Kimberly Henderson,Sarah Smith
HSG,Cynthia Jordan,Bonnie Adams,Tammy Matthews,Javier Obrien,Shelly Ramirez,Joseph Johnston,Dr. Julie Armstrong,Donald Hess,Jacob Wright,Richard Peterson,Thomas Ford,Brittany Hawkins
CCSP,William Andrews,Andrea Green,Diana Perez DDS,Michele Lamb,Kristina Jackson,Daniel Jackson,Gina Bell,Thomas Griffin,Lindsay Shields,Paul Ramirez,Terri Holden,Jason Hoffman
FWS,Shane Johnson,Matthew Flores,Patrick Tran,Kelly Lawson,Heidi Baker,Bryan Jackson,Lisa Paul,Jessica Kelly,William Davis,Robert Kim,Randall Koch,Pamela Rose
TWS,Clifford Carrillo,Kristen Flores,Maria Campbell,Jacqueline Adams MD,Kayla Todd,John Wong,Ashley Burns,Gregory Ayala,Patrick Fitzgerald,Eric Vaughn,Aaron Harrison,Vanessa Farmer
TWS,Joel Hernandez,Keith Holland,Corey Dean,Elizabeth Howe,Lisa Brooks,Melissa Rose,Alex Mendoza,Ashley Riggs,Randy Graham,Larry Davis,Brian Compton,Megan Arias
FWS,Cody Estrada,Danny Mcgee,Richard Schmidt,Matthew Walters,Brian Kelly,Jennifer Murphy,Bradley Jones,Michael Frank,Lindsay Torres,Molly Knight,Christine Martin,Brenda Johnson
CCSP,Katie Villanueva,Kristen Jackson,Brenda Gonzales,Sarah Lynn,Monica Avery,Mark Walton,Nicholas Phillips,Veronica Freeman,Denise Jordan,Austin Gomez,Laura Vargas,Brenda Mcclain
CCSP,Jason Atkinson,Clifford Shannon,Kathleen Murphy,Peter Miller,Nicholas Davis,Sara Moody,James Perez,Andrew Walsh,Michelle Zamora,Tyrone Johnson,Jennifer Hunt,Adam Nguyen
CCSP,Helen Rodriguez,Diamond Wright,Kelly Harris,William Reyes,Frances Dodson,Richard Harris,Peggy Shelton,Russell Peterson,Matthew Park,Miguel Miller,Timothy Duncan,Jeffrey Price
HSG,Sara Key,Nancy Nichols,Tracy Washington,Danielle Horn,Matthew Page,Sharon Goodman,Nicholas Lin,Theodore Bailey,Kenneth Armstrong,Karen Brown,Henry Morton,Keith Long
TWS,Mrs. Kimberly Williams,Taylor Petersen,Tammy Williamson,Megan Mccall,Dustin Weeks,Angela Jackson,Whitney Wright,Kathy Oconnor,Andrew Walker,Jennifer Wong,Tyler Blanchard,Hannah Baker
TWS,William Shepard,Kevin Thomas,David Salazar,Dennis Mayer,Megan Brooks,Peggy Coleman,Annette King,Daniel Turner,Steven Gross,Jessica Garcia,Caleb Ortiz,Nathan Gonzales
TWS,Eileen Williams,John Hendrix,Mark Donovan,James Guerrero,Martin Burton Jr.,Lori Powell,Eric Miller,Maria Williams,Melissa Jefferson,Jeffrey Brooks,James Thompson,Melvin Estrada
TWS,Beverly Green,Jordan Harris,Jason Huerta,Michael Bowen,Samantha Bass,Robin Contreras,Julia Fisher,Ann Gonzalez,Ryan Griffin,Diane Williams,Mary Harper,Cynthia Cain
CCSP,Manuel Bennett,Courtney Hill,Rachael Garcia,William Harmon,Tammy Holland,Lisa Mason,Melissa Morris,Cynthia Newman,Amanda Daniel,Victoria Powers,Nicholas Castillo,Meghan George
CCSP,Terri Watson,Mark Ray,Bryan Montes,Henry Norris,Evelyn Henry,Melissa Rodriguez,Edward Blair,William Garcia,Jeffery Martinez,Jeffrey Sutton,Terri Flores,Courtney Fox
TWS,Heather Moore,Aaron Davis,Ashley Morrison,Margaret Hale,Cole Palmer,Vickie Walker,George Baldwin,Joshua Barr,Cindy Mejia,Annette Costa,Amy Whitney,Christopher Sanchez
ARCH,Linda Brown,Mark Martin,Sean Robertson,Lauren Brennan,Jeffery Brown,Elizabeth Bryant,Robert Jackson,Heather Bowers,John Young,Russell Shepard,Joel Lewis,Denise Kelly
FWS,Chris Schneider,Roberto Freeman,Deborah Mcdonald,Alexander Thomas,James Clark,Bryan Roberts,Erik Reyes,Oscar White,Philip Schaefer,Jessica Martinez,Christopher Munoz,Brianna Hodges
CCSP,Ronald Wiggins,Ashley Lopez,Dana Walker,Linda Sullivan,Charles Jordan,Mary Golden,Robert Shaffer,Renee Schmidt,Rebecca Ruiz,Jeremy Johnson,Patricia George,Sarah Richardson
HSG,Joseph Davenport,Joseph Gutierrez,Jacob Reyes,David Neal,Brent Williams,Deborah Mason,Amanda Clark,Kristine Watson,Terry Maynard,Brian Kim,Tanya Miller,Brandon Martin
CS,Casey Bridges,Sarah Ellis,Matthew Taylor,Heidi Martinez,Kevin Webster,Hailey Thomas MD,Michele Schwartz,Joy Fields,Alec Contreras,Calvin Grant,Martha Harrison,Thomas Townsend
TWS,James Dunn,Roger Brown,Jessica Smith,Ariel Davis,Daniel Zhang,Tamara Lewis,Dylan Pacheco,Rachel Rhodes,Meghan Long,William Bennett,Mikayla Young,Cassie Knight
FWS,Erika Mcneil,John Myers,Craig Richardson,Latoya Walls,Susan Barrett,Cynthia Miller,Gregory May,Amanda Lawson,Hannah Cameron,Sherry Lawrence,Justin Chase,Michael Forbes MD
FWS,Kari Li MD,Darrell Wright,Jeffrey Johnson,Jennifer Lynch,Hannah Walker,Gregory Williams,Jennifer Hull,Taylor Jackson,Stephanie Benton,Jacob Benjamin,Jason Ramirez,Tammy Bennett
HSG,Tara Alexander,Annette Clements,Rhonda Perry,Robert Hernandez,Benjamin Blackwell,Daniel White,Danielle Rodriguez,Robert Wells,Tyler Smith,Jacqueline Ortiz,David Coleman,Patrick Kirby
FWS,John Henry Jr.,Zachary Ruiz,Christopher Smith,Suzanne King,Mary Romero,David Keller,Susan Wright,Gregory Nelson,Edward Price,Ronald Terrell,Joshua Chaney,Crystal Becker
CCSP,Sarah Dixon,William Martinez,Elizabeth Bates,Brenda Kim,Stacy Lowe,Cameron Cain,Robert Johnson,Dominique Dodson,Alexander Logan,Sara Mcmillan,Sheila Glover,Michelle Taylor
CCSP,Antonio Griffin,Diana Russo,Amy Williams,Dawn Johnson,Brad Schwartz,Carolyn Newman,Monica Green,Kevin Martin,Sean Rangel,Patrick Cameron,Kimberly Brown,Angela Crawford
CCSP,Michelle Harrison,Corey Moreno,Kristopher Johnson,Tina Chavez,Glenda Castillo,Peggy Jarvis,Zachary Romero,James Taylor,Michael Ford,Brian Allen PhD,Alexandria Ward,Jennifer Rodriguez
HSG,Shawn Thompson,Kyle Ferrell,Kyle Gillespie,Jesse Hartman,Daniel Parker,Teresa Bryant,Kevin Morton,Vanessa Serrano,Jade Lee,Meagan Cardenas,Kevin Brown,Jessica Adams
CCSP,Michael Benton,David Melton,Randy Campbell,Brian Aguilar,Meagan Jones,Melissa Smith,Laura Marsh,Robert Hogan,Matthew Lee,Travis Harrington,Sarah Byrd,Joseph Huff
PED,Renee Moreno,Levi Allen,Gregory Perry,Erin Coleman,Rachel Castillo,Laura Fry,Pam Collins,Ebony Hamilton,Jason Jensen,Jacqueline Blake,Jose White,David Barnes
CCSP,Christopher Lewis,James Whitney,Edward Johnson,Tyler Gregory,Tasha Tapia,Natasha Miller,Brittany Nelson,Lisa Clark,Thomas Cross,Rhonda Weber,Gregory Spencer,Jason Sanders
TWS,Theodore Contreras,David Morris,Elizabeth Little,Michael Gardner,Jeremy Kaiser,Michael Lozano,Jason Wheeler,Tiffany Weber,Ariel Garcia,Barbara Hayes,Brent Nixon,Chelsey Shaw
CCSP,Sarah Davis,Jennifer Rich,Richard Nelson,Nancy Solis,Alyssa Humphrey,Marcus Robinson,Michael Beltran,Jennifer Mcbride,Jeff Johns,Melissa Cisneros,Robert Browning,Shelby Cooper
TWS,Susan Cain,Belinda Leonard,Katherine Bautista,Matthew Burton,Allison Richards,Angie Garcia DDS,Katie Brady,Sarah Baker,Amanda Young,Felicia Thompson,John Tran,Kayla Rosales
PED,Leslie Craig,Amy Dawson,Victoria Jordan,Laura Moran,Mary Vang,Andrea Diaz,Yvette Lee,Deborah Pratt,Elizabeth Fernandez,Randy Palmer,Dr. Laura Bullock,Christine Bass
TWS,Rodney Simmons,Jeremy Brown,Shawn Smith,Mathew Peck,Michael Atkins,Rhonda Harris,Tami Simmons,Karen Mcconnell,William Dyer,Timothy Davis,Janet Austin,Joseph Elliott
CCSP,Phyllis Williams,Joshua Schwartz,Christopher Sanders,Jeremy Smith,Jason Berg,Brianna Russo,Thomas Livingston,David Nguyen,Melanie Bradley,Mrs. Jaime Wilson MD,Samuel Miller,Barry Johnson
HSG,Joseph Stone,Monica Nguyen,Patricia Hawkins,Christopher Mason,Christina Hernandez,Randy Nelson,Melissa Adams,Andrea Warner,Hannah Church,Shelley Cox,James Taylor,Andrea Bailey
HSG,Jennifer Johnson,Marcus Hall,Sandra Peters,Maria Hunt PhD,Pamela Bell,Joshua Blanchard,Mr. Henry Li,Susan Gentry,Lindsey Barton,Barbara Cortez,Andrew Alexander,Bryan Levine
TWS,Mark Baird,Evan Moore,Joseph Soto,Jennifer Crawford,Melissa Perez,David Key,Samantha Collins,Samantha Richards,Andrea Brown,Douglas Bolton,Larry Meyer,Justin Sullivan
CCSP,Stephanie Williams,Craig Kramer,Darren Henry,Matthew Huynh,Anthony Wilson,Tina Johnson,Michael Hale,Gregory Turner,John Bailey,Anthony Carey,Anthony Garcia,Austin Watson
ARCH,Debra Cruz,Alexander Brown,Dawn Williams,Richard Butler,Timothy Johnston,Michelle Mills,David Zimmerman,Kimberly Dean,Charles Hobbs,Michael Rogers,Mike Watson,Joshua Torres
HSG,Joseph Ray,Chelsey Rivera,Kara Bray,Joseph Anderson,Matthew Davis,Nicole Winters,Megan Jones,Michelle Acosta,Judy Travis,Michael Curtis,Kimberly Bernard,Jacqueline Ellison
CCSP,David Perez,Kristin Leonard,John Manning,Mary Wilson,Michael Ross,Sean Meyer,Ruth Myers,Joseph Green,Benjamin Mejia,Deanna Johnson,Kimberly Lee,Charles Baker
CS,Megan Simpson,Deanna Howe,Audrey White,Vicki Brady,Mr. Adrian Young DDS,Kayla Williams,Michael Larsen,Samuel Baker,David Russell,Cesar Woods,Catherine Burns,Martha Mendoza
TWS,Tammy Martin,Alexander Henson,Leslie Lee,Jeffrey Miller,Kevin Davis,Matthew Cole,Michelle Kane,Keith Solomon,Steven Cox,Alicia King,Greg Rodriguez,Anna Mason
TWS,Karen Williams,Paul Perez,Matthew Moran,Ronald Brady,Antonio Wilcox,Daniel Smith,Antonio Pacheco,Mercedes Carter,Lisa Norton,Kevin Rodriguez,Joseph Webb,Brent Thomas
CCSP,Andrew Carter,Dale Graham,Connor Johnson,Jacob Fernandez,Stephen Shepard,Elizabeth West,James Long,Yvonne Montes,Kathy Smith,Jonathan Lee,Amber Clayton,James Savage
TWS,Patricia Williamson,David Richardson,Mr. Brandon Burgess Jr.,Melanie Robinson,Bryan Williams,Kathleen King PhD,Ashley Hawkins,Karen Maldonado,Martin Sanchez,Tony Long,Andrew Tyler,Cheryl Tyler
CCSP,Joanna Berry,Michael Fernandez,John Hall,Kevin Thomas,Jill Bryant,Margaret Young,Caroline Prince,Lindsay Day,Casey Stewart,Christopher Garcia,Elizabeth Potter,Heidi Martinez
CCSP,James Hammond,Sean Larson,Duane Brown,Michael Preston,Wanda Smith,Peter Banks,Cynthia Hawkins,Kevin Barnes,Teresa Clark,Ashley Franco,Rebecca Garrison,Alexandra Bradshaw
CCSP,Tracy Sanchez,Philip Bush,Isaiah Baker,Lauren Oliver,Jeremy Wood,Cheryl Bennett,Pamela Young,Matthew Foster,Ronald Rasmussen,Adriana Gillespie,David Marsh,John Dorsey
HSG,Mike Thomas,Kelly Porter,Nathan Peters,Terry Scott,David Lozano,Timothy Shaw,Susan Rios,Lisa Wallace,Ashlee Hall,Stephanie Salinas,Jeffery Lopez,James Fuller
ARCH,Dylan Smith,Keith Green,Jenny Fisher,Joel Moore Jr.,Dylan Contreras,Tiffany Smith,Megan Holloway,Mark Benjamin,Scott Richardson,Jesus Powell,Kelly Lopez,Cassandra Olson
PED,Daryl Taylor,Cynthia Robertson,Wanda Yang,Kayla Fernandez,Jenna Ramirez,Scott Hammond,Paul Chan,John Wiggins,Brandi Brown,Kelsey Johnson,Anthony Shaffer,Jack Wheeler
TWS,Adam Santiago,Cindy Sparks,Alice Cross,Rhonda Johnson,Olivia Johnson,Devon Tyler,Cheryl Jones,Elizabeth Lee,Tina Glenn,Kristine Mendoza MD,Kevin Ramirez,Daniel Spencer
CCSP,Sarah Henderson,Michael Guzman,Jennifer Hernandez,Ivan Fisher,Rachel Daniels,William Miller,Anthony Peters,Carl Perry,Levi Fowler,Kelly Torres,Judy Taylor,Corey Davidson
FWS,Richard Ryan,Kyle Mcguire,Nina Cooper,Cindy Salas,Kevin Kirk,Anthony White,Kevin Brown,Kyle Bolton,Michelle Garcia,Janice Williams,Tony Mcfarland,Jeffrey Spears
CCSP,Kara Campbell,John Perez,Frank Spence,Stacy Williams,Nicholas Jones,Curtis Long,Robert Walsh,David Kirk,Tina Rogers DVM,Shannon Myers,Angela Page,Christopher Sanders
TWS,Matthew Sheppard,Jennifer Rodriguez,Lee Ware,Kristen Mercer,Wanda Brown,Thomas Brown,Joshua Wilson,Karen Phillips,Melvin Shepherd,Melissa Bailey,John Mendez,Teresa Mitchell
CCSP,Mckenzie Garner,Christopher Roberts,Louis Shah,Jeffrey Pruitt,Teresa Mitchell,Nathan Kennedy,Penny Chavez,Maria Pham,Julie Callahan,Marissa Pitts,Debra Mathis DDS,Scott Bradshaw
FWS,Mia Barajas,Christopher Sullivan,Jeffrey Lee,Alejandro Smith DDS,Sue Lara,James Scott,Jacqueline Washington,Jessica Coleman,Becky Chambers,Marc Ball,Eileen Harper PhD,William Ford
TWS,Christopher Cruz,Nicole Ruiz,Lance Hall,Ryan Adams,James Davis,Haley Jones,Kim Cook,Ronald Santiago,Brandy Williams,Brooke Roberts,Cynthia Mclaughlin,Terri Skinner
TWS,Dawn Novak,Kristine Ward,Karen Johnson,Renee Collins MD,Anne Campbell,Heather Miller,Glenda Parrish,Chad Cervantes,Renee Mason,Patricia Vasquez,Melissa Chen,Danielle Hernandez
HSG,Patrick Lawrence,Emily Burke,Mark Madden,Taylor Bradford,Stacey Weber,Chad Kramer,Dr. Robert Newman,Mr. Thomas Cook MD,Joshua Hernandez,Elizabeth Singleton,Adam Thomas,Isaac Stephenson
HSG,Monica Brown,Deborah Solis,Kimberly Fleming,Mr. Daniel Francis,Zoe Collins,Michele Rush,Scott Palmer,Adam Adams,Amanda Thomas,Erika Bailey,Antonio Bennett,Lisa Good
CCSP,Carly Hayden,Keith Lee,Jessica Fisher,Deanna Harvey,Alex Perez,John Walsh,Derrick Cummings,Jamie Harrison,Richard Coleman,Jasmine Reyes,Vanessa Frazier,Amy Reed
PED,Kimberly Hayes,Kelsey Carlson,John Perkins,Carla King,Don Reeves,Debbie Kelly,Thomas Blair,Tammy Kennedy,Sherry Ballard,Lisa Patterson,Tina Benson,Carmen Wong
CCSP,Heather Ali,Melinda Wagner,Taylor Meza,Anthony Barnes DDS,Katherine Rivera,Mark Marshall,Natalie Lewis,Justin Lopez,Andrew Smith,Dana Kerr,April Graham,Susan Moon
FWS,John Hill,Destiny Lawson,Stephanie Shaw,Casey Gonzalez,Sarah Ferrell,Don Elliott,Thomas Garcia,Lori Hernandez,James Hartman,Rhonda Pittman,William Greene,Samantha Tran
CS,Jennifer Lopez,Diana Hammond,Devin Davis,Preston Khan,Lindsay Moore,Jessica Alexander,Courtney Brown,Emily Davenport,Misty Morrison,Mary Hammond,Jeffrey Cooke,Donald Liu
PED,Alyssa Lewis,George Lee,Ariel Weiss,Matthew Gonzales,Angela Humphrey,William Kirby,Robert Morris,Carlos Glenn,Christopher Robertson,Micheal Burns,Benjamin Miller,Melissa Brown
TWS,Garrett Conway,Melissa Kline,Lauren Wong,Paul Harmon,Gina Johnston,Joseph Hall,Jessica Miller,Eric Dunlap,Sarah Stevens,Bridget Cole,Rachel Torres,Robin Garcia
HSG,Randall Lopez,Erika Hoffman,Justin Ross,Frank Johnson,Heather Strickland,Judy Garza,Angela Macdonald,Michael Dawson,Judith Oliver,Angela Christian,Joseph Mueller,Kelly Miller MD
HSG,Andrew Ross,Jesse Miranda,Timothy Wall,Zachary Jackson,Anita Larson,Jorge Barr,Wendy Gonzalez,Erika Lee,Jesus Johnson,Scott Dickerson,Adam Woodard,Donald Wilson
FWS,Michelle Hayes,Kevin Horton,Brian Rodriguez,Mr. Darius Pena,Sara Williams,Sharon Hartman,Matthew Hines,Alexandra Johnson,Hector Garner,Desiree Salas,Gina Chaney,Michael Vaughn
TWS,Mr. Philip Howard MD,Nancy Byrd,Matthew Brooks,Shannon Johnson,Patricia Fuentes,Douglas Duncan,Jaclyn Taylor,David Bridges,Angel Snow,Rachael Jackson,Kari Hall,Rebecca Anderson
PED,Steven Velez,Mr. Darrell Smith,Mary Jones,Kaitlyn Levine,Deborah Becker,Maria Brown,Bryan Dalton,Richard Allison,Dawn Thomas,Julia Galloway,Charles Deleon,Taylor Moore
TWS,Jessica Thompson,Dustin Harvey,Rebecca Jones,Kathleen Turner,James Williams,Ruben Wilkerson,Mr. Zachary Bryant,Thomas Lang,Laura Anderson,Jason Russell,Eric Brown,Kevin Hall
CCSP,Mrs. Sabrina Maldonado DDS,Mario Fox,Nathan Benitez,Roy Garcia,Shane Hernandez,Louis Martinez,Matthew Lopez,John Kemp,Elizabeth Knapp,Dr. Jerry Shaffer,Laura Walton,Gary Jones
CCSP,Daniel Chandler,Wanda Cordova,Robert Burke,Nicholas Nielsen,Robert Morris,Briana Tapia,Kenneth Higgins,Mark Wong,Mr. Connor Gilbert Jr.,Stephen Griffin,Henry Phelps,Christopher Marshall
CCSP,Loretta Brady,Debra Barber,Jenna Sims,William Chambers,Mark Lyons,Kristen Moore,Darren Suarez,Jessica Cross,Omar Gonzalez,Mr. James Martinez MD,William Meadows,Cheryl Thomas
INFR,William Cummings,Daniel Wilkinson,Matthew Price,Richard Perez,Jessica Anderson,Samantha George,Sarah Hoffman,Heidi Steele,Lisa Soto,Michael Holder,Craig Martin,Kaitlyn Myers
CS,Colleen Yang,Dylan Briggs,Taylor Harrison,Andrew Sharp,Jennifer Kerr,Curtis Day,Kelly Lawson,Paul Walker,Amber Henry,Theresa May,Jared Alexander,Lynn Gonzales
PED,Brian Morris,Katelyn Hale,William Estrada,Curtis Jenkins,Terri Fischer,Kathy Atkins,Brandon King,Sara Green,Jessica Mcconnell,Julie Cox,Courtney Robinson,David Zhang
CS,Emily Nguyen,Vickie Smith,Gail Robertson,Kristina Frank,Christopher Smith,Darius Patterson,Cynthia Harris,Jason Roberts,Jeremy White,Cassidy Spencer,Kristen Clements,Margaret Henderson
TWS,Maurice Ellis,Hannah Cameron,Christopher Duncan,Mark Newton,Robin Miller,Jonathan Fletcher,Lawrence Gonzalez,Amanda Walker,John Brown,Wendy Chambers,Robin Russell,Laura Sutton
TWS,Hannah Maldonado,Erik Sweeney,Charles Wagner,Katherine Williams,Kimberly Ramirez,Robert Lewis,Andrew Hamilton,Nicholas Mullen,Christopher Chavez,Danielle Long,Heather Stein,Edward Goodwin
FWS,Dr. Carly Hall MD,Joseph Mcdonald,Joshua Todd,Jessica Scott,Roberto Lopez,Juan Washington,Eileen Brown,Justin White,Tyler Lee,Kathleen Morrison,Mr. Kevin Martin,Patricia Richardson
PED,Angela Nicholson,Edward Parker,Edwin Cain,Mark Griffith,Vicki Stewart,Allison Roberts,Michael Carroll,Anthony Hunter,James Rodriguez,Nicole Robinson,Stephanie Carter,Jose Howard
TWS,Barbara Brown,Evan Pena,William Allen,Nicole Peterson,Miranda Montes,Megan Williamson,Tracy Abbott,Karen Hubbard,Chelsey Henry,Michele Novak,Chris Lee,Joan Fletcher
HSG,Tammy Barnes,Laura Rojas,Jason Miller,Victoria Reed,Alisha Grant DDS,Adam Acosta,Gary Griffin,Anthony Young,Marc Berg,Christopher Bates,Paul Gilbert,James Caldwell
CS,Nicholas Sloan,Johnny Stokes,Kim Wang,Ryan Williams,Janice Rose,Adrian Gonzalez,Anthony Mcneil,Debra Haney,Jessica Mcdaniel,Lori Thomas,Jacob Ortega,Cindy Mccoy
CS,Joseph Mcbride,Tonya Conley,Kathryn Parrish,Brittany Carlson,Kevin Dorsey,William Mccarty,Megan Rodriguez,Amy Schroeder,Christopher Edwards,Kimberly Little,Bradley Medina,Scott Cowan
CS,Jessica Lucero,Brian Hawkins,Patrick Barber,Erin Harrison MD,Kristopher Williams,Victor Singh,Anthony Harris,Autumn Sanchez,Adrian Turner,Oscar Jones,Stephen Wallace,John Montes
TWS,Molly Smith,Jill Mcdonald,Mark Shah,Mary Guzman,Veronica Shaw,James Powers,Robert Frazier,Whitney Johnson,Cindy Cole,Bob Wiley,Brent Atkins,Doris Rogers
CS,Matthew Hull,Stephanie Tyler,Mark White,Austin Morales,Patrick Miller,Eileen Myers,John Doyle,Sheila Collier,Scott Owens,Phillip Harris,Jacob Patton,Bradley Wright
ARCH,Christopher Carson,Briana Dennis,Harold Chen,Eric Carrillo,Phillip Young,Stacey Mccoy,Kevin Chung,Nancy Morrow,Kimberly Navarro,Taylor Ford,Emily Becker,Colleen Henry
CCSP,Bianca Baker,Jennifer Baker,Marcus Perry,Kathleen Parsons,Maria Lewis,Nicole Fox,Darrell Edwards,Lauren Jones,Courtney James,Tamara Sandoval,Kelly Melton,Tyler Smith
TWS,Alexis Hernandez,Robert Green,Autumn Nelson,Carrie Hanson,Traci Miles,Erin Coffey,Ashley Chavez,Laura Green,Austin Nguyen,Cynthia Smith DVM,Michael Rhodes,Michael Poole
CCSP,Adam Townsend,Angela Mann,Howard Hall,Matthew Rollins,Sheila Smith,Edward Morris,Regina Taylor,Haley Phillips,Brianna Humphrey,Dr. Luis Jimenez,Nina Miller,Robert Taylor
CCSP,Charles Fox,Mr. Robert Holmes PhD,Victoria Russo,Ricky Patton,Raymond Ferguson,Joshua Hughes,Tiffany Perez,Donald Richardson,Zachary King,Susan Thompson,Abigail Dougherty,Peggy Wilkinson
TWS,Leah Ford,Lindsey Griffin MD,Terry Colon,Molly Hopkins,Wendy Lin,Aaron Fernandez,William Grant,Erika Franklin,Amy Graham,Erin Ramirez,Daniel Evans,Tiffany Powell
CS,Danielle Delgado,Dr. Tara White,Kathryn Wheeler,Charlene Martinez,Richard Ruiz,Deborah Castro,April Bailey,Christian Jones,Jermaine Clark,Trevor Krause,Whitney Edwards,Lauren Hernandez
CCSP,Katelyn Calderon,Ashley Martin,Christopher Reed,Randall Holmes,Anthony Perez,Courtney Thompson,Brandi Lee,Kevin Smith,Kristina Hodge,Daniel Boyle,Douglas Kramer,Michael Phillips
HSG,Joseph Fuller,Amanda Jones,Lori Mitchell,Jonathon Frazier,Mariah Lee,Ivan Wilson,Michael Brown,Allison Jenkins,Anthony Underwood,Ryan Ryan,Elizabeth Thompson,Allison Miller
PED,Ryan Morse,Samantha Braun,Mary Berger,Betty Koch,Anita Robinson,Denise Nunez,Ashley Ramirez MD,Michael Hicks,Elizabeth Collins,Vincent Holmes,Kristen Mercado,Margaret Adams DDS
PED,Amanda Cobb,Keith Johnson,Becky Hurst MD,Kimberly Clark,John Ross,Troy Banks Jr.,John Taylor,Robert Webb,William Watts,Jacob Gray,Natasha Jones,Timothy Archer
TWS,Jeffrey Barnes,Kathryn Pearson,Christina Koch,Deborah Wallace,Danielle Ray,Sean Doyle,Alicia Jones,Ronnie Schneider,Manuel Dudley,Jose Clark,Robert Horton,Connor Rubio
TWS,Sherry Saunders,Patrick Shaw,Brenda Jones,Colleen Blake,Lynn Williams,Sarah Nelson,Adrian Bailey,Bryan Butler,David Johnson,Kathy Orozco,Shawn Morris,Catherine Smith
CCSP,Damon Owens,Angela Harper,Devin Lane,Morgan Hudson,Michael Sims,Dustin Mills,Curtis Huffman,Cheryl Bush,Marcus Guzman,Ronald Anderson,Courtney Kramer,Holly Pham
CCSP,Mark Graves,Brenda Sexton,Brent Harrell,Ashley Griffin,Audrey Trevino,William Bennett,Anna Sanchez,Nathaniel Snyder,Tara Smith,Tiffany Wagner,Michael Ruiz,Chelsea Campos
CCSP,Keith Stafford,Dylan White,Michelle Mack,Justin Jones,Albert Chandler,Alexander Andrews,Monica Foley,Brett Scott,David Ward,Jerry Jensen,Thomas Morales,Victoria Griffin
TWS,Alexandra Ford MD,Peter Jackson,Tracy Flowers,Sherry Reeves,Jeffrey Smith,Erika Zavala,Catherine Wilson,Michael Murphy,Charles Barnes,Heather Sanders,Mary Brown,Jackie Soto
CS,Crystal Wilson,Tonya Jones,Randy Garcia,Daniel Gibbs,Lori Knight,Brandon Bush,Robert Miller,Anthony Parrish,Alan Clark,Grace Carrillo,Aaron Lopez,Kelly Dunn
CCSP,Kimberly Allen,Gregory Ramirez,Nicholas Williams,Dean Kaufman,Jim Newman,Kyle Morales,Mark Lewis,James Keith,Adam Tanner,Hannah Santana,Kelly Johnson,Cheryl Hernandez
PED,Christina Adams,Brian Henry,Randall Gardner,Michael Ray,Heather Cook,Brian Blanchard,Alex Wong,Nicholas Sherman,Jose Zamora,Nicole Butler,Kerry Huang,Mary Edwards
CS,Jennifer Lee,Jared Pena,Carolyn Tucker,Nancy Wilkinson,Anna Snyder,Walter Myers,Nicole Davis,Tracy Edwards,James Cooper,Eric Page,Taylor Vang,Cody Taylor
FWS,Gabriela Mckee,Tracey Estrada,Michael Burch,Haley Ramirez,Kayla Cook,Richard Fields,Mandy Reyes,Bobby Garza,Monica Levine,Kevin Cochran,Kyle Scott,Katie Graves
CS,Bonnie Miller,Crystal Cole,Carolyn Adams,Darlene Gilmore,Scott Williams,Nicholas Thomas,Michael Richard,Zachary Douglas,Devin Walker,Stephanie Dunlap,John Munoz,Charles Brown
TWS,Cheryl Jones,Kristen Blackwell,Jack Moore,Melissa Foster,Melissa White DDS,Valerie Hubbard,Michelle Lane,Jessica Mcguire,David Murillo,Meagan Briggs,Jennifer Jones,Ruth Roach
TWS,Billy Schroeder,Jeremy Hill,Mrs. Amber Sanchez,Kathy Jones,Haley Perkins,Joseph Duncan,Kevin Yu II,Keith Robinson,Jessica Liu,Justin Reyes,Ryan Wilkerson,Seth Stevenson
CCSP,Michael Avery,Andrew Ross,Stephen Garcia,Candice Barnes,William Rodriguez,Alejandra Diaz,Robert Porter,Alicia Williams,Christina Dickerson,Kylie Martin,Shawn Miller,Timothy Pena
CS,Matthew Kim,Jasmine Gardner,Jesse Hall,Robert Moreno,Christopher Davenport,Michaela Williamson,Nicholas Tanner,Carl Randall,Carolyn Wright,Mr. Joseph Gardner,Michael Brown,Kimberly Ward
CCSP,William Smith,James Pierce,Ryan Mills,Abigail Mata,Michael Foster,Chelsea Weber,Kimberly Burke,Tina Jackson,Benjamin Chapman,Joseph Fitzgerald,Brittany Dillon,Gary Ferguson
PED,Karen Sandoval,Selena Washington,Jessica Ochoa,Allison Yang,Patrick Alexander,Christopher Silva,Kelli Anderson,Amy Mccormick,Bridget Douglas,Brian Davis,Edward Hopkins,Adam Kerr
HSG,Peggy Zimmerman,Kayla Scott,April Torres,Cody Garcia,Thomas Pena,Darryl Castillo,Jessica Underwood,Julie Rich,Jessica Osborn,Gary Kidd,Jeffrey Douglas,Joseph Cook
ARCH,Cameron Garcia,Jennifer Holt,Gary Ballard,Brenda Campbell,Jennifer Carrillo,Timothy Yang,Jeffrey Rangel,Claire Dillon,David Rollins,Lori Ramirez,Ricky Hines,Lauren Cox
CS,Beth Smith,Phillip Russell,Christopher Bond,Eric Hays,James Robinson,Marie Steele,Michael Malone MD,Suzanne Spencer MD,Patricia Daniels,Joshua Aguilar,Kendra Parsons,Julie Singh
ARCH,James James,Virginia Wu,Jacqueline Smith,Anita Cox,Zachary Patrick,Andrea Downs,Kristin Donaldson,Frederick Coleman,Jonathan Wade,Anthony Rogers,Donna Lyons,Edwin Weber
LAW,Nicholas Campos,Shane Lucero,Michael Hicks,Robert Wheeler,Mark Patrick,Pamela Strong,William Lopez,Jessica Arroyo,Jennifer Franklin,Wayne Griffith,Julie Robinson,Cassandra Krueger
TWS,Daniel Bullock,Adam Elliott,Hector Villanueva,Joseph Ware,Natalie Clark,Adam Hunt,Shannon Smith,Brandy Jackson,Emily Thompson,Paula Beasley,Samuel Brown,Charles Pacheco
CCSP,Jose Powell,Johnathan Chung,Mr. James Mcdaniel DDS,Mrs. Christina Williams,Melissa Alvarado,Timothy Soto,Matthew Porter,Jeffrey Ryan,Joshua Montgomery,Cynthia Davila,Joshua Rowe,Patrick Evans
TWS,Casey Cross,Breanna Hardy,Kathleen Baker,Danielle Walters,Michael Liu,Kelly Richard,Stephanie Edwards,Cindy Gonzales,Craig Garcia,Tracy Terry,Raymond Collier,Charles Summers
PED,Connor Valencia,Lisa Mitchell,Robert Castillo,Sheila Morrison,Michael Morton,Keith Price,Charles Robinson,Nancy Mitchell,Meghan Williams,Andrew Bryan,Joshua Weber,Lisa Brown
PED,Carrie Taylor,Nichole Green,Jeremiah Beard,Michael Mitchell,Joseph Kelly,Shelby White,Tara Campbell,Lori Mullins,Jim Pierce,Michelle Martin,Jordan Jennings,Daniel Brown
FWS,Troy Johnson,Amber Mcintyre,Kathleen Davis,Susan Johnson,Rodney Thompson,Craig Washington DVM,Samantha Wood,Toni Garcia,Marvin Knight,Barbara Pace,Megan Garrett,Suzanne Blair
TWS,Michael Kelley,Lisa Duran DDS,Peter Medina,Cynthia Bell,Sean Smith,Ryan Wilson PhD,Rebecca Rowe,David Sosa MD,Donna Owens,Earl King,Frank Hansen,Jordan Rowe
TWS,Ryan Smith,Grant Allen,Jimmy Miller,William Santana,Steven Gutierrez,Tracy Thomas,Lori Smith,Keith Soto,Linda Conley,Katie Shaw,Sara Bradley,Micheal Vargas
TWS,Dillon Estrada,Anthony Perez,Christina Tate,Debra Holt,Linda Farmer,Jennifer Brown,Scott Wallace,Angela Ramsey,Marco Kaiser,Stephanie Reyes,Tiffany Williams,Pamela Phillips
TWS,David Davis,Jennifer Jones,Emma Rodriguez,Victoria Nielsen,Hector Frederick,Kathryn Hall,Laura Thomas,Tara Wade,Ryan Schmidt,Robin Sawyer,Edward Carter,Alfred Gomez
ARCH,Taylor Santiago,Carly Goodman,Susan Scott,Jane Gill,Jessica Smith,Julie Blair,Howard Moyer,Brian Thomas,Diana Donaldson,Dennis Craig,Paige Moore,Austin Caldwell
HSG,Suzanne Dixon,Dawn Morales,Chelsea Oconnor,Elijah Gilbert,Dwayne Scott,Marissa Pena,Heather Myers,Steven Price,Tiffany Young,Janet Hamilton,Frank Morgan,Jamie Turner
LAW,Katherine Lewis,Andrew Williams,Chase Graham,Donna Huynh,Paul Morse,Andrew Carr,Dr. Steven Hubbard,Mr. James Hall,James Kelly,Thomas Smith,Andrew Perry,Steven Mays
CCSP,Joseph Burnett,Benjamin Garcia,Dr. Samantha Kidd MD,Alyssa Kelley,Mark Jones,Tammy Reed,Robert Bowen,Calvin Greer,Joseph Good,Danielle Blake,Michael Pope,Colton Leon
INFR,John Adkins,James Burns,Megan Cooper,Jennifer Strickland,Melissa Barr,Stephanie Anderson,Jonathan Henderson,Anthony Compton,David Vega,Joanne Bailey,Paul Kirk,Angela Turner
TWS,Fernando Nash,April Holland,Michael Schmidt,Debbie Lopez,Kenneth Carter,Kyle Wells,Timothy Wallace,Christopher Johnson,Alyssa French,Lori Hughes,Kim Black,Louis Walker
ARCH,Jeffrey Graves,Pamela Caldwell,Mrs. Karen Simmons,Mary Guerrero,Kelly Arroyo,Linda Martin,Amanda Hudson,Jorge Krueger,Brandon Richard,Randall Walker,Tara Mcknight,James Christian
HSG,Lisa Price,Alex Brown,Blake Cowan,Lauren Baldwin,Sarah Bradford,Gary Vance,Mark Vazquez,Rebekah Wheeler,Victor Anderson,Colleen Washington,Jill Charles,Gabriela Carter
CS,Theresa Miller,Casey Rowland,Tina Gutierrez,Kathleen Bright,Jeffrey Lewis,Victoria Owens,Travis Adams,Thomas Mays,Austin Gonzalez,Ronald Weber,Richard Taylor,Carol Smith
CS,John Ho,Jacob Davidson,Matthew Fisher,Claudia Jones,Tracy Torres,Emily Cross,Laura Anderson,Jon Johnson,Anthony Alvarado,Joshua Garcia,Mary Smith,Mary Kim
CCSP,Richard Snyder,Valerie Morton,Robert Hendricks,Kelly Mcmahon,Douglas Morales PhD,Edward Coleman,Lauren Cummings,Thomas Zimmerman,Heather Phillips,Sherri Hall,Marcus Sanchez,Jennifer Moreno
TWS,Michael Sampson,Ashley Lee,Lori Burns,Amy Morris,Joshua Erickson,Elizabeth Lee,Cheryl Howard,Julia Phillips,Ruben Hernandez,Christian Hernandez,William Barnes,Robert Cooke
TWS,Meghan Mckee,Stacy Dalton,Nicholas Vaughan PhD,Michael Johnson MD,Melanie Mays,Debra Hall,James Norton,Julia Whitaker,John Young,Justin Collins,Taylor Hunt,Kayla Morgan
LAW,Mark Cole,Nicole Cruz,William Valdez,Sarah Rowland,John Brown,Shirley White,Joel Small,Alfred Moore,Gina Taylor,Julie Moody,Joseph Costa,Justin Daniels
INFR,Timothy Lawson,Debbie Andrews,Kara Atkins,Andre Cervantes,Colleen Nelson,Sheryl Vargas,Alexander Bright,Jennifer Ferguson,Marisa Williams,Jason Kelly,Thomas Williams,Susan Morales
CCSP,Kimberly Crosby,Nathan Flores,Joseph Leonard,Brittney Price,Jessica Watkins MD,Cindy Williams,Stephen Henderson,Grace Kelly,Jennifer Wise,David Rodriguez,Jessica Ruiz,Rachel Greene
HSG,Elizabeth Johnson,Maria Lopez,Janet Harris,Debra Conley,Sonya Mullins,Ryan Rodriguez,Anthony Hodge,Sandra Woods,Mark Hamilton,Scott Munoz,Steven Williams,Ariana Gomez
CS,Lori Parker MD,Crystal Wyatt,Mr. Stephen Carter,William Marshall,Chris Roberts,Ellen Washington,Jeffery Johnson,Jason Day,Justin Collins,Brian Nichols,William Anderson,Stephen Chambers
CCSP,Amanda Daniel,Marcus Ramirez,Norman Thomas,Steven Garcia,Kenneth Young,Kathy Fischer DVM,Casey Walls,Natalie Lawson,Matthew Mason,Ms. Meredith Martin DDS,Hayden Summers,Jack Watkins
PED,Sophia Robles,Eugene Morrow,Emily Brown,Thomas Aguirre,Mary Williams,Mrs. Alicia Brown,Wanda Torres,Shelby Young,Eric Ellis,Christopher Townsend,Regina Mason,Christina Gonzales
HSG,Brooke Lee,Benjamin Mcknight,Nicole Caldwell,Raven Campos,Marcia Perkins,Troy Thompson,Mackenzie Williams,Ashley Kelly,Phillip Becker,Matthew Jones,Amy Dudley,Lisa Floyd
HSG,Ana Marshall,Mr. David Miller MD,Kim Davis,Matthew Garcia MD,Amanda Long,Patricia Rhodes,Wanda Martinez,Amber Sawyer,Phillip Morris,Noah Herring,Michael Kennedy,James Calhoun
HSG,Connor Anderson,Douglas Woods,Daniel Suarez,Keith Clark,Derek Wilcox,Patricia Villarreal,Chad Simmons,Mark Allen,Sarah Vance,Christina Brown,Sara Thomas,Mackenzie Murillo
TWS,Michael Vance,Erin Owens,Brian Shelton,Crystal Olson,Dawn Carr,Gina Williams,Janice Woodard,Michelle Lee,Holly Rice,Lori Brown,Anthony Patterson,Katherine Martin
CS,Maureen Lopez,Nicole Brown,Anthony Lawson,Amy Freeman,Benjamin Hunter,Wendy Fletcher,Tiffany Rodriguez,Abigail Espinoza,Jessica Preston,Deborah Diaz,Frank Butler,Suzanne Rangel
CS,Kevin Mullins,Michael Downs,Ryan Lewis,Curtis Carter,Suzanne Martin,Logan Scott,Antonio Chase,Natalie Hamilton,Shannon Rivera,Alisha Garcia,Elizabeth Burnett,Mr. David Simpson
PED,Robert Farley,Linda Banks,Mary Sims,Joseph Key,Valerie Miller,Guy Smith,Stephanie Jenkins,Theresa Walker,Jose Kelley,Kristin Jenkins,Hannah Coleman,Stephanie Colon
PED,John Sanders,Sara Sherman,Lance Miller,Andrew Taylor,Stephanie Weaver,Cody Orozco,Zachary Jackson Jr.,Matthew Thompson,Bailey Montoya,Christine Dickson,Tanya Garcia,Anita Todd
TWS,Timothy Mueller,Herbert Johnson,Aaron Avery,Holly Carrillo,Daniel Schultz,Michael Moran,Maureen Joyce,Angela Chandler,Lisa Branch,Felicia Henry,Derek Martin,Deborah Anderson
FWS,Shawn Williams,Pamela Baker,Anthony Christian,Rebecca Johnson,Elizabeth Johnson,Michelle Mendoza,Robert Myers,Daniel Glover,Jaime Robertson,Jacob Davis,Melissa Carlson,Rebecca Spears
CCSP,Erica Lee,Brandon Stephens,Mr. Dale Delgado IV,Christina Casey,George Gilbert,Patrick Buck,Lisa Cruz,Kimberly Reynolds DDS,Jasmine Cooke,Sara Taylor,Monica Allen,Justin Roberson
HSG,Denise Gonzalez,Steven Thomas,Kelly Chang,Shannon Peterson,Kelsey Haney,Tiffany Miller,Judy Myers,Lance Wallace,Jared Romero,Brian Baker,Kyle Lawson,Stacey Bell
HSG,Tiffany Ramos,Alexander Osborn,Erin Cohen,Thomas Bell,Adrian Schultz,Michelle Wall,Jennifer Smith,Valerie Vasquez,Stephen Martin,Robert Dickerson,Paul Campbell,Timothy Stone
CCSP,Zachary Wade,Amber Howard,Matthew Horton,Mrs. Rebecca Calderon,Michael Huerta,John Strickland,Richard Stout,Victoria Martinez,Angela Lyons,Terri Li,Megan Beck,Angelica Fisher
CCSP,Crystal Collins,Michael Fernandez,Leon Lane,Charles Murray,Eric Kelley,Madison Clark,Jose White,Maria Cox,Michael James,David Butler,Sonya Alexander,Adrienne Gonzales
TWS,Maria Adams,Laura Parker,Courtney Ward,Stephanie Kennedy,Deanna Jordan,Amanda Cooper,Jamie Saunders,Jessica Graham,Gary Lee,Regina Jackson,Jeffrey Wood,Mario Burke
CCSP,David Wall,Rebecca Patterson,Devin Villa,Jenna Morgan,Casey Burns,Sherry Bradshaw,Anthony Jones,Raymond Campbell,April Johnson,Raymond Suarez,Taylor Griffin,Jacqueline Mosley DDS
FWS,Elizabeth Dean,Taylor Brooks,Amy Norton,Justin Ortiz,Ricardo Perez,Karen Pratt,William Martinez,Katherine Mcknight,Carla Medina,Mrs. Kathleen Vasquez DDS,Stephanie Delacruz,Ronald Garcia
CS,Carla Baker,Amy Conway,Don Jackson,Gerald Oconnor,Katelyn Davis,James Farmer,Dillon Conley,Michelle Butler,Wendy Estrada,Kristie Goodwin,Eric Downs,Terri Bailey
PED,Christie Marquez,Ronald Blake,Samuel Walters,Jessica Schultz PhD,Craig Perez,Barbara Mendoza,Daniel Evans,Jason Patterson,Joe Anderson,Ricky Green,Paul Parker,Andrew Moore
FWS,Michael Jackson,Kristen Reyes,Roy Martinez,Zachary Hernandez,Diana Sanders,Gloria House,John Dodson,Kayla Jones,Melanie Kane,Alan Sherman,Tom Kim,Kristen Clark
CCSP,Anna Pope,Ashley Rios,Mr. John Cardenas,Sarah Davis,Michael Ford,Dawn Carter MD,Zachary Stevens,David Mitchell,David Lloyd,Sandy Allen,Alexandra Ray,Joshua George
FWS,Barbara Hanson,Anna Miller,Larry Garcia,Alicia Hunter,Crystal Evans,Brooke Castillo MD,Richard Hicks,Carlos Brown,Mia Wilson,Jennifer Turner,Michael Stevens,Destiny Lewis
HSG,Brooke Phillips,Kimberly Knight,Sheila Davidson,Krista Jordan,Brenda Jackson,Jack Hill,Taylor Kennedy,Zachary Edwards,Gary Jensen,Ashley Miller,Theresa Morrison,Leah Smith
PED,Barbara Sheppard,Rebecca Berry,Meredith Petersen,Andrea Lucas,Grant Hardy,Amanda Nelson,Micheal Cole,Garrett Cruz,Monica Lopez,Jerry Baker,Amy Fry,Rebecca Moore
CS,Donald Neal,David Newton,Elizabeth Sawyer,Rachel Woodard,Michelle Duran,Patricia Torres,Antonio Sanders,Matthew Watkins,Brianna Baird,Levi Buck,Timothy Davis,Karen Nelson
FWS,Scott Romero,Kathleen Harper,Heather Robinson,Deborah Harvey,Melissa Vincent,Brent Lambert,Susan Davenport,Rebecca Webster,Jennifer Kerr,Laura Fox,Robyn Browning,Victoria Flowers
CCSP,Adam Anderson,Shannon Carroll,Kathryn Osborne,Charles Carter,Julie James,Joshua Cruz,Morgan Medina,Nancy Walker,Jennifer Perkins,Connor Johnson,Hannah Fowler,Ryan Fleming
TWS,John Wallace DVM,Nicole Olsen,Alicia Hopkins,Michele Kelly,Karen Winters,Aaron Ayala,Karen Patterson,Ana Fletcher,Kristine Vazquez,Christopher Bailey,Peter Martinez,Kent Gibson
TWS,Diana Cameron,Nicholas Anderson,Christina Robinson,Jeffery Brown,Brenda Murphy,William Patel,Susan Knox,Mark Reyes,Brittney Singh,Lindsey Simmons,Joshua Jimenez,Wendy Watson
FWS,Alexander Lutz,Rachel Williams,Robert Davis,Kimberly Torres,Lindsay Cox,Jose Williams,Stephanie Harmon,Lisa Lawson,Douglas Howell,Cody Hodges,Charles Walsh,Antonio Reed
CS,Jordan Fletcher,Justin Bryan,Anne Johns,Jamie Ryan,Maria Cervantes,Alison Adams,Brian Day,Tiffany Mccall,Brandon Clarke,Wayne Novak,Don Bolton,Chloe Arias
HSG,Brittany Fernandez,Meghan Owen,Michael Bautista,Morgan Mahoney,Patricia Gonzalez,Michael Blevins,Jason Cruz,Leslie Hardy,Danielle Nunez,William Reyes,Mr. Timothy Vazquez,Regina Harding
HSG,James Harris,Melissa Hawkins,Dana Fields,Karen Pena,Gary Schwartz,Gerald Hickman,Dr. Nathan Adams Jr.,Douglas Avery,Amy Myers,Regina Rose,Antonio Vincent,Julie Spence
TWS,James Greene,Kevin Harmon,Rebecca Jones,Sean Watson,Amanda Jones,Victoria Munoz,Jennifer Ponce,Alicia Lopez,Miranda Henderson,Hannah Reynolds,David Smith,Justin Greer
TWS,John Hernandez,Robert Friedman MD,John Browning DDS,Kevin Hawkins,Michael Wood,Daniel Duarte,Maria Coleman,Brandi Davis,John Fox,Brian Peters,Dawn Johnson,Pamela Gonzalez
FWS,Kenneth Baker,Carrie Phillips,Shaun Krause,Paul Cohen,Christy Ward,Sara Pham,Katherine Gibson,Vanessa Price,Carol Robertson,Tina Marquez,Tracy Kirby,Stephen Mann
CS,Jordan Ruiz,Jennifer Martin,Vincent Johnson,William Henderson,Bradley Kim,Austin Matthews,Jaime Haynes,Bruce Sandoval,Billy Becker,Nicole Hubbard,Brenda Lopez,Alexander Schwartz
CCSP,Jackie Davis,Amanda Oneill,Karen Ortiz,Larry Chen,James Davidson,Elizabeth Reyes,Erika Baker,Manuel Holland,Kelly Shaffer,Brittany White,Daniel Turner,Francisco Marquez
TWS,Ryan Walter,Crystal Reeves,Samantha Miller,Ebony Snyder,Ronald Richards,Mr. Troy Murray,Molly Gross,Abigail Mcdaniel,Jennifer Figueroa,Ricky Rosales,Deborah Livingston,Denise Pineda
HSG,Robert Peterson,Trevor Doyle,Tina Murphy,Stacy Baker,Sarah Harvey,Rebecca Roberts,Robert Chambers,Allison Perry,Jessica Lopez,Richard Hawkins,Charles White,Kimberly Allen
CCSP,Karen Walton,Johnny Richardson,Monica Campbell,Jeff Cameron,Michael Trevino,Elizabeth Pierce,George Allen,Deanna Kelly,Melanie Davis,Kirk Miller,Latoya Nguyen,Aaron Smith
CCSP,Tammy Lee,Jody Franklin,Kyle Schneider,Theodore Watson,Susan Brewer,Alexis Collins,Brenda Anderson,Donna Mcgee,Judith Beck,Monica Stewart,Nathan Jones,Chad Barrera
CCSP,William Clark,Kimberly Andersen,Jessica Pugh,Jason Suarez,Austin Schroeder,Teresa Trevino,Samantha Smith,Kathleen Williams,Stephen Fernandez,Sarah Wolfe,Scott Wilson,Angela Cordova
CCSP,Jesse Coleman,David Contreras,Kimberly Sanchez,Margaret Byrd,Perry Baker,Joseph Davis,George Thomas,Janet Taylor,Joe Mosley,Michael Harris,Cynthia Clark,Laura Maxwell
CS,Ashley Clayton,Ryan Scott,Lindsey Williams,Angelica Young,Stefanie Smith,Samuel Parsons,Krista Shaw,Dr. Samuel Chapman,Kenneth Mejia,Mr. Mark Griffin DDS,Kylie Diaz,Melanie May
TWS,Eric Reyes,Manuel Leonard,Heather Newman,Thomas Bryan,Terry Potts,Karen Hall,Lisa Johnson,Monica Smith,Brenda Parker,Stephen Rogers,Erin Kennedy,Tracy Rodriguez
CCSP,Miss Vanessa Aguilar,Anthony Young,Tyler Moore,Summer Bradford,Anna Hernandez,Heather Yu,Elizabeth Chen,Whitney Gallegos,Christopher Martin,Robin Miller,Crystal Mahoney,Shannon Robinson
CS,Joseph Ryan,Hannah Palmer,Joshua Nelson,Julie Byrd,Nicole Sims,Betty Adams,Alexa Simpson,Joseph Bailey,Joshua Taylor,John Page,Keith Williams,Nicole Greene
FWS,Christina Sullivan,Jennifer Garcia,Nicole Cannon,Ivan Bailey,Rebecca Mann MD,Benjamin Santos,Kiara Rice,Tina Irwin,Dr. Shannon Baker,Janet Shepherd,Yvette Andrews,Jordan Ruiz
HSG,Anthony Carter,Kimberly Moore,Robert Williams,Monique Wagner,Deborah Parsons,Robyn Beasley,Samantha Martinez,Erik Stone,Tina Hughes,Jenny York,Donald Perkins,Monica Hendricks
CCSP,Brent Mays,Dustin Carey,Ashley Douglas,Dr. Gary Fuentes,Eric Dunn,Alyssa Klein,David Rasmussen,Kevin Fitzgerald,Melissa Martin,Brian Crawford,Sara Rose,Patrick Chase
PED,David Nguyen,Sheryl Burgess,Trevor Shaffer,Matthew Young,April Flowers,Nathan Choi,Ronald Stephens,Edward Mccoy,Alyssa Brown,Ronald Robbins,Michael Lee,Lisa Gates
TWS,Jason Ruiz,Tonya Hogan DVM,Sonya Brown,Cassandra Johnson,Andrea Garcia,Michael Rodgers,Robin Carpenter,Matthew Johnson,Michael Warren,Carly Navarro,Lauren Hernandez,Ashley Jones
CCSP,Christopher Long,Stephanie Kline,Matthew Williams,Haley Diaz,Jessica Farley,Michael Rodriguez,Bryan Martinez,Elizabeth Smith,James Ramirez,Stephanie Valenzuela,Angela Norman,Sarah Owen
TWS,Ariel Patel,Brittany Villegas,Julie Meyers,George Martin,Karen Johnson,Lori Jackson,Suzanne Powers,Alexander Gay,Maurice Johnson,Jason Hoffman,Andrew Gibson,Breanna Flowers
TWS,Larry Reed,Anthony Allison,Kathy Glover,Miss Melissa Sanchez,Carl Davis,Sean Harris,Nicholas Smith,Wayne Kane,David Long,Kurt Pierce,Katie Lopez,Adam Hill PhD
PED,Lisa Parker,Bradley Mccoy,Julia Hicks,Ashley Miller,Nicholas Vargas,Abigail Lee,Michael Harris,Carl Green,Larry Simpson,Rachel Weber,Bryan Gonzales,Krystal Hunter
PED,Evan Anderson,William Bailey,Elizabeth Thompson,Travis Jones,April Gonzalez,Jacob Horton,Carrie Gomez,Olivia Jones,Victoria Johnson,Susan Lawson,Richard Johnson,Douglas Rogers
TWS,Richard Gonzalez,Kayla Jones,Karen Howell,Bradley King,Angela Smith,Christine Torres,Christina Strong,Aimee Stewart,Barbara May,Daniel Anderson,John Thomas,Donna Shaw
FWS,Christina Davis,Leslie Castro,Brett Brown,Brian Harrison,Matthew Gonzalez,Matthew Freeman,Nicole Chapman,Elaine Phillips,Donald Mcmillan,Russell Combs,Joe Abbott,Megan Huffman
TWS,Daniel Jackson,Sheila Newton,Gina Barnett,Christopher Montes,David Garcia,Bobby Bishop,David Becker,Brittany Dawson,Danielle Rodriguez,Cory Powers,Taylor Richard,Vanessa Mclaughlin
TWS,Lucas Salazar,Sean Nolan,Tyler Moore,Cynthia Mccarthy,Dawn Daniel,Richard West,Nancy Jackson,Sarah Bennett,Kenneth Turner III,Jason Fuller,Brittany Foster,Kari Mitchell
HSG,Scott Garcia,John Mahoney,Maria Underwood,Thomas Carter,Brian Fields,Brian Mcdonald,Ms. Alexandra Jennings,Emily Elliott,Angela Montoya,Kimberly Perry,William Shah,Trevor Morris
PED,Shannon Newton,Ann Ramirez,Glenn Garcia,Rachel Mullins,Laura Harrison,Steven Kelley,Joshua Fox,Samantha Vasquez,Leslie Williams,Paul Gates,Linda Olson,Rachel Ramirez
CS,William Stewart,Chad Williams,Lisa Baker,Morgan Campbell,Cindy Sullivan,Steve Nelson,Melissa Lane,Erika Morris,Mary Payne,Robert Wilson,Steven West,Joseph Evans
CCSP,Stephanie Brown,Cole Mccann,Alison Allen,Toni Wyatt,Dominique Kim,Christine Hernandez,Robert Scott,Trevor Wise,Clinton Hutchinson,Courtney Mckinney,Peggy Spears,Erik Gonzalez
FWS,Cynthia Harris,Brian Weber,Michael Nelson,Donald Taylor,Ethan Ramirez,Kelly Barrera,Eric Wong,Eric Sims,David Obrien,Terri Flowers,Amber Munoz,Jeffrey Mcdonald
TWS,Kim Nichols,Guy Gonzales,Patrick Henderson,Vanessa Young,Aaron Williams,David Davis,Rhonda Adams,Cody Hernandez,Jennifer Brown,Deanna Figueroa,Steven Meyer,Renee Wilson
HSG,Jeffrey Barnes,Katherine Long,Carlos Barrett,Alexis Mitchell,Brandon Mathews,Robert Holland,Tammy Bowman,Sarah Ortiz,Robert Frey,Rachel Brown,Blake Taylor,Terry Rodriguez
PED,Anna Castillo,Joshua Moss,Jasmine Garner,Danielle Parker,Patrick Lopez,Crystal Hull,George James,Richard Simpson,Amy Cruz,Christy Campbell,Austin Rivera,Robert Russell
CS,Jason Willis,Isaiah Shaw MD,Amanda Merritt,Jessica Hull DVM,Wanda Sawyer,Brian Ryan,Brenda Lopez,Gail Christian,Joanna Lopez,Justin Hawkins,Jennifer Torres,Amy Davis DVM
CS,Patricia Hebert,Casey Wilson,Beverly Nguyen,Barbara Harrison,Megan Hall,Stephen Lane,Julia Andrade,Sarah Sanchez,Cody Wagner,Lucas Keller,Troy Walter,David Hunt
HSG,Cindy George,Stefanie Fleming,Tammy Chavez,Paula Clay,Leslie Hodge,Courtney Schroeder,Mr. William Montes MD,Jennifer Buck,Emily Butler,Tammy Jones,Angela Anderson,Adam Martinez
CCSP,James Powers,Maria Jones,Steven Howard,Erik Marsh,Victoria Lewis,Mary Randall,David Hall,Kelsey Wilson,Tanya Williams,Melissa Davis,Natalie Patterson,Arthur Davis
FWS,Kimberly Long,Hannah Baker,Monica Hicks,Amy Reynolds,Sherri Saunders,Charles Ellis,Rick Valentine,Timothy Nelson,William Wheeler,Alexandra Washington,Joseph Proctor,Brittney Clark
INFR,Russell Donaldson,George Wallace,Miss Stephanie Lewis,Michelle Tucker,Mrs. Ann Richardson,Justin Gilbert,Desiree Kelly,Robert Baker,Anthony Robbins,Jamie Smith,Jerry Wright,Natasha Miller
PED,Amber Mitchell,Michael Solomon,Alexander Reed,Daniel Werner,Alex Thompson,Brett Robertson,Samuel Mason,Jose Walker,Brandon Robinson,Katelyn Dalton,Daniel Peterson,Donna Lawson
ARCH,Bruce Campbell,Heidi Stevens,Jessica Williams,Raymond Irwin,James Scott,William Gonzalez,Kimberly Bishop,Diane Faulkner,James Moreno,Peter Rodriguez,Jenna Brown,Patricia Graham
CS,Shannon Barnes,Anna Cantu,Shane Mason,James Hamilton,Natalie Klein,Brittany Harmon,Karen Barnett,Kathy Cherry,Angel Edwards,Tommy Lloyd,Kelsey Cameron,Robin Nelson
Directorate Code,Caroline Smith,Christopher Faulkner,Thomas Chapman,Crystal Martinez,Michelle Williams,Michele May,Justin Richmond,Steven Li,Jennifer Ruiz,Sandra Williams,Robert Benjamin,Julie Flores
CCSP,Tracey Mccormick,Joseph Martin,Brian Miller,Justin Rodgers,Colleen Foley MD,David Anderson,Morgan Marks,Rose Brown,Jeffrey Molina,John Skinner,Virginia Butler,Ryan Irwin
PED,Robin Robinson,Charles Davis,William Noble,Brandon Lee,Madison Baker,Paul Williams,Richard Mcclure,Michael Woods,Angela Smith,Kyle Mason,Kaitlyn Wolf,Christian Morgan
INFR,Jessica Stevens,Steven Brandt,Brian Hernandez DDS,Mrs. Brooke Horne,Geoffrey Cook,Joshua Smith,Malik Martinez,James White,Wanda Estrada,Eric Hudson,Roger Francis,Michael Garcia
CS,Benjamin Wilkerson,Marc Trujillo,David Robbins,Robert Clay,Shane Vaughan,Brian Stanley,Erika Salazar,Jeanette Lawson,Natalie Collins DDS,Amy Hall,Keith Harris,Jamie Lawson
INFR,Denise Medina,Gloria Goodwin,Brandon Cox,Michael Molina,Richard Jones,Ronald Boone,Jenna Morgan,Vincent Ford,Emily Perez,Steven Morris,George Hicks,Richard Johnson
TWS,Juan Little,Jeffrey Kim,Brittany Williams,Matthew Anderson,Ronald Austin,Corey Perez,Anne Smith,Renee Cantu,Zachary Johnson,Jacqueline Ball,Jason Scott,Emily Nguyen
TWS,Lisa Hernandez,Elizabeth Simmons,Roger Wright,Janet Wagner,Shannon Dillon,Dylan Thomas,Robert Coleman,Audrey Lane,Patricia Snyder,Vernon Davis,Anthony Allen,Bryan Irwin
PED,Paul Buckley,Daniel Keller,Jennifer Gardner,Zachary Hale,Justin Miller,Christopher Barry,Andrea Russell,Aaron Woodward,Erica Johnson,Ashley Wilson,Kimberly Brown,Kelly Sanford
CCSP,Brian Hernandez,Michael Gonzalez,Mrs. Kathleen Roberts,Allen Flowers,Michael Mendez,Kari Williams,Mr. Donald Morgan,Michelle Ramirez,Stephen Obrien,Victoria Brown,Sheila Dennis,Jonathan Lewis
FWS,Timothy Banks,Donna Jones,Carrie Alvarado,Carla Ball,Leah Price,Alejandro Wood,Valerie Hammond,Kenneth Hester,Craig Lawrence,Katrina Brown,Michelle Schneider,Lauren Silva DVM
PED,Jane Ware,Carolyn King,Maria Haynes,Brett Griffin,Gary Allison,Patrick Haley,Brian Johnson,Jasmine Fisher,Cheryl Petersen,Tina Howard,Christina Rice,Sarah Martin
ARCH,Benjamin Spencer,William Fischer,Debra Thompson,Yolanda Smith,Brian Townsend,Christina Garcia,David Williams,Matthew Heath,Andrew Riley,Joshua Elliott,Debra Quinn,Emily Gordon
CS,Maria Mahoney,Michael Sutton,Deanna Atkinson,Christina Mason,Christopher Martin,Justin Robertson,Kelsey Schmidt,Jennifer Moore,Kristina Frazier,Melissa Obrien,Kathleen Walsh,Kathy Beck
PED,Kayla Mcgee,David Brennan,Gail Evans,Christopher Gonzalez,Brent Wilkerson,Regina Fields,Nicole Stewart,Jennifer Guzman,Tim Roach,Anthony Johnson,Kristin Cummings,Michelle Cannon
ARCH,Carolyn Tucker,Tyler Mcdaniel,Robert Gilbert,Justin Berg,Monica Bell,Mary Wagner,Kelly Lee,Mark Padilla,Kristine Martin,Donna Hill,Kelly Marquez,Melanie Smith
TWS,Dr. Jordan Banks MD,Joshua Gonzalez,Jennifer Palmer,Barbara Osborn,Noah Kirby,Anthony Richardson,Elijah Keith,Benjamin Wilkinson,Virginia Aguilar,Aaron Bell,Troy Rios,Bradley Dawson
TWS,Matthew Fuller,Adam Elliott,Jack Taylor,Joseph Young,Dwayne Gomez,Sheena Allen,Stephanie Grant,Allen Jones,Autumn Gibson,Christine Hoffman,Micheal Owen,Tanya Vargas
HSG,Julie Barker,Austin Barnett,Jennifer Holden,Kevin Clark,James Wheeler,Emily Hernandez,Raymond Peters,Samuel Ward,Angela Serrano MD,Karen Green,Daniel Ryan,Daniel Munoz
HSG,James Jones,Wanda Weiss,William English,Phillip Davis,Daniel Simpson,Francis Ford,Mr. William Clark DVM,Donna Jones,Vickie Nixon,Christine Huffman,Carmen Rogers,David Thomas
TWS,Anna Coleman,Jared Morgan,Troy Rodriguez,Debbie Coffey,Heather Medina,Michelle Collins,Daniel Chambers,Tracey Gutierrez,Brian White,Mrs. Alicia Barnett,Andrew Monroe,Mario Parker
HSG,Kelsey Ochoa,Chelsea Spence,Carlos Ortiz,Matthew Torres,Eric Hull,Charles Faulkner,Jennifer Garcia,Sara Saunders,Rebecca Scott,Jeffrey Russo,Meredith Patterson,Michael Anderson
TWS,Anthony Rice,Cindy Scott,Sandra Thomas,Harold Morrison,Steven Wood,Mrs. Taylor Kline,Miranda Schultz,Jason King,Kimberly Raymond,John Richardson,Donald Hutchinson,Charles Humphrey
LAW,Nathan Thomas,Rebecca Lopez,Rachel Curtis,Shawn Moore,Patricia Jacobs,Ronald Palmer II,Scott Cunningham,Nathan Mccall,Sarah Thomas,Robert Ruiz,Jason Hernandez,Jennifer Vega
HSG,Rachael Gregory,Elaine Warner,John Schmidt,Jennifer Santiago,Jason Aguirre,Mrs. Jenna Williams MD,Lisa Ross,Susan Combs,Michael Patterson,James Jones,Amanda Floyd,Ann Johnson
PED,Cassie Parker,Katelyn Murray,Stephanie Conway,Elizabeth Holmes,Kelly Shields,Kenneth Greene,Raven Snyder,Belinda Garner,Katrina Fuller,Mrs. Dawn Monroe,Rachel Murray,Michael Smith
HSG,Daniel Brown,Jesse Ramos,Michelle Whitney,Nicholas Green,Whitney Davis,Ashley Woods,Ashley Walker,Joseph Wilson,Jonathan Williams,Kristy Wright,Jeremy Meyer,Matthew Henderson
CCSP,Janet Walters,Samantha Kramer,John Butler,Sandra Garcia,Christopher Mitchell,James Frederick,Andrew Taylor,William Morales,Christine Diaz,William Curry,Carolyn Le,Scott West
PED,Shawn Miller,Jordan Lewis,Dawn Garcia,Krystal Blevins,Joseph Hale,Dorothy Stein,Patricia Johnson,Jessica Miller,Kathy Hughes,Jeffrey Miller,Christine Joseph,Pamela Vargas
PED,John Turner,Derek Rodriguez,Sean Jackson,Danny Jordan,Diane Gonzalez,Luis Pitts,Mark Wright,John Osborn,Seth Silva,Gregg Schmidt,Garrett Curtis,Sara Ellison
CCSP,Marcus Ewing,Elizabeth Moore,Curtis Hogan,Tammy Martinez,Kenneth Carey,Dr. Gina Zavala,Mr. Timothy Henderson,Ashley White,Michael French,Eric Lee,Lance Gibbs,Michael Pierce
ARCH,Christina Reyes,Deborah Graham,Carla Parker,Emily Branch,Sara Gilbert,Janice Sanford,Joseph Frazier,Carrie Allen,Bailey Hensley,Timothy Lopez,Colleen Ward,Carl Goodwin
PED,Tyler Stewart,Olivia Jones,Michael Roberts,Stephanie Taylor,Alexis Lara,Martin Fleming,Melinda Flores,Julia Jordan,Pamela Williams,Jason Arnold,Jim Williams,Keith Woods
CCSP,Gina Drake,Justin Edwards,Michelle Mahoney,Michael Day,Erin Kennedy,Robin Wood,Ashley Freeman,Jennifer Barrera,Ariel Bush,Julie Jennings,Whitney Gonzales,Jason Gonzalez
TWS,William Macdonald,Kenneth Clark,Rebecca Smith,Justin Fisher,Kevin Jones,Christopher Harper,Jessica Jackson,Danielle Ibarra,Ann Martin,Jacob Bernard,Emily Johnson,Karla Gomez
FWS,Brandy Smith,Anne Webb,Ashlee Jackson,Jason Smith,Alexandra Lee,Danielle Perry,Matthew Espinoza,Oscar Rodriguez,Melissa Mendez,Jamie Chase,Randy Ballard,Paula Martin
CS,Cody Brennan,Stephanie Saunders,William Lewis,Kimberly Smith,Richard Weber,Jared Cruz,Madeline Martin,Debbie Mcdonald,Eric Bell,Shelby Jordan,Tyler Chambers,Samantha Cardenas
PED,Gordon Johnson,William Mendoza,Rachel Martin,Katrina Hess,Felicia Vaughn,John Gilmore,Willie Padilla,Danielle Johns,Alexander White,Melissa Frost,Jason Hall,Lauren Murphy
TWS,Christopher King,Elizabeth Contreras,Christian Smith,Elizabeth Taylor,Stephanie Benson,Michelle Stone,Tracey Johnson,Rebekah Landry,Kathleen Davis,Courtney Page,Timothy Lopez,William Brown
CCSP,Scott Henson,Andrew Phillips,Edward West,Dr. Ashley Miller PhD,Caitlin Smith,Thomas Hart,Christopher Jackson,Amy Friedman,Douglas Miller,Crystal Lopez,Tommy Crane,Madeline Peterson
CCSP,Ricky Reed,Leslie Sanchez,Dean Brown,Timothy Davis,Jennifer Oliver,Patricia Friedman,David Johnson,Maria Jensen,Patricia Mejia,Cory Rogers,Amy Wilson,Deborah Meyer
CCSP,Bruce Hawkins,Angelica Ellis,Cody Allen,Bruce Ingram,Christine Franco,Heather Ramos,Jason Vega,Tom Clark,Scott Coleman,Linda Davies,Anthony Washington,John Galvan
CCSP,Jennifer Hall,Randy Foley,Wesley White,Leah Garcia,Christopher Berg,Ryan Garcia,Allison Nguyen,Adam Jones,Maria Stevens,Steven Dean,Kimberly Adams,Jessica Fox
HSG,Jason Wright,Jose Jones,Kelly Carter,Sara Wright,Ian Smith,Christopher Jones,Sarah Rodriguez,Joshua Friedman,Carrie Curtis,Andrew Raymond,Kevin Lewis,Megan Gonzales
CCSP,Rebecca Tapia,Brian Hicks,Michele Thomas,Zachary Grimes,Robert Taylor,Amanda Murray,Lisa Williams,Karen Estrada,Thomas Mcdonald,Madison Green,Melissa Massey,Sarah Williams
CS,Kevin Krueger,Jennifer Sparks,Amy Dean,Jessica Armstrong,Erica Mcgee,Dr. Sandra Jones,Linda Mendoza,Darren Robinson,Morgan Miller,Derrick Turner,Tracy Holmes,Amanda Hughes MD
HSG,Timothy Francis,Michael Ayala,Aaron Tran,Gregory Riddle,Nicole Reyes,Elizabeth Buckley,Richard Turner,Jennifer Small,Joseph Weaver,Pamela Mason,Linda Clark,Donald Black
CS,Thomas Jackson,Christine Fisher,Sophia Rodriguez,Stephanie Ibarra,Theresa Morales,Amy Irwin,Diana Thompson,William Mckee,Kimberly Stewart,Michelle Kelly,Jaime Singleton,Michael Smith
TWS,Cathy Alexander,Jonathan Pacheco,Chris Wright,Johnny Jones,Sara Bradley,Casey Campbell,Bryan Anderson,Catherine Watson,Shelly Henry,Julie Hudson,Jill Parker,Ethan Sherman
ARCH,Christie Robinson,Valerie Vasquez,Christina Hoffman,Frank Hughes,Phillip Johnson,Jason Jordan,Dr. Amanda Williamson,Jacob Wheeler,Donald Gregory,Rachel Duncan,Alicia Marshall,Glenn Cobb
HSG,Adam Young,Michael Hicks,Stuart Faulkner V,Michael Eaton,James Miller,Jennifer Thomas,Rebecca Holmes,Tracy Hubbard,Julian Riley,Ryan Alvarez,Stacy Vincent,Kelly Dudley
HSG,Kevin Bernard,Warren Wagner,Peter Reeves,David Rogers,Bruce Spears,Kristin Ramsey,Danielle Ortiz,Tiffany Guzman,David Reese,Michael Ortiz,Angela Johnson,Charles Golden
CCSP,Brooke Ponce,Cynthia Williams,Julie Villarreal,Pamela Hernandez,Robert Green,Eric Washington,Keith Jackson,Jonathan Daniels,Danny Brown,Christine Villarreal,Brandy Carr,Mrs. Heather Moore
CCSP,Lauren Berry,Jeffery Carter III,John Conrad,David Schmidt,David Williams,Catherine Martinez,Roy Juarez,Jennifer Garcia,Amanda Gomez,Nicole Graham,Jessica Jackson,Joan Cherry
PED,Gerald Williams,James Powell,Jane Lawrence,Linda Foster,Mrs. Kim Clark,Deanna Rogers,Andrea Lucero,Brett Thompson,Thomas Williams,Claire Johnson,Brian Schroeder,Elizabeth Kelley
PED,Shaun Baker,John Jones,Jo Huber,Brian Wright,Diane Richardson,Cassandra Craig,Dr. Alexander Gardner,Amanda Hood,Katherine Campbell,Jeffrey Massey,Whitney Jones,Caleb Beck DVM
TWS,Brian Morgan,Nathan Woodward,Joel Perry,Theresa Lopez DDS,Benjamin Butler,Alicia Moore,Anthony Gutierrez,Mary Reid,Mr. Stephen Bryant,Julia Wright,James Ortiz,Jonathan Williams
PED,Dawn Nunez,Mark Kim,David Vazquez,Heather Morton,Megan Thompson,Robert May,Tracy Stephenson,Jacob West,Charles Jones,Casey James,Lisa Foster,Megan Parks
HSG,Kimberly Barrera,Christina Downs,Laura Conner,Kimberly Wyatt,Michael Brown,Antonio Mullins,Julie Chambers,Jacob Mills,Lauren Tran,Paula Fitzpatrick,Jordan Harris,Robert Peterson
CS,Patricia Clay,Jessica Beck,Madeline Underwood,Steven Moore,Eddie Ball,Laura Cuevas,Blake Burns,William Murray,Jessica Harvey,Amy Schultz,Bryan Hernandez,Jared Knight
PED,Brian Vincent,James Lane,Christopher Hammond,Toni Jones,Christine Lane,David Horton,Mr. Cole Mitchell,Gina Gonzalez,Wendy May,Glenda Caldwell,Nancy Green,Trevor Kelley
PED,Michelle Friedman MD,Thomas Brown,Olivia Nelson,Russell Lambert,Carlos Roberts,Lisa Brown,Jose Little,Joseph Stanley,Mark Campbell,Leah Green,Michael Hays,Joseph Sanchez
PED,Kristin Hurley,Wesley Valdez,Rita Williams,Kathleen Sanford,Miss Victoria Underwood,Adam Garcia,Kevin Smith,Joseph Wagner,Brandon Morgan,Samantha Garcia,Rebecca Ward,Elizabeth Duncan
FWS,Rachel Williams,John Murphy,Dylan Juarez,Kevin Castro,Victoria Smith,Catherine Rose,Susan Salas,Alejandro Hall,Joan Lambert,Charles Villanueva,Ricardo Guzman,Stacy Miller
CCSP,Brandon Davis,Cynthia Curry,Christina Johnson,Mary Chase,Ricky Graham,Matthew Herring,Ronald Smith,Omar Evans,Janice Suarez,Jared Calderon,Richard Little,Joseph Williams
HSG,Gary Knox,Ashley Small,Adrian Escobar,Michael Nicholson,Douglas Haney,Todd Lewis,Sharon Ramirez,Christina Davis,William Reed,Christopher Williams,Ann Martin,Harry Hoover
CCSP,Amy Davis,Kimberly Robinson,Jennifer Garcia,Rose Lara,Stephanie Moore DDS,Meredith Horton,James Ritter,Mark Rodriguez,Cindy Ellis,Gerald Pearson,Beverly Webster,Jane Martin
TWS,Aaron Crawford,Annette Brown,Eric Green,David Joyce,Mr. Michael White,Dominique Schmidt,Kimberly Khan,Ryan Gibson,Shelley Stevens,Nicholas Hess,Debra Montes,Shannon Little
HSG,Brittany Myers,John Brown,Lisa Lawson,Karl Richards,Hayden Williams,Dean Bauer,Michael Morales,Benjamin Aguilar,Ashley Wilson,Henry Estrada,April Hood,Teresa Martinez
CS,Olivia Miller,Michael Chan,Tamara Taylor,Brian Boyd,Lisa Garrison,Brian Alexander,Sarah Rodriguez,Jordan Burke,Erika Rogers,John Watson,Stephanie Good,Jennifer Jensen
ARCH,Robert Chavez,Derrick Black,William Davis,Bruce Mcdaniel,James Guerrero,Gerald Cohen,Peter Howard,Chad Allen,Nathan Miller Jr.,Victoria Shaw,Melissa Little,Melissa Anderson
CCSP,Bradley Bender,Melissa Gilbert,Jessica Cannon,Shawn Adams,Brianna Smith,Jason Holmes,Steven Lopez,Benjamin Miles,Tyler Brown,Melanie David,Kayla Patel,Donna Anderson
PED,Elizabeth Howard,Robert Schroeder,Stephanie Davis,Elizabeth Jackson,Daniel Parker,Adam York,William Delacruz,Kelli Thompson,Cassandra Castillo,Brent Young,Sabrina Liu,Robert Carter
TWS,Taylor Brown,Mr. Alexander Hill,Matthew Lewis,Melvin Rivera,David King,Gregory Burns,Brandi Shaffer,Christopher Smith,Mary Dixon,Paul Klein,Jennifer Poole,Philip Gutierrez
CS,Jessica Ramirez,Ernest Mueller,Courtney Gray,Alex Watkins,Timothy Robinson,Jennifer Bolton,David Allen,Adam Leon,Stephanie Hubbard,Darlene Mitchell,John Jones,Michael Miles
TWS,Susan Christensen,Amy Esparza,Toni Martin,Kari Stewart,Bethany Marquez,Joseph Stein,Luis Nelson,Ashley Monroe MD,Ronald Campbell,Eric Carroll,Don Rodriguez,David Cook
CCSP,Alyssa Parker,Kim Mcbride,Ariana Martin,Melissa Washington,Kimberly Rose,Beverly Mckinney,Jon Norton,Daniel Edwards,Roger Lawson,Michael Reynolds,Daniel Preston,Andrew Roberts MD
HSG,Maria Hansen,Richard Price,Amy Williams,Alison Mcdonald,Kristina Thomas,Catherine Fry,Darryl Myers,Jennifer Brooks,Trevor Thomas,Albert Burns,Erin Crawford,Travis Hill
CS,Dr. Brian Tate,Kathleen Morrison,Steven Thompson,Jody Atkinson,Kim Castro,Alyssa Brooks,Nathan Harris,Christopher Hunter,Christopher Williams,Danielle Scott,Juan Valencia,Casey Walker
CS,Amanda Austin,Elijah Martin,Christopher Gutierrez,Nicole Hayes,Gregory Palmer,Jessica Williamson,Curtis Leblanc,Laura Collins,Jonathon Graham,Amanda Church,Michael Alvarado,Kathy Stevens
CCSP,Julia Holmes,Justin Whitaker,Kevin Khan,Travis Turner,Patrick Martin,Mary Jones,Jaclyn Sullivan,Steve Lee,Jeffrey Greer,Eric Johnson,Christopher Beasley,John Tucker
CS,Brittany Kirk,Aaron Ramos,Robert Campbell,Yvonne Davis,Jamie Mayo,Haley Rush,Lauren Carpenter,Deborah Anderson,Franklin Nelson,Jeffery Johnston,Kyle Knight,Joel Mcintosh
TWS,Matthew Rivera,Suzanne Velasquez DVM,James Salazar,Dominic White,Christine Dunn,Brian Burton,Alyssa Salazar,Kaitlyn Brown,Allison Deleon,Marcus Murray,Michelle Mcgrath,Bryan Brady
PED,Donald Lee,Jackson Woods,Dr. Michael Lopez Jr.,Kristin Young,Justin Powell,Scott Harris,Kristin Weaver,Mary Salas,Nicholas Roberts,Cynthia Briggs,Jose Wolf,Michelle Curtis
HSG,Kristin Lawrence,Jonathan Martin,Jason Cowan,Ashley Barrett,Jodi Wood,Marie Lucas,Sara Miller,Daniel Cochran,Kyle Carroll,Gina Roth,Jonathan Alvarez,Aaron Chapman
INFR,Robert Lopez,Melinda Prince,Maria Krueger,Jason Winters,Amy Thornton,Jesse Hernandez,Kristi Griffin,Tyler Herrera,Sherry Thompson,Robert Peterson,Michael Reyes,Scott Perez
HSG,Michael Wiley,Jamie Jackson,Susan Nash,Theresa Smith,Roy Estrada,Rachel Holmes,James Nicholson,Jessica Sanchez,Jordan Harper,Malik Anderson,Bryce Todd,John Trevino
PED,Timothy Martin,Amanda Stewart,Stephanie Todd,Sandra Vaughn,Misty Randolph,Mary Preston,Kimberly Munoz,Jacob Mclaughlin,Brittany Gutierrez,Stephanie Wagner,Jennifer Lopez,Samantha Johnson
TWS,Jeffrey Ray,Tanya Wheeler,Patricia Glass,Jennifer Vaughn,Nicole Ramos,Jamie Aguilar,Jennifer Turner,Jesse Garcia,Craig Rhodes,Michael Robinson,William Navarro,Ralph Fernandez
TWS,Edgar Brown,Jill Hill,Faith Johnson,Michael Cannon,Eric Jackson,Daniel Reeves,Tiffany Snyder,John Coleman,Erin Martin,Kathleen Aguirre,Justin Hall,Kimberly Berg
TWS,Eric Walton,Jennifer Hart DDS,Matthew Garcia,Sandra Owens,David White,Gary Miller,Tim Randall,Taylor Sanchez,Catherine Murphy,Dr. George Arnold,Richard Owen,Vanessa Ware
TWS,Caleb Rice,Kenneth Lam,Charles Thomas,Eric Turner,Nicole Mcgee,Roger Baker,Stacy Malone,Natalie Wilson,Victor Wilson,Katherine Ramos,Lisa Marquez,Douglas Adams
HSG,David Reynolds,Ashley Lopez,Tiffany Ramirez,Linda Cunningham,Stephanie Cunningham,Nicholas Webb,Victoria Harris,Melissa Williams,Kathy Mann,Madison Cunningham,Kayla Barry PhD,Joseph Jennings
HSG,Melissa Schmidt,Daniel Manning,Dawn Harris,Mr. Luis Oliver,Bruce Cuevas,Susan Miller,Michael Rush,Steven Wiley,Joan Baker,Patrick White,Jordan Guerrero,Johnathan Bullock
FWS,Lori Hoffman,Rebecca Simpson,Stephen Martin,Jon Weaver,Shannon Walton,Gloria Martin,Richard Phillips,Raymond Kennedy,Theresa Cox,Jeffrey Abbott,Karen Duncan,Joseph Campbell MD
TWS,Katie Willis,Matthew Scott,Richard Davis,Cody Levine,Harry Gonzales,Cory Allen,Cynthia Cooke,Maria Levy,Jordan Reed,Kathleen Simpson,Ashley Watkins,William Cain
FWS,Miss Deborah Hall MD,Nicholas Ray,Emily Wagner,Katie Roberts,Taylor Ward,Jack Anderson,Mary Miller,Hannah Guerra,Madison Myers MD,Samantha Fisher,Kimberly Tanner,Barbara Johnson
PED,Ryan Smith,Keith Steele,Amanda Ballard,Trevor Reese,James Barnes,Brittany Robinson,Holly Hernandez,Amy Mendoza,Anthony Jones,Michelle Andrews,Nicholas Moore,James Garcia
TWS,Don Brown,Ariana Jones,Derek Davis,Robert Watson,James Molina,Lori Brooks,Valerie Watkins,Betty Jackson,Greg Gillespie,Sara Cunningham,Kristin Garcia,Jared Bell
CS,Ashley Stark,Jay Cole,Michelle Taylor,Christopher Raymond,Jeffrey Richards,Laurie Villa,Sarah Pennington,Barbara Montgomery,Joshua Smith,Sharon Moore,Colin Gould,Kim Coleman
CCSP,Billy Clayton,Austin Cole,Janice Shelton,Travis Rodriguez,Jennifer Valenzuela,Samantha May,Matthew Flores,Gregory Johnson,Joseph Taylor,Stephanie Hernandez,Amy Long,Katie West
HSG,Jeremy Mccoy,Jessica Williams,John Bradshaw,Corey Day,Elizabeth Walker,Paul Smith,Susan Drake,Michael Kennedy,Kelly Smith,Melissa Hodges,Michael Blanchard,Rachel Gonzalez
FWS,Michelle Scott,James White,Laura Arnold,Gregory Morrison,Zachary Haley,Debra Velez,Jimmy Moss,Judy Avery,Savannah Duran,Victoria Peters,Brandi Perez,Kendra Sims
CS,Ana Grant,John Rios,Bryan Khan,Lisa Brown,Chad Williams,Joshua Barr,Matthew Stewart,Jennifer Moore,Kristen Turner,Benjamin Davis,Andrew Pearson,Amy Johnson
PED,Tracy Riley,Monica Morris,Robert Steele,Michelle Keller,Robin Barnes,Cameron Long,Erika Hartman,Jessica Castillo,Ronnie Rivera,Joseph Dickerson,Anne Rice,Jeffrey Calhoun
HSG,Tracy Greene,Christine Avery,Ryan Sosa,Thomas Rodriguez,Dustin Williams,Mary Henderson,Dennis Hughes,Brandon Williams,Kari Greene,Chelsea Gilmore,Joshua Malone,Connor Lutz
TWS,Steven Sims,Jessica Ellis,Michael Jones,Renee Jennings,Michael Castillo,Jessica Lewis,Megan Brown,Jessica Mcdowell,Morgan Guerrero,Dalton Cox,Krista Cunningham,Scott Reyes
TWS,Connor Chavez,Heather Moss,Jacqueline Gonzalez,Veronica Mcdaniel,Julia Jimenez,Matthew Campbell,Joshua Hull DVM,Joseph Thompson Jr.,Kristina Mitchell,David Blair,Jennifer Mendoza,Paul Washington
TWS,Christina Owens,William Griffin,Jennifer Butler,Cathy Davis,Andrea Watkins,Lori Carter,Kristen Yoder,Craig Stewart,Heather Cain,Anne Roberson,Theresa Hamilton,Tara Williams
TWS,Brett Romero,Bonnie Rodriguez,Pamela Martin,John Small,Taylor Carrillo,Debbie Shepherd,William Ross,Kim Mueller,Diana Bryan,Amy Jones,Veronica Edwards,Barbara White
TWS,Pamela Brown,Justin Brown,Michael Edwards,Anthony Michael,Joshua Gutierrez,Rebecca Conner,Daniel Gonzalez,Donald Harper,Jodi Rodriguez,Daryl Walker,Anthony Nguyen,Thomas Murray
CS,Bryan Greer,William Reynolds,Aaron Gonzales,Brian Barrett,Brandon Smith,John Williams,Wendy Hernandez,Cameron Knox,Brittany Boyer,Alan Perez,Mr. Jonathan Lambert,Elizabeth Miller
CCSP,James Rodriguez,Luis Whitehead,Alexandria Anderson,Cesar Gonzalez,Danielle Espinoza,Christopher Sullivan,Justin Goodman,Nicholas Richards,Patty Sanchez,William Davis,Mr. Brandon Newman,Kimberly Day
HSG,Michelle Hayes,Michael Johnson,Stephen Hodge,Terri Carlson,Brandon Reid,David Riley,Mr. Donald Farley,Tammy Golden,Thomas Mcdowell,Kathleen Hammond,Katelyn Kelley,Lindsey Reed
FWS,Madison King,Kathleen Mcclain,Terri Soto,Miss Laurie Ward,Nicole Garcia,Rick Alvarez,Keith Hampton,Amy Griffin,Amber Wade,Oscar Paul,Michael Walker,Bradley Alvarado
TWS,Judith Montgomery,Austin Steele,David Cruz,Cynthia Johnson,Nicholas Cordova,Kevin Ford,Courtney Huang,Diana Nguyen,Andrew Henderson,Marcus Scott,Cynthia Ramirez,Robert Watkins
FWS,Timothy Diaz,Melanie Reed,Katherine Ross,Benjamin Mcdonald,Johnny Welch,Andrea Cochran,Stacey Green,Lisa Hensley,Bradley Duncan,Jason Thomas,Michelle Pittman,Richard Jackson
CCSP,Mark Palmer,Jonathan Wise,Brian Foster,Aaron Knight,Cassandra Peterson,Kimberly Robertson,Joshua Bartlett,Joseph Frazier,Joshua Reed,Theodore Flores,Andrew Payne,Evelyn Lawson
ARCH,William Crawford,Katie Coleman,Tricia Schwartz,Kimberly Hancock,Beth Wolf,Richard Hayes,Theresa Brown,Nicole Ellison,Michael Zuniga,Linda Wagner,Krystal Gray,Julie Douglas
CS,Adam Villa,Jennifer Savage,Megan Hess,Brian Tran,David Dillon,Albert Gonzalez,Meredith Morrison,Tina Cox,Michael Roach,Kathy Brown,Brandon Mccarty,Brian Parker
CS,Eduardo Green,Cindy Hobbs MD,Steven Whitaker,Stephen Reeves,Madeline Rivas,Ian King,Patricia White,John Forbes,Angela Lewis,Cynthia Kelly,Caitlin Frank,Jessica Middleton
PED,Darrell Martinez,Danielle Buckley,James Daniel,Susan Nguyen,Linda Huerta,Nicole Willis,Joshua Ford,Justin Lucas,Heather Davis,Brittney Bennett,Vincent Stewart,Valerie Wells
TWS,Brandi Swanson,Virginia Gonzalez,Danielle Grant,William Sexton,Matthew Miller,Allison Sanders,Christopher Merritt,Michael Hoffman,Michael Ortega,Robert Watts,Keith Gonzalez,Jonathan Hart
PED,Christian Hall,Amy Patterson,Thomas Villanueva,Jason Black,Andrew Black,Rachel Hernandez,Elijah Ramirez,Rebecca Stewart,Shawn Vega,Tyler Mathews,Christine King,James Carrillo
CS,Thomas Johnson,Meagan Clark DVM,Andrew Owens,Julie Campbell,Zachary Mora,Margaret Valentine,Ryan Gordon,Kevin Escobar,Caitlin Malone,Tiffany Wright,Tony Brown,Michael Watts
CS,Jeffrey Wright,Adam Boyd,Paul Cruz,Glenda Ruiz,Adam White,Julie Chen,Jordan Green,David Gibson,Luis Cordova,Erik Stevenson,Jennifer Savage,Mary Jones
HSG,Renee Carter,John Brown,Robin Nelson,Lauren Gilbert,Michael Hart,Stacey Sanders,Christopher Olson,Katherine Hudson,William Garcia,Justin Williams,Tina Weber,Michelle Wagner
TWS,Kristen Schwartz DVM,Jose Hinton,Jennifer Turner,Tina Flores,Michael Lee,Samantha Thomas,Carol Bowers,Kathryn Vance,Bryan Perez,Austin Lamb,Janet Gonzalez,Holly Wilson
CS,Jeffrey Collins,Haley Reed,John Taylor MD,Eric Whitehead,Brenda Gonzalez,Kristi Barber,Kevin Evans,Maria Thompson,Cynthia Mendez,Derrick Pearson,Charles Jackson,Denise Wilcox
HSG,Joseph Smith,Natalie Daugherty,Shannon Guerrero,Eric Alexander,Scott Mitchell,Alan Sherman,Richard Irwin,Chelsea Johnson,Andrea Snow,Richard Thompson,Dr. Kevin Bailey,Daniel Cochran
PED,Erica Neal MD,Jacqueline Peterson,Debbie Petersen,Joseph Gregory,Jorge Norman,Eric Hampton,Mario Davis,Daniel Stewart,Colin Cabrera,Dr. James Garcia,Beth Russo,Cynthia Marquez
PED,Jeremy Osborne,Jonathan Robertson,Destiny Smith,Joshua Lopez,Christina Garza,Ellen Bush,Anna Schultz,Brandon Shields,James Nichols,Robert Levine,Stephen Weeks,Kenneth Wright
INFR,Drew Peterson,Andrea Deleon,Shannon Lloyd,Laura Summers PhD,Jacqueline Lopez,Michelle Morris,Ms. Elizabeth Cervantes,Carla Adkins,William Ballard,Gary Jordan,Michael Mathis MD,Sabrina Fuller
FWS,Kevin Ponce,Morgan Williams,Harry Henry,Jenna Munoz,Jennifer Smith,Laura Edwards,Scott Peterson,Stuart Mills,Christopher Johnson,Nicholas Flowers,Michael Lewis,Miguel Ortega
PED,John Carter,Samantha Williams,Amanda Elliott,Lauren Perez,Priscilla King,Donna Swanson,Robert Wheeler,Krista Kim,Michael Davis,Albert Ross,Karen Anderson,Charles Warner DVM
TWS,Kelly Shannon,Paul Ruiz,Matthew Williams,Judy Martinez,David Thomas,Jennifer Leonard,Ricky Simpson,Jennifer Walsh,Elizabeth Hicks,Daniel Smith,Zachary Johnson,William Cuevas
CS,Jesse Cross,Alexis Aguilar,Mikayla Marshall,Benjamin Ruiz,Mrs. Lisa Rhodes,Lisa Gutierrez,Adam Galloway,Zachary White MD,Aaron Vasquez,Sarah Ferguson,Lori Ortiz,Gloria Rodriguez
CS,Donna Hess,Andrew Williams,Daniel Lamb,Jordan Morris,Tammy Green,Mallory Wade,Tonya Lin,Jesse Jones,Daniel Johnson,Heather Bell,Emily Gonzalez,Tony Wagner
CCSP,Jose Macias,Gloria Kim,Peter Mcconnell,Danielle Todd,Jeremy Brady,Jeffrey Frank,Karen Arroyo,Nathan Park,Tiffany Dixon,Sandra Stone,Danielle Cooper,Kenneth Reynolds
PED,Denise Thompson,Rebecca Walker,Thomas Fitzpatrick,Scott Campbell,Brooke Parks,Rebecca Meadows,Jennifer Jones,Joseph Bowen,Jonathan Jones,Craig Thompson,Christopher Lopez,Michael Gordon
CCSP,Curtis Rice,Anna Perez,Melissa Martin,Annette Neal MD,Jennifer Hayes,Jacob Price,Vanessa Diaz,Derek Harrison,Larry Cooper,Angela Montoya,Ryan Mcmahon,Krystal Lamb
CCSP,Emily Lynch,Cynthia Powell,Kara Cook,Miguel Baldwin,Shelby Martinez,Christopher Roberts,Riley Horne,Robert Zimmerman,Lauren Parrish MD,Devon Mclaughlin,Margaret Page,Joseph Gardner
HSG,James Kelley,Michael Guerra,Jocelyn Roberts,Stephanie Thomas,Arthur Rose,Scott Crawford,Michael Hansen,Elizabeth Perkins,Cory Williamson,William Dixon,Caitlin Cortez,Mrs. Kathryn Woodard
