Employee Number (Person),Employment Status (Person),Post Type (Post Profile),Appointment Status (Appointment),Pay Group (Person),Full Name (Person),Grade,Post Title (Post Profile),Directorate,Department,Family Friendly Absence Days,Absence Days,Sick Days,Certified Sick Days,Certified Sick Paid Days,Certified Sick Unpaid Days,Self Certified Sick Days,Self Certified Sick Paid Days,Annual Accrued Entitlement,Annual Floating Entitlement,Annual Carried Forward,Annual Total Entitlement,Annual Taken,Annual Balance,Annual Booked,Annual Balance Less Booked
100050,Live,PW,CO,SALARIES,Cassandra Hamilton,6,WHEELED BIN SERV MAN,"COMMUNITY, CULTURAL SERVICES & PARKS",PARKS,0,No Sick Leave Record,No Sick Leave Record,No Sick Leave Record,101196,100254,No Sick Leave Record,100313,0,30,4.5,17.5,16.5,7,0,No Annual Leave Record
101125,Live,PW,CO,SALARIES,Michelle Hernandez,6,ASSISTANT STOREKEEPER,HOUSING,INFRASTRUCTURE & CLIMATE CHANGE,No Sick Leave Record,0,No Sick Leave Record,No Sick Leave Record,100160,100978,No Sick Leave Record,100186,0,31,3,33,No Annual Leave Record,9.5,3,8.5
101275,Live,PW,CO,SALARIES,Cynthia Smith,5.5,GENERAL OPERATIVE,"COMMUNITY, CULTURAL SERVICES & PARKS",HARBOUR,No Sick Leave Record,No Sick Leave Record,7,10.5,100871,100546,0,100451,0,23.5,2,30,No Annual Leave Record,7.5,3,4
100271,Live,PW,CO,SALARIES,Jonathan Bell,6,LAW AGENT,INFRASTRUCTURE & CLIMATE CHANGE,PARKS,0,0,No Sick Leave Record,No Sick Leave Record,101156,100327,No Sick Leave Record,100373,0,No Annual Leave Record,0,35,5,20,9,6
100115,Live,PW,CO,SALARIES,Amy Burnett,7,GARDENER,"COMMUNITY, CULTURAL SERVICES & PARKS",FINANCE,0,0.5,No Sick Leave Record,No Sick Leave Record,100573,100183,0,101096,0,30,0,29.5,22,3,13,2.5
101212,Live,PW,CO,SALARIES,Linda Johnson,6,SENIOR ENGINEER,"COMMUNITY, CULTURAL SERVICES & PARKS",LAW,No Sick Leave Record,No Sick Leave Record,No Sick Leave Record,20,100650,101095,1,100762,0,24,3,30,30,6.5,0,5
100096,Live,PW,CO,SALARIES,William Graham,No Grade,EXECUTIVE ARCHITECT,"COMMUNITY, CULTURAL SERVICES & PARKS",INFRASTRUCTURE & CLIMATE CHANGE,0,0,No Sick Leave Record,0,101319,100712,0,100558,0,28.5,3,19.5,17,9.5,No Annual Leave Record,5
100729,Live,PW,CO,FORTNIGHTLY WAGES - DLR,Brian Collier,No Grade,SENIOR EXECUTIVE ENGINEER,"COMMUNITY, CULTURAL SERVICES & PARKS",INFRASTRUCTURE & CLIMATE CHANGE,0,No Sick Leave Record,No Sick Leave Record,No Sick Leave Record,100741,100000,0,100302,0,24,5,32,9.5,14.5,8,24
100629,,PW,CO,SALARIES,Julie Cline,5,ASSISTANT FOREMAN OF WORKS,INFRASTRUCTURE & CLIMATE CHANGE,CORPORATE SERVICES,No Sick Leave Record,0,No Sick Leave Record,No Sick Leave Record,100951,100041,No Sick Leave Record,101170,No Annual Leave Record,30,6,7.5,22.5,18.5,0,8
100351,Live,TW,CO,SALARIES,Jeffrey Nelson,No Grade,LIFEGUARD,"COMMUNITY, CULTURAL SERVICES & PARKS",PLANNING,0,20.29,1,No Sick Leave Record,100851,100557,No Sick Leave Record,100667,0,30,5,No Annual Leave Record,20,26,0,10
101298,Live,PW,CO,FORTNIGHTLY WAGES - DLR,David Orr,No Grade,CHARGEHAND GARDEN,"COMMUNITY, CULTURAL SERVICES & PARKS",HUMAN RESOURCES,No Sick Leave Record,6.53,No Sick Leave Record,No Sick Leave Record,100581,101296,No Sick Leave Record,100618,0,No Annual Leave Record,0,33,9,13.5,7,0
100743,Live,PW,CO,FORTNIGHTLY WAGES - DLR,Spencer Wilson,3,ADMINISTRATIVE OFFICER,FINANCE & WATER SERVICES,INFRASTRUCTURE & CLIMATE CHANGE,No Sick Leave Record,No Sick Leave Record,No Sick Leave Record,No Sick Leave Record,101060,101098,No Sick Leave Record,100058,0,30,3,20.5,27,22.5,12,8.5
101260,Live,PW,CO,SALARIES,John Sherman,6,ASSISTANT STAFF OFFICER,HOUSING,INFRASTRUCTURE & CLIMATE CHANGE,No Sick Leave Record,No Sick Leave Record,No Sick Leave Record,No Sick Leave Record,100144,100750,0,100218,0,30,No Annual Leave Record,No Annual Leave Record,No Annual Leave Record,12,0,12.5
101045,Live,PW,CO,SALARIES,Donna Rodriguez,3,SENIOR STAFF OFFICER,INFRASTRUCTURE & CLIMATE CHANGE,PARKS,0,No Sick Leave Record,0,2,101201,100764,No Sick Leave Record,100263,0,No Annual Leave Record,1,13,20.5,20,8,No Annual Leave Record
100824,Live,PW,CO,SALARIES,Michael Blake,6,ASSISTANT STAFF OFFICER,PLANNING & ECONOMIC DEVELOPMENT,INFRASTRUCTURE & CLIMATE CHANGE,0,0,No Sick Leave Record,No Sick Leave Record,100013,101048,No Sick Leave Record,100813,0,26,3.5,32.5,18,9.5,10,11.5
100616,Live,PW,CO,FORTNIGHTLY WAGES - DLR,Richard Johnson,6,SENIOR INSPECTOR,INFRASTRUCTURE & CLIMATE CHANGE,ARCHITECTS,0,2,No Sick Leave Record,0,100524,100823,0,101070,0,29,0,27,21.5,6.5,3,11.5
101350,Live,TP,CO,FORTNIGHTLY WAGES - DLR,David Mueller,4,SENIOR EXECUTIVE ARCHITECT,"COMMUNITY, CULTURAL SERVICES & PARKS",HOUSING,No Sick Leave Record,0,16,0,100068,100403,No Sick Leave Record,100911,No Annual Leave Record,24,2,28.5,14,5,3,8
100618,Live,PW,CO,SALARIES,Jamie Burgess,No Grade,CLERICAL OFFICER,HOUSING,INFRASTRUCTURE & CLIMATE CHANGE,0,No Sick Leave Record,2,0,100408,101319,No Sick Leave Record,101131,0,25,No Annual Leave Record,26,13,No Annual Leave Record,10,11
101064,Live,PW,CO,FORTNIGHTLY WAGES - DLR,Meghan Guzman,7,CHARGEHAND GARDEN,INFRASTRUCTURE & CLIMATE CHANGE,HOUSING,No Sick Leave Record,No Sick Leave Record,No Sick Leave Record,No Sick Leave Record,100109,100280,No Sick Leave Record,100215,0,30,3,33,9.5,10,3,13.5
100041,Live,PW,CO,SALARIES,Melissa Donovan,5,GENERAL OPERATIVE,"COMMUNITY, CULTURAL SERVICES & PARKS",WATER SERVICES,0,0,2,0,100855,100854,No Sick Leave Record,100286,0,30,0.5,35,22,20,17,7.5
100597,Live,PW,CO,SALARIES,Scott Ochoa,3,CLERICAL OFFICER,INFRASTRUCTURE & CLIMATE CHANGE,CORPORATE SERVICES,No Sick Leave Record,8.7,0,No Sick Leave Record,100213,100590,0,101361,0,32,0,31,16,17.5,10,7
100893,Live,TP,CO,SALARIES,Vincent Lee,4,CLERICAL OFFICER,PLANNING & ECONOMIC DEVELOPMENT,HOUSING,No Sick Leave Record,No Sick Leave Record,No Sick Leave Record,No Sick Leave Record,100594,101162,No Sick Leave Record,100676,0,30,3.5,35.5,23,19,3,5.5
100819,Live,PW,CO,SALARIES,Kelly Gonzalez,3,SCHOOL WARDEN,PLANNING & ECONOMIC DEVELOPMENT,INFRASTRUCTURE & CLIMATE CHANGE,No Sick Leave Record,No Sick Leave Record,No Sick Leave Record,0,100567,100589,7,100580,0,30,5,34,18,7,3,No Annual Leave Record
100047,Live,PW,CO,SALARIES,Evelyn Williamson,5,SENIOR STAFF OFFICER,"COMMUNITY, CULTURAL SERVICES & PARKS",PARKS,No Sick Leave Record,No Sick Leave Record,No Sick Leave Record,No Sick Leave Record,101298,101148,No Sick Leave Record,100899,0,30,0,29.5,26,17,3,15
101095,Live,PW,CO,SALARIES,Melissa Burch,7,GENERAL OPERATIVE,INFRASTRUCTURE & CLIMATE CHANGE,PARKS,0,No Sick Leave Record,0,0,100668,100263,No Sick Leave Record,101082,0,30,No Annual Leave Record,35,9.5,18,13,10.5
100273,Live,PW,CO,SALARIES,Eric Moody,No Grade,GENERAL OPERATIVE,PLANNING & ECONOMIC DEVELOPMENT,PLANNING,No Sick Leave Record,0,17,0,100083,100414,No Sick Leave Record,100799,0,24,1,23,17,14,7,19
100748,Live,PW,CO,SALARIES,Amanda Pena,3,WATER INSPECTOR,"COMMUNITY, CULTURAL SERVICES & PARKS",INFRASTRUCTURE & CLIMATE CHANGE,No Sick Leave Record,No Sick Leave Record,0,No Sick Leave Record,100166,100757,0,100424,0,30,9.5,30,5,8.5,9,10.5
100429,Live,PW,CO,SALARIES,April Brown,7,CLERICAL OFFICER,INFRASTRUCTURE & CLIMATE CHANGE,INFRASTRUCTURE & CLIMATE CHANGE,0,0.04,0,9.5,101348,101090,0,100499,0,28,5,34,16,17,20,6
100756,,PW,CO,SALARIES,Hunter Koch,No Grade,ASSISTANT ENGINEER,HOUSING,INFRASTRUCTURE & CLIMATE CHANGE,No Sick Leave Record,3,No Sick Leave Record,No Sick Leave Record,100084,100515,No Sick Leave Record,100798,0,30,4,31.5,14.5,14,3,No Annual Leave Record
101168,Live,PW,CO,FORTNIGHTLY WAGES - DLR,Amanda Shannon,No Grade,SENIOR PLANNER,INFRASTRUCTURE & CLIMATE CHANGE,INFRASTRUCTURE & CLIMATE CHANGE,No Sick Leave Record,0.06,0,No Sick Leave Record,101127,101104,No Sick Leave Record,100028,0,32,5,28.5,22,11,20,8.5
101021,Live,PW,CO,SALARIES,Todd Rivera,4,SCHOOL WARDEN,PLANNING & ECONOMIC DEVELOPMENT,CORPORATE SERVICES,0,24,No Sick Leave Record,0,100990,100220,No Sick Leave Record,100839,0,30,5,25.5,13.5,17,9,6
100878,Live,PW,CO,SALARIES,Emma Bond,No Grade,ANALYST PROGRAMMER,PLANNING & ECONOMIC DEVELOPMENT,FINANCE,0,1.15,No Sick Leave Record,No Sick Leave Record,100331,101041,No Sick Leave Record,100630,0,30,0,37,16,14.5,3,16.5
100598,Live,PW,CO,SALARIES,Jonathan Sosa,7,LIBRARY ASSISTANT,FINANCE & WATER SERVICES,COMMUNITY,No Sick Leave Record,0,No Sick Leave Record,No Sick Leave Record,101236,100591,No Sick Leave Record,101193,0,15,3,29,No Annual Leave Record,15,4.5,12.5
101279,Live,PW,CO,SALARIES,Kent Smith,6,STAFF OFFICER,INFRASTRUCTURE & CLIMATE CHANGE,PARKS,No Sick Leave Record,0.51,No Sick Leave Record,No Sick Leave Record,100701,101314,No Sick Leave Record,100210,0,24,5,No Annual Leave Record,21,13,2,24
100784,Live,PW,CO,SALARIES,Stephen Davies,No Grade,GENERAL OPERATIVE,PLANNING & ECONOMIC DEVELOPMENT,PLANNING,No Sick Leave Record,No Sick Leave Record,No Sick Leave Record,No Sick Leave Record,100514,100032,No Sick Leave Record,101331,0,28,No Annual Leave Record,29,21,11.5,0,0
100976,Live,PW,CO,FORTNIGHTLY WAGES - DLR,Johnny Brown,7,CLERICAL OFFICER,INFRASTRUCTURE & CLIMATE CHANGE,INFRASTRUCTURE & CLIMATE CHANGE,No Sick Leave Record,No Sick Leave Record,5,0,100521,100089,No Sick Leave Record,100214,0,28,5,33,10,12,14,5.5
100091,Live,PW,CO,FORTNIGHTLY WAGES - DLR,Elizabeth Olson,8,SENIOR ENGINEER,"COMMUNITY, CULTURAL SERVICES & PARKS",CHERRYWOOD,No Sick Leave Record,1,1,0,100361,100357,0,100297,0,27,No Annual Leave Record,25,20.5,21.5,3,13
101197,Live,PW,CO,SALARIES,Tanner Osborne,7,SCHOOL WARDEN,INFRASTRUCTURE & CLIMATE CHANGE,WATER SERVICES,No Sick Leave Record,No Sick Leave Record,No Sick Leave Record,No Sick Leave Record,100492,100528,0,101111,0,24,2,35,23,15,5,5.5
100245,Live,TP,CO,SALARIES,John Williams,6,PUBLIC ARTS COORDINATOR TEMP,INFRASTRUCTURE & CLIMATE CHANGE,FINANCE,No Sick Leave Record,0,No Sick Leave Record,No Sick Leave Record,100238,100611,0,101297,0,24,2.5,14,4,15.5,3,21
100252,Live,TP,CO,SALARIES,Larry Fox,No Grade,SENIOR STAFF OFFICER,INFRASTRUCTURE & CLIMATE CHANGE,INFRASTRUCTURE & CLIMATE CHANGE,0,No Sick Leave Record,0,No Sick Leave Record,100009,101277,3,100426,0,32,5,23,15,No Annual Leave Record,0,10
101342,Live,PW,CO,SALARIES,John Neal,7,GENERAL OPERATIVE,INFRASTRUCTURE & CLIMATE CHANGE,INFRASTRUCTURE & CLIMATE CHANGE,0,0,No Sick Leave Record,No Sick Leave Record,101152,100772,No Sick Leave Record,101215,0,30,4,35,16,No Annual Leave Record,No Annual Leave Record,4.5
101067,Live,PW,CO,SALARIES,Thomas Pennington,7,SCHOOL WARDEN,INFRASTRUCTURE & CLIMATE CHANGE,ARCHITECTS,0,No Sick Leave Record,7,No Sick Leave Record,100107,100949,0,101237,0,24,2.5,28,15.5,11.5,5,4.5
100439,Live,PW,CO,SALARIES,Steven Garcia,3,AREA COMMUNITY OFFICER,ARCHITECTS,CORPORATE SERVICES,No Sick Leave Record,No Sick Leave Record,0,0,101099,100981,0,101317,0,No Annual Leave Record,No Annual Leave Record,No Annual Leave Record,20.5,No Annual Leave Record,No Annual Leave Record,1.5
100686,Live,TW,CO,SALARIES,Patricia Mitchell PhD,7,CE SCHEME,INFRASTRUCTURE & CLIMATE CHANGE,HOUSING,0,No Sick Leave Record,0,No Sick Leave Record,100568,100602,0,101044,0,27,3.5,31,29,10,0,No Annual Leave Record
100938,Live,PW,CO,SALARIES,Jennifer Wall,7,SENIOR EXECUTIVE ENGINEER,INFRASTRUCTURE & CLIMATE CHANGE,INFRASTRUCTURE & CLIMATE CHANGE,No Sick Leave Record,No Sick Leave Record,0,No Sick Leave Record,100480,101175,1,100472,0,24,4,35,8,13,4,10
100044,Live,PW,CO,SALARIES,Megan Ramos,3,CLERICAL OFFICER,INFRASTRUCTURE & CLIMATE CHANGE,INFRASTRUCTURE & CLIMATE CHANGE,No Sick Leave Record,No Sick Leave Record,No Sick Leave Record,No Sick Leave Record,100591,100578,0,101113,0,No Annual Leave Record,No Annual Leave Record,25.5,17,27,3,8
100518,Live,PW,CO,SALARIES,Stephanie Hall,No Grade,MANAGEMENT ACCOUNTANT,FORWARD PLANNING INFRASTRUCTURE,HOUSING,No Sick Leave Record,No Sick Leave Record,No Sick Leave Record,0,100924,101107,No Sick Leave Record,100850,0,30,2,No Annual Leave Record,22.5,No Annual Leave Record,2,13.5
101327,Live,PW,CO,SALARIES,Christian Hill,6,RATE COLLECTOR RATHDOWN,"COMMUNITY, CULTURAL SERVICES & PARKS",HOUSING,No Sick Leave Record,No Sick Leave Record,No Sick Leave Record,0,100881,100534,No Sick Leave Record,100561,0,No Annual Leave Record,4.5,32,14.5,8,3,No Annual Leave Record
101004,Live,PW,CO,SALARIES,Matthew Ford,No Grade,SUPERVISOR INSPECTOR MAINTENANCE/CLEAN,"COMMUNITY, CULTURAL SERVICES & PARKS",PARKS,No Sick Leave Record,No Sick Leave Record,No Sick Leave Record,No Sick Leave Record,100471,101051,No Sick Leave Record,101188,0,24,5,29,14,7,8,7.5
101220,Live,PW,CO,SALARIES,Willie Jones,6,ASSISTANT STAFF OFFICER,INFRASTRUCTURE & CLIMATE CHANGE,CORPORATE SERVICES,No Sick Leave Record,No Sick Leave Record,3,0,100987,100864,No Sick Leave Record,100633,0,32,3,32.5,13,6,0,3.5
100521,Live,PW,CO,SALARIES,Mr. James Beard MD,No Grade,STAFF OFFICER,FINANCE & WATER SERVICES,PARKS,No Sick Leave Record,5,89,No Sick Leave Record,100075,101288,No Sick Leave Record,101336,0,30,0,25.5,15,No Annual Leave Record,3,16
100717,Live,PW,CO,SALARIES,Edward Erickson,4,SENIOR STAFF OFFICER,INFRASTRUCTURE & CLIMATE CHANGE,INFRASTRUCTURE & CLIMATE CHANGE,0,No Sick Leave Record,No Sick Leave Record,No Sick Leave Record,100317,100763,0,100616,0,30,4,26,19.5,9.5,0,8
100985,Live,PW,CO,SALARIES,Julian Taylor,4,DRIVER CLEANSING,"COMMUNITY, CULTURAL SERVICES & PARKS",LAW,No Sick Leave Record,0,0,0,100943,100231,No Sick Leave Record,100461,0,27,1,35,22,15,3,7
100288,Live,TW,CO,SALARIES,Justin Pennington,No Grade,ASSISTANT STAFF OFFICER,CORPORATE AFFAIRS,HOUSING,No Sick Leave Record,7.04,No Sick Leave Record,No Sick Leave Record,100435,100831,No Sick Leave Record,101357,0,No Annual Leave Record,No Annual Leave Record,37,18,4.5,0,16
100676,Live,PW,CO,SALARIES,Eddie Goodman,4,STAFF OFFICER,INFRASTRUCTURE & CLIMATE CHANGE,INFRASTRUCTURE & CLIMATE CHANGE,0,No Sick Leave Record,No Sick Leave Record,No Sick Leave Record,100148,100542,0,100172,0,30,0,27,No Annual Leave Record,8.5,3,No Annual Leave Record
101078,Live,PW,CO,FORTNIGHTLY WAGES - DLR,Kelly Wells,No Grade,CLERICAL OFFICER,"COMMUNITY, CULTURAL SERVICES & PARKS",HOUSING,No Sick Leave Record,0,No Sick Leave Record,0,101204,100430,0,100005,0,13.5,5,29,14,No Annual Leave Record,0,2
100688,Live,PW,CO,FORTNIGHTLY WAGES - DLR,Monica Esparza,No Grade,EXECUTIVE ENGINEER,INFRASTRUCTURE & CLIMATE CHANGE,CORPORATE SERVICES,0,No Sick Leave Record,No Sick Leave Record,No Sick Leave Record,100025,100725,No Sick Leave Record,100047,0,No Annual Leave Record,No Annual Leave Record,32.5,20,13,5,8.5
101126,Live,PW,CO,SALARIES,Michael Dean,5,LIBRARY ASSISTANT,HOUSING,CORPORATE SERVICES,No Sick Leave Record,1.11,No Sick Leave Record,No Sick Leave Record,100727,101169,0,101112,0,24,0,24,26,8,No Annual Leave Record,4
100753,Live,TW,CO,SALARIES,Craig Williams,4,DRIVER,"COMMUNITY, CULTURAL SERVICES & PARKS",INFRASTRUCTURE & CLIMATE CHANGE,0,No Sick Leave Record,No Sick Leave Record,No Sick Leave Record,101354,101119,0,101101,0,27,2,34,26,16.5,22,No Annual Leave Record
100283,Live,PW,CO,SALARIES,Anthony James,No Grade,SENIOR EXECUTIVE LIBRARIAN,HOUSING,INFRASTRUCTURE & CLIMATE CHANGE,No Sick Leave Record,No Sick Leave Record,0,No Sick Leave Record,100145,100040,No Sick Leave Record,100501,0,30,0,35,2,12,3,9
100791,Live,PW,CO,SALARIES,Donna Thompson,No Grade,SENIOR EXECUTIVE ENGINEER,"COMMUNITY, CULTURAL SERVICES & PARKS",CULTURE,No Sick Leave Record,No Sick Leave Record,No Sick Leave Record,0,101278,100417,No Sick Leave Record,100824,0,30,4,11,24,19,3,6
100061,Live,PW,CO,SALARIES,Jacob Haynes,No Grade,CLERICAL OFFICER,INFRASTRUCTURE & CLIMATE CHANGE,PLANNING,0,No Sick Leave Record,No Sick Leave Record,No Sick Leave Record,101028,100054,0,100873,0,28,5,30,26,2,3,6.5
100183,Live,PW,CO,SALARIES,Anne Clark,6,GENERAL OPERATIVE,"COMMUNITY, CULTURAL SERVICES & PARKS",ARCHITECTS,No Sick Leave Record,No Sick Leave Record,5,0,100950,100378,No Sick Leave Record,100805,0,28.5,5,No Annual Leave Record,24.5,28,3,6.5
101053,Live,PW,CO,SALARIES,Charles Villa,7,CLERICAL OFFICER,CORPORATE AFFAIRS,CULTURE,0,0.02,No Sick Leave Record,No Sick Leave Record,100921,100541,0,101261,No Annual Leave Record,29,5,34,12.5,16.5,0,8
101266,Live,TW,CO,FORTNIGHTLY WAGES - DLR,Edward Silva,6,EXECUTIVE PLANNER,FINANCE & WATER SERVICES,HOUSING,No Sick Leave Record,No Sick Leave Record,No Sick Leave Record,No Sick Leave Record,100680,100675,1.5,101305,0,27.5,No Annual Leave Record,35,0,13.5,No Annual Leave Record,13.5
100662,Live,PW,CO,SALARIES,William Moore,6,CLERICAL OFFICER,"COMMUNITY, CULTURAL SERVICES & PARKS",INFRASTRUCTURE & CLIMATE CHANGE,No Sick Leave Record,0.57,No Sick Leave Record,No Sick Leave Record,100330,100600,0,101270,0,20.5,4.5,32.5,25,9,0,13
100397,Live,PW,CO,SALARIES,Kelsey Davis,6,SENIOR STAFF OFFICER,INFRASTRUCTURE & CLIMATE CHANGE,IT,No Sick Leave Record,No Sick Leave Record,0,No Sick Leave Record,100760,100906,2,100567,0,30,0,35,0,5.5,No Annual Leave Record,13
100625,Live,PW,CO,SALARIES,Lauren Hill,5,GENERAL OPERATIVE,HOUSING,CHERRYWOOD,No Sick Leave Record,No Sick Leave Record,No Sick Leave Record,0,100767,100025,0,100706,0,30,5,30,19,11,3,14.5
101140,Live,PW,CO,SALARIES,Willie Burns,No Grade,ASSISTANT STAFF OFFICER,INFRASTRUCTURE & CLIMATE CHANGE,CULTURE,No Sick Leave Record,0,No Sick Leave Record,No Sick Leave Record,100014,101076,No Sick Leave Record,100136,0,5.5,0,No Annual Leave Record,15,No Annual Leave Record,5,14
101345,Live,PW,CO,FORTNIGHTLY WAGES - DLR,Michael Flowers,No Grade,GRADUATE ENGINEER,PLANNING & ECONOMIC DEVELOPMENT,ENTERPRISE,No Sick Leave Record,No Sick Leave Record,0,0,101000,100109,0,100913,0,29,4,26,19,15,3,4.5
100722,,TW,CO,SALARIES,John Choi,6,EXECUTIVE ENGINEER,INFRASTRUCTURE & CLIMATE CHANGE,CORPORATE SERVICES,0,No Sick Leave Record,No Sick Leave Record,0,100100,101308,No Sick Leave Record,100971,0,24,1,37,7.5,17.5,20,9
100270,Live,PW,CO,SALARIES,Melissa Hess,4,GENERAL OPERATIVE,FORWARD PLANNING INFRASTRUCTURE,HOUSING,No Sick Leave Record,No Sick Leave Record,34,No Sick Leave Record,100735,100197,0,100900,0,24,3.5,35,19.5,20,9,9.5
101178,Live,PW,CO,SALARIES,Edwin Stuart,3,ADMINISTRATIVE OFFICER,INFRASTRUCTURE & CLIMATE CHANGE,COMMUNITY,No Sick Leave Record,No Sick Leave Record,0,No Sick Leave Record,100904,100501,0,100181,0,24,No Annual Leave Record,35,5.5,14,0,11
100365,Live,PW,CO,SALARIES,Richard Garcia,7,FOREMAN TRADESMAN,CORPORATE AFFAIRS,PLANNING,No Sick Leave Record,0,0,No Sick Leave Record,100574,101152,No Sick Leave Record,100459,0,27,0.5,15,17,4.5,3,7
100037,,PW,CO,SALARIES,Ann Young,5,CLERICAL OFFICER,CORPORATE AFFAIRS,INFRASTRUCTURE & CLIMATE CHANGE,No Sick Leave Record,7.17,11,No Sick Leave Record,100413,101183,4,100807,0,17.5,0,28,27,11,3,0
101349,Live,PW,CO,FORTNIGHTLY WAGES - DLR,Deborah Walters,No Grade,STAFF OFFICER,PLANNING & ECONOMIC DEVELOPMENT,INFRASTRUCTURE & CLIMATE CHANGE,No Sick Leave Record,0,3,0,101050,100129,No Sick Leave Record,100516,0,15,2,41,18.5,12.5,0,7
100671,Live,PW,CO,SALARIES,Thomas Walker,7,SENIOR STAFF OFFICER,"COMMUNITY, CULTURAL SERVICES & PARKS",INFRASTRUCTURE & CLIMATE CHANGE,No Sick Leave Record,No Sick Leave Record,No Sick Leave Record,No Sick Leave Record,101088,100858,No Sick Leave Record,100383,0,30,5,34,13,17,10.5,No Annual Leave Record
100035,Live,PW,CO,FORTNIGHTLY WAGES - DLR,Jacob Wang,No Grade,GANGER,INFRASTRUCTURE & CLIMATE CHANGE,CULTURE,0,No Sick Leave Record,No Sick Leave Record,No Sick Leave Record,100546,100388,No Sick Leave Record,100936,No Annual Leave Record,17.5,3,29,26,9,3,3.5
101157,Live,PW,CO,SALARIES,Douglas Lewis,No Grade,ASSISTANT STAFF OFFICER,PLANNING & ECONOMIC DEVELOPMENT,CULTURE,No Sick Leave Record,No Sick Leave Record,No Sick Leave Record,No Sick Leave Record,100122,101363,No Sick Leave Record,100305,No Annual Leave Record,32,0,29,0,18,3,No Annual Leave Record
100070,Live,PW,CO,FORTNIGHTLY WAGES - DLR,Denise Harrington,6,GENERAL OPERATIVE,INFRASTRUCTURE & CLIMATE CHANGE,CULTURE,No Sick Leave Record,2,0,No Sick Leave Record,100623,101068,1.48,100262,0,30,5,49,0,13,3,No Annual Leave Record
100525,Live,PW,CO,FORTNIGHTLY WAGES - DLR,Tina Rodriguez,7,SENIOR STAFF OFFICER,FORWARD PLANNING INFRASTRUCTURE,INFRASTRUCTURE & CLIMATE CHANGE,No Sick Leave Record,0,No Sick Leave Record,0,101008,100311,No Sick Leave Record,100615,0,32,0,24,No Annual Leave Record,No Annual Leave Record,2.5,No Annual Leave Record
100123,Live,PW,CO,FORTNIGHTLY WAGES - DLR,Mark Castillo,No Grade,SENIOR STAFF OFFICER,CORPORATE AFFAIRS,INFRASTRUCTURE & CLIMATE CHANGE,0,No Sick Leave Record,0,0,100570,100446,No Sick Leave Record,101205,0,30,5,32,23,8,5.5,4
100112,Live,PW,CO,FORTNIGHTLY WAGES - DLR,Teresa Myers,No Grade,GENERAL OPERATIVE,CORPORATE AFFAIRS,INFRASTRUCTURE & CLIMATE CHANGE,No Sick Leave Record,0,0,0,100800,100107,No Sick Leave Record,100098,No Annual Leave Record,30,No Annual Leave Record,23.5,2.5,24,7,3.5
101257,Live,PW,CO,SALARIES,Ronald York,4,BUILDING INSPECTOR/ CLERK OF WORKS,CORPORATE AFFAIRS,PARKS,No Sick Leave Record,0.65,8.5,No Sick Leave Record,101331,100243,2.5,100091,0,30,0,28.5,1,No Annual Leave Record,11,18
100210,Live,PW,CO,SALARIES,Mitchell Rodriguez,7,CAREER BREAK,FORWARD PLANNING INFRASTRUCTURE,PLANNING,0,No Sick Leave Record,No Sick Leave Record,17,100744,101297,0,101012,0,24,No Annual Leave Record,13,19.5,No Annual Leave Record,3,7
100213,Live,PW,CO,FORTNIGHTLY WAGES - DLR,Charles Ramirez,No Grade,ASSISTANT STAFF OFFICER,INFRASTRUCTURE & CLIMATE CHANGE,WATER SERVICES,0,0,No Sick Leave Record,0,101212,100944,No Sick Leave Record,100597,0,32,3.5,33.5,18.5,19,3,5
100745,Live,PW,CO,SALARIES,Christine Sparks,7,SENIOR STAFF OFFICER,PLANNING & ECONOMIC DEVELOPMENT,PLANNING,0,0.36,No Sick Leave Record,No Sick Leave Record,101054,100747,No Sick Leave Record,101285,0,No Annual Leave Record,5,26,0,13,0,11
100264,Live,PW,CO,,Linda Harmon,3,STAFF OFFICER,INFRASTRUCTURE & CLIMATE CHANGE,FINANCE,No Sick Leave Record,1.02,No Sick Leave Record,0,101068,101328,No Sick Leave Record,101364,0,17.5,5,29,26,18,0,8.5
101258,Live,PW,CO,SALARIES,Christopher Allen,7,ASSISTANT STAFF OFFICER,FINANCE & WATER SERVICES,INFRASTRUCTURE & CLIMATE CHANGE,0,0,No Sick Leave Record,No Sick Leave Record,100883,100310,1,100511,0,28.5,1,27,No Annual Leave Record,15.5,9,5
101081,Live,PW,CO,SALARIES,Brian Vasquez,3,DRIVER CLEANSING,INFRASTRUCTURE & CLIMATE CHANGE,HOUSING,0,29,0,No Sick Leave Record,100542,100696,0,100666,0,15,No Annual Leave Record,No Annual Leave Record,0,8,No Annual Leave Record,16
100695,Live,PW,CO,FORTNIGHTLY WAGES - DLR,Tyler Curtis,7,ASSISTANT STAFF OFFICER,HOUSING,INFRASTRUCTURE & CLIMATE CHANGE,No Sick Leave Record,0,0,No Sick Leave Record,100636,100617,No Sick Leave Record,100997,0,30,3,31,6,5.5,11,5
100350,Live,PW,CO,SALARIES,Julie Sanders,6,SCHOOL WARDEN,HOUSING,PARKS,No Sick Leave Record,No Sick Leave Record,No Sick Leave Record,No Sick Leave Record,100884,100305,No Sick Leave Record,100777,0,24,3.5,31,21,15,3,5
100680,Live,PW,CO,SALARIES,Lisa Johnson,No Grade,ADMINISTRATIVE OFFICER,INFRASTRUCTURE & CLIMATE CHANGE,CORPORATE SERVICES,0,25,0,9.5,100596,101019,No Sick Leave Record,100845,0,No Annual Leave Record,0.5,23.5,22,15,6,0
101148,Live,PW,CO,FORTNIGHTLY WAGES - DLR,Angela Hill,9,SENIOR LIBRARIAN,INFRASTRUCTURE & CLIMATE CHANGE,INFRASTRUCTURE & CLIMATE CHANGE,No Sick Leave Record,0,No Sick Leave Record,3,100536,101042,No Sick Leave Record,100174,No Annual Leave Record,29,1,11.5,8,20,0,9.5
100795,Live,PW,CO,FORTNIGHTLY WAGES - DLR,Rachael Anderson,5,LIBRARY ASSISTANT,INFRASTRUCTURE & CLIMATE CHANGE,IT,No Sick Leave Record,No Sick Leave Record,3,0,100283,100435,0,100489,0,24,4.5,32,0,7,10,0
100255,Live,PW,CO,FORTNIGHTLY WAGES - DLR,Kayla Flynn,No Grade,SENIOR LIBRARY ASSISTANT,HOUSING,INFRASTRUCTURE & CLIMATE CHANGE,0,No Sick Leave Record,No Sick Leave Record,0,100190,100024,0,100370,0,31,0,27,27,No Annual Leave Record,3,3.5
101038,Live,PW,CO,FORTNIGHTLY WAGES - DLR,John Rodriguez,No Grade,PROJECT RESIDENT ENGINEER TEMPORARY,FINANCE & WATER SERVICES,PLANNING,0,No Sick Leave Record,No Sick Leave Record,No Sick Leave Record,100977,100731,No Sick Leave Record,100998,0,30,4,24,No Annual Leave Record,8,No Annual Leave Record,17
100621,Live,PW,CO,SALARIES,Dale Garrett,5,LIBRARY ASSISTANT,ARCHITECTS,INFRASTRUCTURE & CLIMATE CHANGE,No Sick Leave Record,0,3,0,100830,100992,0,100861,0,30,0,No Annual Leave Record,25,11,2,0
100792,Live,PW,CO,FORTNIGHTLY WAGES - DLR,Mr. Eddie Marquez,6,SENIOR EXECUTIVE ENGINEER,"COMMUNITY, CULTURAL SERVICES & PARKS",CULTURE,0,No Sick Leave Record,0,No Sick Leave Record,101357,100397,0,100771,0,25.5,4.5,30,25,No Annual Leave Record,3,0
100738,Live,TW,CO,SALARIES,Tracey Smith,3,CLERICAL OFFICER,INFRASTRUCTURE & CLIMATE CHANGE,CULTURE,No Sick Leave Record,0,No Sick Leave Record,No Sick Leave Record,100309,100118,No Sick Leave Record,100482,0,No Annual Leave Record,3.5,No Annual Leave Record,7,12,No Annual Leave Record,0
100571,Live,TP,CO,SALARIES,Melissa Anderson,No Grade,ASSISTANT STAFF OFFICER,FINANCE & WATER SERVICES,CORPORATE SERVICES,No Sick Leave Record,No Sick Leave Record,16.5,No Sick Leave Record,100397,100015,No Sick Leave Record,100227,0,30,4.5,32,20.5,No Annual Leave Record,9,9
100430,Live,PW,CO,SALARIES,Peter Gilbert,No Grade,SCHOOL WARDEN,"COMMUNITY, CULTURAL SERVICES & PARKS",COMMUNITY,0,16,No Sick Leave Record,No Sick Leave Record,100071,100356,No Sick Leave Record,100818,0,30,0.5,35,18.5,No Annual Leave Record,3,No Annual Leave Record
100570,Live,PW,CO,SALARIES,Brian Beck,3,SENIOR EXECUTIVE ENGINEER,PLANNING & ECONOMIC DEVELOPMENT,HOUSING,0,No Sick Leave Record,0,9,101066,101282,No Sick Leave Record,100698,0,28.5,No Annual Leave Record,13,2,13,3,16.5
101108,Live,PW,CO,SALARIES,Kim Gordon,9,ASSISTANT STAFF OFFICER,INFRASTRUCTURE & CLIMATE CHANGE,PARKS,0,No Sick Leave Record,0,0,100191,100289,0,100408,0,24,5,No Annual Leave Record,20,10.5,0,11
101008,Live,PW,CO,FORTNIGHTLY WAGES - DLR,Mary Harris,7,DIRECTOR OF FRWD PLANNING INFRASTRUCTURE,HOUSING,INFRASTRUCTURE & CLIMATE CHANGE,No Sick Leave Record,1,No Sick Leave Record,0,101191,100454,No Sick Leave Record,101134,0,30,0,32,14.5,No Annual Leave Record,8,15
100232,Live,PW,CO,FORTNIGHTLY WAGES - DLR,Nathan Anderson,No Grade,CARPENTER/JOINER,INFRASTRUCTURE & CLIMATE CHANGE,HUMAN RESOURCES,No Sick Leave Record,No Sick Leave Record,No Sick Leave Record,0,100223,100756,No Sick Leave Record,100173,0,24,4,25,9.5,26,0,4
100821,Live,PW,CO,SALARIES,Cheryl Lee,No Grade,CLERICAL OFFICER,INFRASTRUCTURE & CLIMATE CHANGE,INFRASTRUCTURE & CLIMATE CHANGE,0,No Sick Leave Record,0,0,100103,101330,No Sick Leave Record,100650,0,15,0,20.5,No Annual Leave Record,30,0,0
101175,Live,TW,CO,SALARIES,Kristin Singleton,4,SENIOR STAFF OFFICER,"COMMUNITY, CULTURAL SERVICES & PARKS",PLANNING,0,4.03,No Sick Leave Record,No Sick Leave Record,101239,100958,No Sick Leave Record,100238,0,24,5,No Annual Leave Record,13.5,4,No Annual Leave Record,4
100633,Live,PW,CO,FORTNIGHTLY WAGES - DLR,Brittany Mooney,6,CLERICAL OFFICER,PLANNING & ECONOMIC DEVELOPMENT,INFRASTRUCTURE & CLIMATE CHANGE,0,No Sick Leave Record,No Sick Leave Record,0,101044,100429,No Sick Leave Record,100636,0,32,No Annual Leave Record,35,19,24.5,3,14.5
101249,Live,PW,CO,SALARIES,Bill Lopez,3,I.S. TECHNICAL OFFICER,HOUSING,INFRASTRUCTURE & CLIMATE CHANGE,No Sick Leave Record,3.72,0,5,100175,100444,No Sick Leave Record,100280,0,24,No Annual Leave Record,16.5,9.5,18,3,No Annual Leave Record
100657,Live,PW,CO,FORTNIGHTLY WAGES - DLR,Jordan Spencer,7,SUPERVISOR INSPECTOR MAINTENANCE/CLEAN,"COMMUNITY, CULTURAL SERVICES & PARKS",HOUSING,No Sick Leave Record,No Sick Leave Record,0,2.5,100124,100999,No Sick Leave Record,100336,0,29,0,No Annual Leave Record,18,No Annual Leave Record,15,6
100218,Live,PW,CO,FORTNIGHTLY WAGES - DLR,Tamara Baldwin,5,LIBRARY ASSISTANT,"COMMUNITY, CULTURAL SERVICES & PARKS",INFRASTRUCTURE & CLIMATE CHANGE,No Sick Leave Record,No Sick Leave Record,7,No Sick Leave Record,100824,100924,No Sick Leave Record,101079,0,12,No Annual Leave Record,27,No Annual Leave Record,No Annual Leave Record,No Annual Leave Record,11.5
101018,Live,PW,CO,FORTNIGHTLY WAGES - DLR,Stephanie Thompson,No Grade,SENIOR RESIDENT ENGINEER TEMP,INFRASTRUCTURE & CLIMATE CHANGE,CORPORATE SERVICES,0,No Sick Leave Record,No Sick Leave Record,0,100446,100965,No Sick Leave Record,100059,0,24,0,27.5,26.5,12.5,0,8.5
100787,Live,PW,CO,SALARIES,Natalie Villarreal,4,CLERICAL OFFICER,CORPORATE AFFAIRS,PLANNING,No Sick Leave Record,0,0,No Sick Leave Record,101162,101251,0,100473,0,30,No Annual Leave Record,No Annual Leave Record,14,No Annual Leave Record,No Annual Leave Record,10
100804,Live,TW,CO,FORTNIGHTLY WAGES - DLR,Keith Yang,No Grade,ASSISTANT STAFF OFFICER,LAW,INFRASTRUCTURE & CLIMATE CHANGE,0,0,No Sick Leave Record,0,100459,100028,No Sick Leave Record,100223,0,27,0,19,22,13,0,5
101024,Live,PW,CO,FORTNIGHTLY WAGES - DLR,Keith Sparks,5,STAFF OFFICER,HOUSING,HUMAN RESOURCES,No Sick Leave Record,No Sick Leave Record,No Sick Leave Record,No Sick Leave Record,100268,100293,No Sick Leave Record,101021,0,No Annual Leave Record,5,35,7,21,3,15
100463,,PW,CO,FORTNIGHTLY WAGES - DLR,Michael Cooper,6,SCHOOL WARDEN,HOUSING,COMMUNITY,0,0.08,0,No Sick Leave Record,100908,101135,2,100466,0,30,0,No Annual Leave Record,16,4,No Annual Leave Record,0
100907,Live,PW,EN,SALARIES,Allen Vega,No Grade,SENIOR STAFF OFFICER,PLANNING & ECONOMIC DEVELOPMENT,CULTURE,No Sick Leave Record,No Sick Leave Record,0,No Sick Leave Record,100939,100893,0,100733,0,No Annual Leave Record,No Annual Leave Record,35,23,20,3,10.5
100718,Live,PW,CO,FORTNIGHTLY WAGES - DLR,Stephen Hardy,No Grade,STAFF OFFICER,CORPORATE AFFAIRS,HOUSING,0,No Sick Leave Record,No Sick Leave Record,No Sick Leave Record,100912,100886,0,100206,0,32,3,No Annual Leave Record,23,9,No Annual Leave Record,12
101338,Live,PW,CO,SALARIES,Parker Gutierrez,4,ACTIVE CITIES DUBLIN PROJECT LEAD,INFRASTRUCTURE & CLIMATE CHANGE,PARKS,No Sick Leave Record,No Sick Leave Record,0,No Sick Leave Record,100043,101298,No Sick Leave Record,100693,0,29,1,35,17.5,8,0,7
100074,Live,PW,CO,SALARIES,Jeffrey Hanson,4,STAFF OFFICER,CORPORATE AFFAIRS,INFRASTRUCTURE & CLIMATE CHANGE,0,No Sick Leave Record,7,No Sick Leave Record,101042,100705,0,100958,0,No Annual Leave Record,0,35,28,11.5,9,5
100188,Live,PW,CO,SALARIES,Michael Mcgrath,6,SWEEPER ROADS,PLANNING & ECONOMIC DEVELOPMENT,FINANCE,No Sick Leave Record,No Sick Leave Record,No Sick Leave Record,No Sick Leave Record,100833,101034,0,100858,0,24,5,34,13,18.5,3,19
100990,Live,PW,CO,SALARIES,Nicholas Foster,6,GENERAL OPERATIVE,"COMMUNITY, CULTURAL SERVICES & PARKS",ENTERPRISE,No Sick Leave Record,No Sick Leave Record,No Sick Leave Record,6,100406,101290,No Sick Leave Record,100061,0,30,5,37,14,19,3,13.5
100228,Live,PW,CO,SALARIES,Deborah Gentry,No Grade,STAFF OFFICER,HOUSING,WATER SERVICES,No Sick Leave Record,No Sick Leave Record,No Sick Leave Record,No Sick Leave Record,101056,101088,0,101330,No Annual Leave Record,30,No Annual Leave Record,9.5,15.5,12,3,4
100347,Live,PW,CO,FORTNIGHTLY WAGES - DLR,Brian Olson,4,EXECUTIVE PLANNER,"COMMUNITY, CULTURAL SERVICES & PARKS",INFRASTRUCTURE & CLIMATE CHANGE,No Sick Leave Record,No Sick Leave Record,0,0,100282,100857,1,101250,0,No Annual Leave Record,3,35,17,8,3.5,9
101210,Live,TP,CO,SALARIES,Amanda Smith,5,ADMINISTRATIVE OFFICER,PLANNING & ECONOMIC DEVELOPMENT,CHERRYWOOD,No Sick Leave Record,0,No Sick Leave Record,18,100545,100859,0,100874,0,16.5,0,35,21.5,17,3,13.5
100964,Live,PW,CO,SALARIES,Christopher Johnson,6,ENVIRONMENTAL ENFORCEMENT WARDEN,HOUSING,PARKS,No Sick Leave Record,No Sick Leave Record,No Sick Leave Record,0,101083,100370,No Sick Leave Record,101161,0,27.5,5,No Annual Leave Record,14.5,12.5,No Annual Leave Record,12
100552,Live,PW,CO,SALARIES,Adriana Blackburn,7,SENIOR EXECUTIVE OFFICER,FINANCE & WATER SERVICES,HUMAN RESOURCES,0,No Sick Leave Record,0,0,100115,100394,No Sick Leave Record,101338,0,24,4,36.5,11,0,3,3.5
100235,Live,TW,CO,SALARIES,John Gutierrez,3,OPERATOR TRACTOR,INFRASTRUCTURE & CLIMATE CHANGE,HARBOUR,0,0.18,No Sick Leave Record,No Sick Leave Record,100766,100049,0.5,100414,0,27,3,32,19,17,12,10
100773,Live,PW,CO,FORTNIGHTLY WAGES - DLR,Donald Romero,No Grade,BUILDING INSPECTOR/ CLERK OF WORKS,CORPORATE AFFAIRS,CORPORATE SERVICES,0,No Sick Leave Record,5,0,101190,100033,No Sick Leave Record,100411,No Annual Leave Record,10,0,28,8.5,16,0,5
100127,Live,PW,CO,FORTNIGHTLY WAGES - DLR,Tina Bush,7,LIBRARY ASSISTANT,"COMMUNITY, CULTURAL SERVICES & PARKS",INFRASTRUCTURE & CLIMATE CHANGE,0,49,0,No Sick Leave Record,100557,100687,0,100142,0,17.5,0,35,8,30,3,4.5
100126,Live,PW,CO,FORTNIGHTLY WAGES - DLR,Kelsey Martinez,4,SCHOOL WARDEN,PLANNING & ECONOMIC DEVELOPMENT,PLANNING,0,1,0,14,101177,100460,2,100409,0,26,5,26.5,No Annual Leave Record,13.5,7,8
100191,Live,PW,CO,SALARIES,Kathy Arnold,5,INSPECTOR BUILDING MAINTENANCE,FINANCE & WATER SERVICES,CORPORATE SERVICES,No Sick Leave Record,No Sick Leave Record,0,No Sick Leave Record,100297,100839,0,100836,0,24,2,33.5,5,0,3,6
101304,Live,PW,CO,SALARIES,Nicole Smith,No Grade,CLERICAL OFFICER,INFRASTRUCTURE & CLIMATE CHANGE,CULTURE,No Sick Leave Record,8.52,No Sick Leave Record,No Sick Leave Record,101021,100987,No Sick Leave Record,100441,0,No Annual Leave Record,2,30,9,No Annual Leave Record,3,12.5
101288,Live,PW,CO,FORTNIGHTLY WAGES - DLR,Eric Martinez,8,SCHOOL WARDEN,INFRASTRUCTURE & CLIMATE CHANGE,INFRASTRUCTURE & CLIMATE CHANGE,0,No Sick Leave Record,No Sick Leave Record,No Sick Leave Record,101223,100845,0,100148,0,27,0,31,6,12.5,7,1.5
100212,Live,PW,CO,SALARIES,Meredith Villegas,6,FOREMAN GARDENER,"COMMUNITY, CULTURAL SERVICES & PARKS",CORPORATE SERVICES,No Sick Leave Record,No Sick Leave Record,No Sick Leave Record,No Sick Leave Record,101341,101257,0,100333,0,30,5,14,2,27,No Annual Leave Record,14
101128,Live,PW,CO,FORTNIGHTLY WAGES - DLR,Michael Deleon,3,FOREMAN GARDENER,"COMMUNITY, CULTURAL SERVICES & PARKS",PLANNING,No Sick Leave Record,No Sick Leave Record,1.5,0,100793,100273,0,100599,0,24,5,30,13,17,3,9
100205,Live,PW,CO,SALARIES,Brenda Nielsen,5,CHIEF TECHNICIAN,INFRASTRUCTURE & CLIMATE CHANGE,INFRASTRUCTURE & CLIMATE CHANGE,No Sick Leave Record,No Sick Leave Record,No Sick Leave Record,No Sick Leave Record,101011,100779,No Sick Leave Record,101200,No Annual Leave Record,23,No Annual Leave Record,34,25,8.5,0,0
100250,Live,PW,CO,FORTNIGHTLY WAGES - DLR,Laura Bender,4,CLERICAL OFFICER,"COMMUNITY, CULTURAL SERVICES & PARKS",HOUSING,0,0,No Sick Leave Record,No Sick Leave Record,101135,100558,0,100601,0,25,0,30,20,7.5,No Annual Leave Record,11
100867,Live,PW,CO,FORTNIGHTLY WAGES - DLR,Robert Barnes,7,ASSISTANT STAFF OFFICER,INFRASTRUCTURE & CLIMATE CHANGE,ARCHITECTS,0,8.84,No Sick Leave Record,No Sick Leave Record,100263,100463,No Sick Leave Record,101248,0,29,No Annual Leave Record,33.5,24,11,3,5
101068,Live,PW,CO,FORTNIGHTLY WAGES - DLR,Eric Campbell,No Grade,DISTRICT SUPERVISOR PARKS,"COMMUNITY, CULTURAL SERVICES & PARKS",PARKS,No Sick Leave Record,0.57,No Sick Leave Record,67.5,100560,100540,No Sick Leave Record,100236,0,No Annual Leave Record,5,33.5,15,9,3,4
100851,Live,PW,CO,FORTNIGHTLY WAGES - DLR,Beverly Taylor,5,GARDENER,FINANCE & WATER SERVICES,IT,0,No Sick Leave Record,No Sick Leave Record,0,101019,101367,No Sick Leave Record,100180,0,13,5,30,23,18.5,3,5.5
100447,Live,PW,CO,SALARIES,Amy York,No Grade,EXECUTIVE ARCHITECT,INFRASTRUCTURE & CLIMATE CHANGE,INFRASTRUCTURE & CLIMATE CHANGE,No Sick Leave Record,2.5,0,0,100121,100053,No Sick Leave Record,101143,No Annual Leave Record,No Annual Leave Record,5,35,11.5,6.5,0,0.5
100694,Live,PW,CO,SALARIES,Karen Carter,4,SCHOOL WARDEN,INFRASTRUCTURE & CLIMATE CHANGE,PLANNING,No Sick Leave Record,7,0,No Sick Leave Record,101257,100722,0,101340,0,22,16,16.5,No Annual Leave Record,No Annual Leave Record,No Annual Leave Record,8
100267,Live,PW,CO,SALARIES,Monica Gallegos,No Grade,LIFEGUARD,INFRASTRUCTURE & CLIMATE CHANGE,PARKS,0,No Sick Leave Record,0,No Sick Leave Record,101249,100384,No Sick Leave Record,100332,0,27,0,25.5,22,5,No Annual Leave Record,22
100234,Live,PW,CO,,Sharon Butler,No Grade,SENIOR STAFF OFFICER,PLANNING & ECONOMIC DEVELOPMENT,HOUSING,0,No Sick Leave Record,No Sick Leave Record,26,100510,100177,0,101004,0,27,No Annual Leave Record,32,14.5,13,3,No Annual Leave Record
100247,Live,TW,CO,SALARIES,Daniel Mendez,No Grade,CLERICAL OFFICER,PLANNING & ECONOMIC DEVELOPMENT,HOUSING,No Sick Leave Record,No Sick Leave Record,2,0,100240,101005,No Sick Leave Record,100939,0,30,5,24,20.5,16,10,0.5
100679,Live,PW,CO,SALARIES,Shane Chapman,6,COMMUNITY CLIMATE ACTION OFFICER,"COMMUNITY, CULTURAL SERVICES & PARKS",INFRASTRUCTURE & CLIMATE CHANGE,No Sick Leave Record,No Sick Leave Record,17,No Sick Leave Record,101366,100269,0,100981,0,30,No Annual Leave Record,8.5,No Annual Leave Record,10.5,No Annual Leave Record,4
100832,Live,PW,CO,SALARIES,Peter Sharp,No Grade,GRADUATE PLANNER,INFRASTRUCTURE & CLIMATE CHANGE,HARBOUR,No Sick Leave Record,No Sick Leave Record,No Sick Leave Record,No Sick Leave Record,101092,100162,0,101046,0,27,No Annual Leave Record,32,8,14.5,0,8
101039,Live,PW,CO,SALARIES,Bryce Santana,7,SCHOOL WARDEN,PLANNING & ECONOMIC DEVELOPMENT,PARKS,0,0,1,No Sick Leave Record,101321,100970,0,101104,0,24,1,33.5,25.5,0,0,6
100833,Live,PW,CO,SALARIES,Mrs. Patricia Bautista,No Grade,SENIOR STAFF OFFICER,"COMMUNITY, CULTURAL SERVICES & PARKS",CORPORATE SERVICES,0,0,2,No Sick Leave Record,100207,101234,0,100512,0,30,No Annual Leave Record,35,22.5,15.5,16,1
101042,Live,PW,CO,SALARIES,Matthew Jones,8.5,ASSISTANT STAFF OFFICER,INFRASTRUCTURE & CLIMATE CHANGE,HOUSING,No Sick Leave Record,No Sick Leave Record,2.5,0,101199,100058,1,100043,0,31,No Annual Leave Record,24,17.5,7,3,13.5
100132,Live,PW,CO,SALARIES,Brenda Morton,No Grade,SCHOOL WARDEN,PLANNING & ECONOMIC DEVELOPMENT,HOUSING,No Sick Leave Record,0,No Sick Leave Record,16.5,100621,101305,0,100909,No Annual Leave Record,24,5,28.5,20,6.5,3,7.5
100611,Live,PW,CO,SALARIES,Mrs. Sarah Martin,7,SENIOR RESIDENT ENGINEER TEMP,INFRASTRUCTURE & CLIMATE CHANGE,INFRASTRUCTURE & CLIMATE CHANGE,No Sick Leave Record,4,No Sick Leave Record,No Sick Leave Record,100141,100535,No Sick Leave Record,100233,0,30,1,24,20,9,0.5,No Annual Leave Record
100329,Live,PW,CO,FORTNIGHTLY WAGES - DLR,Colin Allen,6,LIFEGUARD,INFRASTRUCTURE & CLIMATE CHANGE,FINANCE,No Sick Leave Record,8,No Sick Leave Record,No Sick Leave Record,100747,100514,No Sick Leave Record,100279,0,25,0,15,17,13.5,3,18
100967,Live,PW,CO,FORTNIGHTLY WAGES - DLR,Heather King,4,GENERAL OPERATIVE,INFRASTRUCTURE & CLIMATE CHANGE,PLANNING,No Sick Leave Record,No Sick Leave Record,No Sick Leave Record,No Sick Leave Record,100731,100767,0,100449,0,30,5,No Annual Leave Record,25.5,15.5,0,8.5
100384,Live,PW,CO,SALARIES,Michael Kemp,4,CLERICAL OFFICER,FINANCE & WATER SERVICES,CORPORATE SERVICES,No Sick Leave Record,0.01,No Sick Leave Record,No Sick Leave Record,101144,101173,0,100892,0,24,2,24,18,15,2,5
100527,Live,TW,CO,SALARIES,Gregory Ray,5,FOREMAN TRADESMAN,"COMMUNITY, CULTURAL SERVICES & PARKS",CHERRYWOOD,No Sick Leave Record,0,No Sick Leave Record,No Sick Leave Record,100548,100971,No Sick Leave Record,101214,0,32,No Annual Leave Record,No Annual Leave Record,21.5,9,15,17
100760,Live,PW,CO,SALARIES,Kimberly Cooper,7,GENERAL OPERATIVE,FINANCE & WATER SERVICES,PARKS,0,No Sick Leave Record,0,0,101027,101035,0,100744,0,30,0,28,11.5,0,0,6.5
101107,Live,PW,CO,SALARIES,Sarah Johnson,5,RATE COLLECTOR RATHDOWN,"COMMUNITY, CULTURAL SERVICES & PARKS",CULTURE,No Sick Leave Record,No Sick Leave Record,No Sick Leave Record,0,100311,100900,0,101301,0,29,5,32.5,23,16,3,27
100634,Live,PW,CO,FORTNIGHTLY WAGES - DLR,David Kelley,No Grade,ADMINISTRATIVE OFFICER,LAW,INFRASTRUCTURE & CLIMATE CHANGE,0,No Sick Leave Record,No Sick Leave Record,No Sick Leave Record,100093,100496,No Sick Leave Record,100377,0,15.5,No Annual Leave Record,34,25.5,5,0,5
100721,Live,PW,CO,SALARIES,Tyler Burke,4,GULLY SUCKER DRIVER,"COMMUNITY, CULTURAL SERVICES & PARKS",COMMUNITY,No Sick Leave Record,15.02,No Sick Leave Record,No Sick Leave Record,101316,100194,No Sick Leave Record,100508,0,30,0.5,24,22.5,No Annual Leave Record,No Annual Leave Record,21.5
100837,Live,PW,CO,FORTNIGHTLY WAGES - DLR,Robert Campbell,5,STAFF OFFICER,INFRASTRUCTURE & CLIMATE CHANGE,INFRASTRUCTURE & CLIMATE CHANGE,0,No Sick Leave Record,No Sick Leave Record,No Sick Leave Record,100247,100199,No Sick Leave Record,101060,0,24,14,20,25.5,13,19,11.5
101134,Live,PW,CO,SALARIES,Kevin Rodriguez,6,EXECUTIVE ENGINEER,FORWARD PLANNING INFRASTRUCTURE,PLANNING,No Sick Leave Record,No Sick Leave Record,No Sick Leave Record,9,100307,100126,No Sick Leave Record,101050,0,28.5,No Annual Leave Record,36,14,13.5,3,8
100693,Live,PW,CO,SALARIES,Vanessa Foley,No Grade,STAFF OFFICER,"COMMUNITY, CULTURAL SERVICES & PARKS",INFRASTRUCTURE & CLIMATE CHANGE,No Sick Leave Record,0,No Sick Leave Record,No Sick Leave Record,100248,100937,0,100857,0,30,3,16.5,23,13,0,6
101315,Live,PW,CO,SALARIES,Terry Byrd,3,ASSISTANT STAFF OFFICER,CORPORATE AFFAIRS,INFRASTRUCTURE & CLIMATE CHANGE,No Sick Leave Record,No Sick Leave Record,No Sick Leave Record,No Sick Leave Record,100613,100420,0,100973,0,30,2,35,26,12,0,9.5
100221,Live,PW,CO,FORTNIGHTLY WAGES - DLR,Alexis Cunningham,3,GENERAL OPERATIVE,PLANNING & ECONOMIC DEVELOPMENT,INFRASTRUCTURE & CLIMATE CHANGE,No Sick Leave Record,No Sick Leave Record,6,No Sick Leave Record,100773,100439,No Sick Leave Record,100632,0,30,0,30,19,30,6,10.5
100471,Live,PW,CO,SALARIES,Brandon Johnson,5,DRIVER ROAD SWEEPER,INFRASTRUCTURE & CLIMATE CHANGE,INFRASTRUCTURE & CLIMATE CHANGE,0,No Sick Leave Record,No Sick Leave Record,0,100571,100277,No Sick Leave Record,100453,0,29,5,No Annual Leave Record,14,4,14,11
100025,Live,PW,CO,FORTNIGHTLY WAGES - DLR,Debra Preston,4,SCHOOL WARDEN,INFRASTRUCTURE & CLIMATE CHANGE,CULTURE,No Sick Leave Record,0,No Sick Leave Record,No Sick Leave Record,100965,100399,No Sick Leave Record,100934,0,21.5,0,34,24,10,0,12
101341,Live,PW,CO,SALARIES,Morgan Smith,5,CLERICAL OFFICER,PLANNING & ECONOMIC DEVELOPMENT,PARKS,No Sick Leave Record,0,No Sick Leave Record,5,101274,100609,0,100669,0,27.5,5,32,23,16,2,13.5
100217,Live,PW,CO,FORTNIGHTLY WAGES - DLR,William Owens,5,SENIOR STAFF OFFICER,HOUSING,WATER SERVICES,0,No Sick Leave Record,0,No Sick Leave Record,100763,101279,0,100929,0,29,2,No Annual Leave Record,25.5,13,3,9
100730,Live,PW,CO,FORTNIGHTLY WAGES - DLR,David Mcintyre,6,SENIOR STAFF OFFICER,CORPORATE AFFAIRS,COMMUNITY,0,0,No Sick Leave Record,0,100782,100450,0,100519,0,24,2,No Annual Leave Record,12,18,6,14
100921,Live,PW,CO,SALARIES,Donna Juarez,5,LIBRARIAN,HOUSING,CORPORATE SERVICES,No Sick Leave Record,No Sick Leave Record,4,No Sick Leave Record,100552,101000,0,100494,0,No Annual Leave Record,5,19.5,7,15,0,14
100543,Live,PW,CO,FORTNIGHTLY WAGES - DLR,Christy Chapman,No Grade,CE SCHEME,"COMMUNITY, CULTURAL SERVICES & PARKS",FINANCE,0,No Sick Leave Record,1,0,100511,101111,No Sick Leave Record,100304,No Annual Leave Record,27,5,31,13.5,12.5,3,14
100500,Live,PW,CO,FORTNIGHTLY WAGES - DLR,Kayla Knight,4,LIFEGUARD,PLANNING & ECONOMIC DEVELOPMENT,CULTURE,No Sick Leave Record,No Sick Leave Record,No Sick Leave Record,0,101234,100635,No Sick Leave Record,101037,0,24,5,36,24.5,10,3,12
100257,Live,PW,CO,FORTNIGHTLY WAGES - DLR,Steven Barton,6,ASSISTANT STAFF OFFICER,"COMMUNITY, CULTURAL SERVICES & PARKS",INFRASTRUCTURE & CLIMATE CHANGE,No Sick Leave Record,0,0,No Sick Leave Record,100159,100164,0,100347,0,27,4,35,21.5,12,0,16.5
100197,Live,PW,CO,SALARIES,Sandy Arroyo,3,LIFEGUARD,INFRASTRUCTURE & CLIMATE CHANGE,ARCHITECTS,No Sick Leave Record,1.16,0,0,101016,100752,0,100204,0,28,No Annual Leave Record,30,14,18,0,13
100831,Live,PW,CO,FORTNIGHTLY WAGES - DLR,David Reed,3,DRIVER ROAD SWEEPER,CORPORATE AFFAIRS,CORPORATE SERVICES,0,No Sick Leave Record,5,0,100726,100062,No Sick Leave Record,101034,0,11.5,5,35,24,17,0,3.5
101070,Live,PW,CO,SALARIES,Elizabeth Fuller,6,STAFF WELLBEING OFFICER,"COMMUNITY, CULTURAL SERVICES & PARKS",INFRASTRUCTURE & CLIMATE CHANGE,0,No Sick Leave Record,3,5,100791,100287,No Sick Leave Record,100476,0,No Annual Leave Record,5,11.5,21,20.5,0,12.5
100898,Live,PW,CO,FORTNIGHTLY WAGES - DLR,Jessica Jackson,7,STAFF OFFICER,FINANCE & WATER SERVICES,CORPORATE SERVICES,No Sick Leave Record,No Sick Leave Record,0,No Sick Leave Record,100315,100411,No Sick Leave Record,100976,0,30,5,19,12,5.5,3,11
100474,Live,PW,CO,SALARIES,Aaron Harrison,7.5,STAFF OFFICER,INFRASTRUCTURE & CLIMATE CHANGE,PLANNING,0,0.02,No Sick Leave Record,0,101034,100477,0,100675,No Annual Leave Record,24,5,13,18,14,0,16
100478,Live,PW,CO,FORTNIGHTLY WAGES - DLR,Daniel Lucas,6,CLERICAL OFFICER,FINANCE & WATER SERVICES,ARCHITECTS,No Sick Leave Record,0,No Sick Leave Record,0,100810,100253,No Sick Leave Record,100904,0,18,1.5,27.5,18,1,0,8
100663,Live,PW,CO,SALARIES,Bradley Shepherd,No Grade,SCHOOL WARDEN,"COMMUNITY, CULTURAL SERVICES & PARKS",INFRASTRUCTURE & CLIMATE CHANGE,No Sick Leave Record,No Sick Leave Record,No Sick Leave Record,15,100325,100249,0,101236,0,30,0,No Annual Leave Record,16.5,8,3,10.5
100095,Live,PW,CO,FORTNIGHTLY WAGES - DLR,Chad Diaz II,5,SENIOR RESIDENT ENGINEER TEMP,"COMMUNITY, CULTURAL SERVICES & PARKS",FINANCE,0,No Sick Leave Record,15,4,100700,100835,No Sick Leave Record,100300,0,21.5,0,29.5,No Annual Leave Record,13,0,16
100492,Live,PW,CO,SALARIES,Dr. Robert Foster DDS,3,SENIOR LIBRARIAN,"COMMUNITY, CULTURAL SERVICES & PARKS",CULTURE,No Sick Leave Record,No Sick Leave Record,No Sick Leave Record,0,100936,100988,No Sick Leave Record,101264,0,30,0,No Annual Leave Record,22.5,19,3,17
100454,Live,,CO,SALARIES,Alyssa Miller,6,GARDENER,"COMMUNITY, CULTURAL SERVICES & PARKS",HOUSING,0,No Sick Leave Record,No Sick Leave Record,0,100786,100266,0,100165,0,24,5,30,15,18.5,3,1
100417,Live,PW,CO,SALARIES,Alison Garcia,No Grade,FIT APPRENTICESHIP SCHEME,HOUSING,INFRASTRUCTURE & CLIMATE CHANGE,No Sick Leave Record,No Sick Leave Record,5,No Sick Leave Record,100911,101159,No Sick Leave Record,100851,0,No Annual Leave Record,4,15,22,19.5,15,No Annual Leave Record
101041,Live,PW,CO,,Kristina White,No Grade,FLEET MANAGER,ARCHITECTS,INFRASTRUCTURE & CLIMATE CHANGE,0,0,0,5,101070,100423,No Sick Leave Record,100895,0,24,3,31,12.5,No Annual Leave Record,7,13
100361,Dormant,PW,CO,SALARIES,Charles Mendoza,3,SENIOR STAFF OFFICER,"COMMUNITY, CULTURAL SERVICES & PARKS",HUMAN RESOURCES,No Sick Leave Record,4,No Sick Leave Record,0,101320,100645,No Sick Leave Record,100349,0,14.5,3.5,30,20,14.5,0,1
100863,Live,PW,CO,FORTNIGHTLY WAGES - DLR,Carolyn Rodriguez,7,SENIOR PLANNER,CORPORATE AFFAIRS,HOUSING,No Sick Leave Record,7,0,0,100197,101287,0,101219,0,24,4,35,22,25,2,2
100830,Live,PW,CO,SALARIES,Nicholas Perez,No Grade,SCHOOL WARDEN,INFRASTRUCTURE & CLIMATE CHANGE,INFRASTRUCTURE & CLIMATE CHANGE,No Sick Leave Record,No Sick Leave Record,0,33,101161,100481,0,100364,0,32,0,30,11,13.5,3,No Annual Leave Record
100359,Live,PW,CO,FORTNIGHTLY WAGES - DLR,Autumn Simmons,7,EXECUTIVE ARCHITECT,HOUSING,INFRASTRUCTURE & CLIMATE CHANGE,0,7,No Sick Leave Record,No Sick Leave Record,100584,100230,No Sick Leave Record,100084,0,19.5,5,10,0.5,13,0,No Annual Leave Record
100996,Live,PW,CO,SALARIES,Chad Jones,4,SENIOR STAFF OFFICER,"COMMUNITY, CULTURAL SERVICES & PARKS",CORPORATE SERVICES,No Sick Leave Record,No Sick Leave Record,0,0,100334,100932,0,100989,0,30,0,No Annual Leave Record,8.5,13,0,11.5
100702,Live,PW,CO,SALARIES,Kyle Ford,No Grade,GENERAL OPERATIVE,"COMMUNITY, CULTURAL SERVICES & PARKS",HOUSING,No Sick Leave Record,0,No Sick Leave Record,0,101115,100036,No Sick Leave Record,100721,0,24,5,35,14,10,10,4
100461,Live,PW,CO,SALARIES,Grace Jackson,8,STAFF OFFICER,HOUSING,INFRASTRUCTURE & CLIMATE CHANGE,0,No Sick Leave Record,No Sick Leave Record,0,100718,100286,3,100434,0,30,5,24,No Annual Leave Record,13.5,0,5
100355,Live,PW,CO,FORTNIGHTLY WAGES - DLR,Kevin Campbell,5,STAFF OFFICER,HOUSING,CULTURE,0,0,No Sick Leave Record,No Sick Leave Record,101147,100676,0,101124,0,24,5,36,20,12,8,5.5
100451,Live,PW,CO,FORTNIGHTLY WAGES - DLR,Lauren Boyd,4,LIBRARY ASSISTANT,"COMMUNITY, CULTURAL SERVICES & PARKS",INFRASTRUCTURE & CLIMATE CHANGE,No Sick Leave Record,0,1,0,100170,100155,No Sick Leave Record,100252,0,30,5,35,5.5,No Annual Leave Record,11,4
100204,Live,PW,CO,SALARIES,Eric Herrera,4,RECYCLING CENTRE ATTENDANT,CORPORATE AFFAIRS,CULTURE,No Sick Leave Record,1,0,No Sick Leave Record,100284,100361,0,100549,0,32,1,27,23.5,3,3,14.5
100746,Live,PW,CO,SALARIES,Andrew Smith,6,RESIDENT ENGINEER TEMPORARY,INFRASTRUCTURE & CLIMATE CHANGE,HARBOUR,No Sick Leave Record,0,3,0,100064,101340,0,100317,0,30,0,28,23,21.5,2,3.5
100296,Live,PW,CO,FORTNIGHTLY WAGES - DLR,Mary Tyler,No Grade,SENIOR PLANNER,INFRASTRUCTURE & CLIMATE CHANGE,CHERRYWOOD,0,3,3,No Sick Leave Record,100955,100621,3,101122,0,27,5,24.5,9,No Annual Leave Record,8,6
100373,Live,PW,CO,SALARIES,Steven Robinson,3,CLIMATE ACTION OFFICER,INFRASTRUCTURE & CLIMATE CHANGE,INFRASTRUCTURE & CLIMATE CHANGE,No Sick Leave Record,4,No Sick Leave Record,0,100460,100212,0,100500,0,24,8,27,24.5,14.5,3,7.5
100511,Live,PW,CO,SALARIES,David Hood,5,SENIOR EXECUTIVE PLANNER,INFRASTRUCTURE & CLIMATE CHANGE,INFRASTRUCTURE & CLIMATE CHANGE,No Sick Leave Record,0,0,No Sick Leave Record,100491,100314,No Sick Leave Record,100038,0,26.5,0,29,27,19,3,No Annual Leave Record
101229,Live,PW,CO,SALARIES,Matthew Shepherd,No Grade,STAFF OFFICER,HOUSING,HUMAN RESOURCES,No Sick Leave Record,No Sick Leave Record,No Sick Leave Record,0,101202,100522,0,100806,0,30,5,17,17.5,6,3,4
100927,Live,PW,CO,SALARIES,Donna Hancock,8,SENIOR STAFF OFFICER,CORPORATE AFFAIRS,PARKS,0,36,No Sick Leave Record,0,100895,100488,0,101115,0,21.5,0,33,15,19.5,4,6
100800,Live,PW,CO,SALARIES,Carol Norman,9,STAFF OFFICER,PLANNING & ECONOMIC DEVELOPMENT,PARKS,0,No Sick Leave Record,No Sick Leave Record,0,100614,101215,No Sick Leave Record,101052,0,13,0,No Annual Leave Record,33,22,0,15.5
100414,Live,PW,CO,,Kayla Holden,3,CLERICAL OFFICER,"COMMUNITY, CULTURAL SERVICES & PARKS",CULTURE,0,No Sick Leave Record,No Sick Leave Record,0,101174,101200,No Sick Leave Record,100793,0,30,5,35,14.5,25,10,4.5
100378,Live,PW,CO,FORTNIGHTLY WAGES - DLR,Mark Kim MD,No Grade,LIBRARY ASSISTANT,"COMMUNITY, CULTURAL SERVICES & PARKS",INFRASTRUCTURE & CLIMATE CHANGE,No Sick Leave Record,0.2,No Sick Leave Record,No Sick Leave Record,100761,101205,0,101333,0,30,0,30.5,23,14,0,11.5
101043,Live,PW,CO,SALARIES,Andrew Hill,7,FOREMAN TRADESMAN,HOUSING,PLANNING,No Sick Leave Record,0,0,No Sick Leave Record,100845,100360,0,100842,0,24,5,31.5,22,28,0,10
100181,Live,TW,CO,SALARIES,Michael Wilson,3,SENIOR LIBRARIAN,INFRASTRUCTURE & CLIMATE CHANGE,CORPORATE SERVICES,0,No Sick Leave Record,3.5,0,101313,100168,No Sick Leave Record,101177,0,29,5,35,22.5,12,0,6
100767,Live,TP,CO,SALARIES,Christopher Ortega,6,ASSISTANT STAFF OFFICER,CORPORATE AFFAIRS,PLANNING,0,3,No Sick Leave Record,0,100551,100827,3,100076,0,29,5,35,No Annual Leave Record,18,3,8
101252,Live,PW,CO,SALARIES,Alicia Davis,4,SENIOR STAFF OFFICER,PLANNING & ECONOMIC DEVELOPMENT,PARKS,0,0.02,6,0,100588,100741,No Sick Leave Record,100764,0,27,4.5,No Annual Leave Record,7.5,9,4,8
100602,Live,PW,CO,FORTNIGHTLY WAGES - DLR,James Knight DDS,6,STAFF OFFICER,INFRASTRUCTURE & CLIMATE CHANGE,PLANNING,No Sick Leave Record,11.08,0,0,100891,100412,No Sick Leave Record,100446,0,16,4.5,32.5,10,3,4.5,13.5
100410,Live,TW,CO,SALARIES,Christopher Smith,5,SUPERVISING INSPECTOR WATER - OPERATIONS,INFRASTRUCTURE & CLIMATE CHANGE,INFRASTRUCTURE & CLIMATE CHANGE,No Sick Leave Record,No Sick Leave Record,2,No Sick Leave Record,100742,100582,2.5,100600,0,27,0,34,12,13,6,15
100001,Live,PW,CO,FORTNIGHTLY WAGES - DLR,Samantha Lopez,5,GANGER,PLANNING & ECONOMIC DEVELOPMENT,IT,0,0,0,No Sick Leave Record,100598,100853,0,100871,0,30,4,29,17,14,4,7
100230,Live,,CO,SALARIES,Zachary Taylor,4,EXECUTIVE TECHNICIAN,INFRASTRUCTURE & CLIMATE CHANGE,CORPORATE SERVICES,0,4.17,3,No Sick Leave Record,100997,100383,0,101298,No Annual Leave Record,30,No Annual Leave Record,No Annual Leave Record,22,7,8,6.5
100076,Live,PW,CO,SALARIES,Elizabeth Baker,No Grade,GENERAL OPERATIVE,"COMMUNITY, CULTURAL SERVICES & PARKS",LAW,No Sick Leave Record,0,0,No Sick Leave Record,101358,101129,No Sick Leave Record,101332,0,No Annual Leave Record,0,34,10.5,12,3,No Annual Leave Record
100216,Live,PW,CO,SALARIES,Jennifer Conway,No Grade,SENIOR LEGAL ASSISTANT,INFRASTRUCTURE & CLIMATE CHANGE,PLANNING,No Sick Leave Record,0,No Sick Leave Record,0,101360,101074,No Sick Leave Record,101163,0,30,No Annual Leave Record,35,16,No Annual Leave Record,No Annual Leave Record,22.5
100280,Live,PW,CO,SALARIES,Jessica Hogan,No Grade,SENIOR ENGINEER,HOUSING,INFRASTRUCTURE & CLIMATE CHANGE,No Sick Leave Record,No Sick Leave Record,0,No Sick Leave Record,101119,100739,0,100715,0,30,5,35,18,24.5,0,No Annual Leave Record
100968,Live,PW,CO,FORTNIGHTLY WAGES - DLR,William Hernandez,5,ADMINISTRATIVE OFFICER,FINANCE & WATER SERVICES,INFRASTRUCTURE & CLIMATE CHANGE,No Sick Leave Record,No Sick Leave Record,No Sick Leave Record,No Sick Leave Record,100667,100834,No Sick Leave Record,100542,0,No Annual Leave Record,5,31,10.5,No Annual Leave Record,0,14
101355,Live,PW,CO,FORTNIGHTLY WAGES - DLR,Stephanie Norris,No Grade,SENIOR EXECUTIVE QUANTITY SURVEYOR,INFRASTRUCTURE & CLIMATE CHANGE,HARBOUR,0,No Sick Leave Record,0,No Sick Leave Record,101287,101100,0,101287,No Annual Leave Record,30,5.5,34,No Annual Leave Record,8,0,8
100670,Live,PW,CO,FORTNIGHTLY WAGES - DLR,Lisa Morales,No Grade,STAFF OFFICER,PLANNING & ECONOMIC DEVELOPMENT,HOUSING,No Sick Leave Record,No Sick Leave Record,No Sick Leave Record,0,101171,100710,No Sick Leave Record,101251,0,30,3,13,18.5,14,3,9.5
100406,Live,PW,CO,SALARIES,Robert Nelson,3,ASSISTANT STAFF OFFICER,CORPORATE AFFAIRS,CULTURE,No Sick Leave Record,3.07,No Sick Leave Record,0,100562,100251,0,101123,0,No Annual Leave Record,0,23.5,16,10,3,11.5
101352,Live,PW,CO,SALARIES,Lisa Daniel MD,No Grade,SENIOR EXECUTIVE OFFICER,"COMMUNITY, CULTURAL SERVICES & PARKS",INFRASTRUCTURE & CLIMATE CHANGE,No Sick Leave Record,No Sick Leave Record,No Sick Leave Record,No Sick Leave Record,100893,101171,0,101117,0,30,4,31,No Annual Leave Record,10.5,No Annual Leave Record,16
100903,Live,PW,CO,SALARIES,Peter Velasquez,4,SENIOR EXECUTIVE OFFICER,HOUSING,INFRASTRUCTURE & CLIMATE CHANGE,No Sick Leave Record,0,No Sick Leave Record,No Sick Leave Record,100126,101343,No Sick Leave Record,100202,0,30,5,24.5,11,10,0,10
100059,Live,PW,CO,FORTNIGHTLY WAGES - DLR,Jennifer Lopez,6,GENERAL OPERATIVE,PLANNING & ECONOMIC DEVELOPMENT,INFRASTRUCTURE & CLIMATE CHANGE,0,0,No Sick Leave Record,1.5,100026,100148,0,100802,0,13.5,0.5,31,33,12,7.5,3.5
101054,Live,PW,CO,FORTNIGHTLY WAGES - DLR,Scott Lara,No Grade,DIRECTOR OF SERVICE,"COMMUNITY, CULTURAL SERVICES & PARKS",FINANCE,No Sick Leave Record,No Sick Leave Record,No Sick Leave Record,No Sick Leave Record,101036,100480,5,100541,0,27,5,30,14,4.5,3,No Annual Leave Record
100924,Live,PW,CO,FORTNIGHTLY WAGES - DLR,Lucas Mitchell,7,I.S. PROJECT LEADER,INFRASTRUCTURE & CLIMATE CHANGE,INFRASTRUCTURE & CLIMATE CHANGE,No Sick Leave Record,No Sick Leave Record,No Sick Leave Record,3,101085,100085,No Sick Leave Record,100625,0,30,2.5,35,No Annual Leave Record,14,7,5.5
101058,Live,TW,CO,SALARIES,Jacqueline Klein,7,GANGER,INFRASTRUCTURE & CLIMATE CHANGE,FINANCE,No Sick Leave Record,No Sick Leave Record,No Sick Leave Record,0,101166,100866,0,100841,0,29,5,No Annual Leave Record,21,21,3,21.5
100137,Live,PW,CO,FORTNIGHTLY WAGES - DLR,Gary Bailey,7,SYSTEMS ANALYST,"COMMUNITY, CULTURAL SERVICES & PARKS",INFRASTRUCTURE & CLIMATE CHANGE,0,0.57,No Sick Leave Record,No Sick Leave Record,101176,101271,0,100268,0,No Annual Leave Record,No Annual Leave Record,33.5,No Annual Leave Record,23,10,3
100150,Live,PW,CO,FORTNIGHTLY WAGES - DLR,Shannon Navarro,3,EXECUTIVE ARCHITECT,CORPORATE AFFAIRS,PARKS,0,No Sick Leave Record,No Sick Leave Record,No Sick Leave Record,100897,100405,No Sick Leave Record,100231,0,No Annual Leave Record,0,35,24,4,15,2.5
100553,Live,TP,CO,FORTNIGHTLY WAGES - DLR,William Watts DDS,3,GULLY SUCKER DRIVER,PLANNING & ECONOMIC DEVELOPMENT,INFRASTRUCTURE & CLIMATE CHANGE,0,No Sick Leave Record,No Sick Leave Record,No Sick Leave Record,100798,100615,0,100985,0,No Annual Leave Record,0,35.5,12,17,3,1.5
100163,Live,PW,CO,SALARIES,Kathryn Barrett,7,ASSISTANT STAFF OFFICER,HOUSING,COMMUNITY,0,No Sick Leave Record,17,No Sick Leave Record,100678,100860,No Sick Leave Record,101226,0,24,4.5,36,22.5,20,4,4
101020,Live,PW,CO,SALARIES,Richard Lopez,No Grade,CLERICAL OFFICER,"COMMUNITY, CULTURAL SERVICES & PARKS",FINANCE,No Sick Leave Record,0,No Sick Leave Record,7,101097,100659,0,100751,0,24,5,14,22.5,18,3,1.5
100166,Live,PW,CO,FORTNIGHTLY WAGES - DLR,Zachary Padilla,5,GRADUATE PROGRAMME,FINANCE & WATER SERVICES,PARKS,0,0,1,No Sick Leave Record,100575,100235,0,100537,No Annual Leave Record,30,3,28.5,9,12,3,7.5
100404,Live,PW,CO,SALARIES,Andrea Jackson,No Grade,YARD SUPERINTENDENT BALLYOGAN,INFRASTRUCTURE & CLIMATE CHANGE,IT,No Sick Leave Record,16.5,0,0,101359,100925,No Sick Leave Record,101186,0,25,No Annual Leave Record,24,23.5,26,3,5.5
100456,Live,PW,CO,SALARIES,Katherine Molina,No Grade,STAFF OFFICER,INFRASTRUCTURE & CLIMATE CHANGE,INFRASTRUCTURE & CLIMATE CHANGE,No Sick Leave Record,0,0,0,100475,100050,No Sick Leave Record,100962,0,30,5,29,7,12,No Annual Leave Record,4
100450,Live,PW,CO,FORTNIGHTLY WAGES - DLR,David Stewart,No Grade,SENIOR ENTERPRISE DEVELOPMENT OFFICER,FORWARD PLANNING INFRASTRUCTURE,WATER SERVICES,No Sick Leave Record,No Sick Leave Record,No Sick Leave Record,No Sick Leave Record,100526,100196,2,100550,0,30,0,34,20,9,3,9.5
101221,Live,PW,CO,SALARIES,Donald Moreno,6,GRADUATE ENGINEER,INFRASTRUCTURE & CLIMATE CHANGE,CORPORATE SERVICES,0,0,0,No Sick Leave Record,100224,100342,No Sick Leave Record,100362,0,30,4.5,28.5,No Annual Leave Record,9,3,2.5
101006,Live,PW,CO,SALARIES,Carlos Simmons,3,SCHOOL WARDEN,INFRASTRUCTURE & CLIMATE CHANGE,CULTURE,0,No Sick Leave Record,1,3,101308,101254,0,101209,0,No Annual Leave Record,0,30,12,18.5,0,12.5
100512,Live,PW,CO,SALARIES,Sarah Johnson,5,SENIOR STAFF OFFICER,LAW,INFRASTRUCTURE & CLIMATE CHANGE,No Sick Leave Record,0,No Sick Leave Record,No Sick Leave Record,101241,100093,No Sick Leave Record,100018,0,30,3,27,10,5,3,0.5
100428,Live,PW,CO,SALARIES,Tiffany Ortiz,6,CLERICAL OFFICER,PLANNING & ECONOMIC DEVELOPMENT,HOUSING,0,No Sick Leave Record,No Sick Leave Record,1,101128,101274,0,101296,0,28,5,29,12.5,8,No Annual Leave Record,9.5
100896,Live,PW,CO,SALARIES,Diana Wright,7,SCHOOL WARDEN,FINANCE & WATER SERVICES,HOUSING,0,No Sick Leave Record,0,No Sick Leave Record,100134,100890,0,101008,0,28,0.5,28,2,13,5,14
100106,Live,PW,CO,FORTNIGHTLY WAGES - DLR,Robert Martin,3,CE SCHEME,INFRASTRUCTURE & CLIMATE CHANGE,HOUSING,No Sick Leave Record,25.01,0,0,100693,100793,No Sick Leave Record,101057,0,23.5,5,29,8,12.5,No Annual Leave Record,5
100834,Live,PW,CO,SALARIES,Gregory Jarvis MD,No Grade,CLERICAL OFFICER,"COMMUNITY, CULTURAL SERVICES & PARKS",CORPORATE SERVICES,No Sick Leave Record,45.1,No Sick Leave Record,No Sick Leave Record,100414,100492,1,100613,No Annual Leave Record,30,5,23,16.5,No Annual Leave Record,4,7
101358,Live,PW,CO,SALARIES,Jamie Cortez,6,FOREMAN TRADESMAN,INFRASTRUCTURE & CLIMATE CHANGE,INFRASTRUCTURE & CLIMATE CHANGE,0,No Sick Leave Record,4,0,100310,100673,2,100732,0,24,0,35,25.5,11,0,No Annual Leave Record
100314,Live,PW,CO,SALARIES,Arthur Campbell,No Grade,EXECUTIVE TECHNICIAN,CORPORATE AFFAIRS,HOUSING,0,No Sick Leave Record,0,No Sick Leave Record,100092,100006,0,100903,0,30,No Annual Leave Record,35,No Annual Leave Record,15,4,1.5
100937,Live,PW,CO,FORTNIGHTLY WAGES - DLR,Kelly Hawkins,6,SCHOOL WARDEN,INFRASTRUCTURE & CLIMATE CHANGE,CORPORATE SERVICES,0,3,No Sick Leave Record,No Sick Leave Record,100451,100108,No Sick Leave Record,100398,0,27,5,No Annual Leave Record,16.5,No Annual Leave Record,20,12
100372,Live,PW,CO,FORTNIGHTLY WAGES - DLR,Brittany Bentley,No Grade,I.S. TECHNICAL OFFICER,HOUSING,PARKS,No Sick Leave Record,No Sick Leave Record,0,No Sick Leave Record,100862,100887,No Sick Leave Record,101328,0,29,4,23.5,18.5,No Annual Leave Record,3,9
100826,Live,PW,CO,FORTNIGHTLY WAGES - DLR,Joseph Hill,7,OPERATOR TRACTOR,"COMMUNITY, CULTURAL SERVICES & PARKS",INFRASTRUCTURE & CLIMATE CHANGE,0,0,1,0,100644,100642,No Sick Leave Record,101212,0,24,1,24,13,10,8,9
101337,Live,PW,CO,FORTNIGHTLY WAGES - DLR,Jessica Potter,5,ADMINISTRATIVE OFFICER,"COMMUNITY, CULTURAL SERVICES & PARKS",CORPORATE SERVICES,0,No Sick Leave Record,0,0,100720,100564,1,101347,0,25,5,29,11.5,9,3,4.5
100894,Live,PW,CO,SALARIES,Curtis Lam,8,ASSISTANT STAFF OFFICER,HOUSING,INFRASTRUCTURE & CLIMATE CHANGE,0,No Sick Leave Record,24,0,100827,100583,No Sick Leave Record,100647,0,24,4,30,27,9,3,No Annual Leave Record
100827,Live,PW,CO,SALARIES,Paul Sellers,No Grade,BUILDING INSPECTOR/ CLERK OF WORKS,INFRASTRUCTURE & CLIMATE CHANGE,HOUSING,No Sick Leave Record,No Sick Leave Record,0,0,101329,100111,No Sick Leave Record,101178,0,24,3,No Annual Leave Record,12,10,22,13
100528,Live,PW,CO,SALARIES,Lindsay Pierce,5,PICK UP DRIVER SHIFT,INFRASTRUCTURE & CLIMATE CHANGE,INFRASTRUCTURE & CLIMATE CHANGE,No Sick Leave Record,0,No Sick Leave Record,No Sick Leave Record,100940,100259,2,100493,0,30,5,45,11,7,0,13.5
100371,Live,PW,CO,SALARIES,Jeffrey Lopez,4,EXECUTIVE ENGINEER,"COMMUNITY, CULTURAL SERVICES & PARKS",PARKS,No Sick Leave Record,No Sick Leave Record,0,0,100323,100649,0,100405,0,30,2,35,28,9.5,No Annual Leave Record,8
100591,Live,PW,CO,SALARIES,Nicholas Rodriguez,7,ASSISTANT STAFF OFFICER,FINANCE & WATER SERVICES,PARKS,No Sick Leave Record,No Sick Leave Record,No Sick Leave Record,No Sick Leave Record,100388,100636,2,100130,No Annual Leave Record,30,3,29,15,14.5,11.5,11
100453,Live,PW,CO,SALARIES,Jeff Bryant,No Grade,LIBRARY ASSISTANT,PLANNING & ECONOMIC DEVELOPMENT,INFRASTRUCTURE & CLIMATE CHANGE,No Sick Leave Record,No Sick Leave Record,0,0,100230,100007,0,101356,0,28,0,13.5,22,8.5,16,2
100509,Live,PW,CO,FORTNIGHTLY WAGES - DLR,Devon Solis,No Grade,DRIVER,"COMMUNITY, CULTURAL SERVICES & PARKS",HOUSING,No Sick Leave Record,0,No Sick Leave Record,10,100377,100112,0,100105,0,29,5,28,6.5,20,0,14
100189,Live,PW,CO,SALARIES,Anthony Hebert,No Grade,CLERICAL OFFICER,"COMMUNITY, CULTURAL SERVICES & PARKS",WATER SERVICES,0,0,No Sick Leave Record,No Sick Leave Record,100344,100523,No Sick Leave Record,100643,No Annual Leave Record,No Annual Leave Record,No Annual Leave Record,24,17,6.5,3,2
100476,Live,PW,CO,SALARIES,Dr. Kenneth Mullins,6,FOREMAN TRADESMAN,ARCHITECTS,PARKS,No Sick Leave Record,No Sick Leave Record,No Sick Leave Record,0,100398,100140,0,100492,0,24,1,30,9.5,28,9.5,12
100681,Live,PW,CO,FORTNIGHTLY WAGES - DLR,Carol Garcia,5,STAFF OFFICER,HOUSING,PLANNING,0,No Sick Leave Record,No Sick Leave Record,No Sick Leave Record,100907,101132,0,100396,0,30,No Annual Leave Record,16.5,24,16,3,0.5
101265,Live,PW,CO,SALARIES,Richard Newman,No Grade,GENERAL OPERATIVE,PLANNING & ECONOMIC DEVELOPMENT,INFRASTRUCTURE & CLIMATE CHANGE,0,0.21,No Sick Leave Record,0,101159,100829,0,100665,0,24,2,9,26,18,13,11
100835,Live,TP,CO,SALARIES,James Gray,No Grade,WATER SERVICES INSPECTOR,INFRASTRUCTURE & CLIMATE CHANGE,HOUSING,0,No Sick Leave Record,0,0,100339,100298,1,101041,0,27,No Annual Leave Record,24,19,9,3,11.5
100801,Live,PW,CO,SALARIES,Tyler Schwartz,6,STAFF OFFICER,"COMMUNITY, CULTURAL SERVICES & PARKS",INFRASTRUCTURE & CLIMATE CHANGE,No Sick Leave Record,0,No Sick Leave Record,No Sick Leave Record,100367,100961,0,100888,0,24,0,35,23,13,0,5
100311,Live,PW,CO,FORTNIGHTLY WAGES - DLR,Rachel Wiggins,4,LIBRARY ASSISTANT,HOUSING,WATER SERVICES,0,0.1,No Sick Leave Record,0,101252,100520,No Sick Leave Record,100607,No Annual Leave Record,32,0,29.5,14,17,5,11.5
100875,Live,PW,CO,SALARIES,Bianca Murray,No Grade,ASSISTANT STAFF OFFICER,"COMMUNITY, CULTURAL SERVICES & PARKS",HOUSING,No Sick Leave Record,No Sick Leave Record,0,No Sick Leave Record,100088,100426,No Sick Leave Record,101025,0,29,0,29,11.5,No Annual Leave Record,0,No Annual Leave Record
100012,,PW,CO,SALARIES,Jennifer Barron,3,ADMINISTRATIVE OFFICER,INFRASTRUCTURE & CLIMATE CHANGE,HOUSING,No Sick Leave Record,No Sick Leave Record,49,No Sick Leave Record,100811,100637,3,100991,0,No Annual Leave Record,2,31,13,7.5,13,No Annual Leave Record
100356,Live,PW,CO,FORTNIGHTLY WAGES - DLR,Cassie Hicks,7,CE SCHEME,PLANNING & ECONOMIC DEVELOPMENT,HOUSING,No Sick Leave Record,No Sick Leave Record,0,0,101153,101360,0,100017,0,21,0,31,24,11.5,7,6
100768,Live,PW,CO,FORTNIGHTLY WAGES - DLR,Samantha Smith,6,ASSISTANT STAFF OFFICER,"COMMUNITY, CULTURAL SERVICES & PARKS",PARKS,0,2,No Sick Leave Record,No Sick Leave Record,100892,100425,0,101300,0,32,5,13.5,24,6,0,6.5
100658,Live,PW,CO,,Michele Johnson,4,GENERAL OPERATIVE,INFRASTRUCTURE & CLIMATE CHANGE,PARKS,No Sick Leave Record,0,No Sick Leave Record,No Sick Leave Record,101228,101091,No Sick Leave Record,101125,0,28,0,32,17,22.5,0,5.5
100683,Live,PW,CO,SALARIES,Amber Smith,No Grade,CLERICAL OFFICER,FINANCE & WATER SERVICES,FINANCE,0,15.01,0,No Sick Leave Record,101117,101151,No Sick Leave Record,101225,0,30,0,33,8.5,9,3,13
100586,Live,PW,CO,SALARIES,Samuel Whitehead,3,ADMINISTRATIVE OFFICER,FINANCE & WATER SERVICES,IT,0,No Sick Leave Record,No Sick Leave Record,0,100374,100442,No Sick Leave Record,100124,0,30,5,30,9,13,No Annual Leave Record,12
100493,Live,PW,CO,SALARIES,Michael Fischer,6,LIBRARY ASSISTANT,"COMMUNITY, CULTURAL SERVICES & PARKS",HOUSING,No Sick Leave Record,0,No Sick Leave Record,0,100312,101247,No Sick Leave Record,100216,0,24,0,23.5,15.5,6.5,3,No Annual Leave Record
100468,Live,PW,AP,FORTNIGHTLY WAGES - DLR,John Wolfe,3,DRIVER SHIFT HARBOUR,CORPORATE AFFAIRS,CHERRYWOOD,No Sick Leave Record,0,No Sick Leave Record,No Sick Leave Record,100028,101269,0,100671,0,18,No Annual Leave Record,No Annual Leave Record,7,10.5,0,10
100578,Live,PW,CO,SALARIES,Larry Weaver,6,MINI SWEEPER DRIVER SHIFT,"COMMUNITY, CULTURAL SERVICES & PARKS",FINANCE,No Sick Leave Record,No Sick Leave Record,0,No Sick Leave Record,100355,100658,No Sick Leave Record,100999,0,No Annual Leave Record,5,26.5,8,No Annual Leave Record,3,1.5
100176,Live,PW,CO,FORTNIGHTLY WAGES - DLR,Mark Greer,4,SENIOR ENGINEER,INFRASTRUCTURE & CLIMATE CHANGE,HOUSING,0,No Sick Leave Record,0,3,100356,101043,0,100083,0,10,2.5,29,9,11.5,6,5
100057,Live,PW,CO,SALARIES,Isaiah Allen,7,ASSISTANT PLANNER,HOUSING,WATER SERVICES,0,No Sick Leave Record,0,36,101091,100768,No Sick Leave Record,100388,0,No Annual Leave Record,4.5,No Annual Leave Record,23,No Annual Leave Record,0,2
100125,Live,PW,CO,SALARIES,Bryan Clayton,6,EXECUTIVE ARCHITECT,INFRASTRUCTURE & CLIMATE CHANGE,IT,0,No Sick Leave Record,No Sick Leave Record,0,100439,100018,No Sick Leave Record,100926,0,15,5,No Annual Leave Record,No Annual Leave Record,10.5,0,3
100650,Live,PW,CO,SALARIES,Nancy Wyatt,7,DRIVER,HOUSING,CHERRYWOOD,0,0,0,No Sick Leave Record,100346,101097,0,100082,0,No Annual Leave Record,No Annual Leave Record,24,12,10,0,14.5
100872,Live,PW,CO,SALARIES,Ashley Ray,8,ASSISTANT STAFF OFFICER,CORPORATE AFFAIRS,HOUSING,0,No Sick Leave Record,No Sick Leave Record,No Sick Leave Record,100011,101164,No Sick Leave Record,100847,No Annual Leave Record,24,0,25,15.5,20.5,0,10
100045,Live,PW,CO,,Jennifer Nunez,6,FIT APPRENTICESHIP SCHEME,PLANNING & ECONOMIC DEVELOPMENT,WATER SERVICES,0,0,0,No Sick Leave Record,101020,101189,0,100422,0,29,0,35,17,11,3,No Annual Leave Record
100595,Live,PW,CO,FORTNIGHTLY WAGES - DLR,Kelly Olson,3,RESIDENT ENGINEER TEMPORARY,HOUSING,CULTURE,No Sick Leave Record,No Sick Leave Record,5.5,No Sick Leave Record,100759,100274,No Sick Leave Record,100623,0,30,0,34,No Annual Leave Record,21,3,20.5
100747,Live,PW,CO,SALARIES,Louis King,6,HARBOUR CONSTABLE,INFRASTRUCTURE & CLIMATE CHANGE,PLANNING,No Sick Leave Record,No Sick Leave Record,No Sick Leave Record,No Sick Leave Record,101095,100042,2,101245,0,17.5,0,34,25,11,4.5,5
100196,Live,TW,CO,SALARIES,Jeffrey Maldonado,3,GENERAL OPERATIVE,INFRASTRUCTURE & CLIMATE CHANGE,INFRASTRUCTURE & CLIMATE CHANGE,No Sick Leave Record,No Sick Leave Record,No Sick Leave Record,0,101315,100338,No Sick Leave Record,100695,No Annual Leave Record,27,5,29,No Annual Leave Record,14,1,6
101027,Live,PW,CO,SALARIES,Jill Brady,7,GRADUATE PROGRAMME,"COMMUNITY, CULTURAL SERVICES & PARKS",HOUSING,No Sick Leave Record,4,No Sick Leave Record,No Sick Leave Record,100157,100608,No Sick Leave Record,100927,0,17.5,0,33,0,7,11,No Annual Leave Record
100715,Live,TP,CO,SALARIES,Anna Drake,8,EXECUTIVE ARCHITECT,HOUSING,PARKS,No Sick Leave Record,2,0,No Sick Leave Record,100503,100035,1,100438,0,27,No Annual Leave Record,30.5,17,3.5,8,11
101204,Live,PW,CO,SALARIES,Kelly Villegas,No Grade,WHEELED BIN SERV MAN,FINANCE & WATER SERVICES,WATER SERVICES,0,No Sick Leave Record,25,3,100382,101055,No Sick Leave Record,100122,0,24,5,28.5,19,9,0,18
100142,Live,PW,CO,FORTNIGHTLY WAGES - DLR,Caitlin Good,No Grade,SENIOR EXECUTIVE ARCHITECT,INFRASTRUCTURE & CLIMATE CHANGE,CULTURE,No Sick Leave Record,0.06,No Sick Leave Record,0,100288,100349,0.5,100656,0,30,0,No Annual Leave Record,13,9.5,3,6
101124,Live,PW,CO,SALARIES,Robert Thomas,5,SCHOOL WARDEN,"COMMUNITY, CULTURAL SERVICES & PARKS",HOUSING,0,No Sick Leave Record,No Sick Leave Record,0,101007,100031,0,101068,No Annual Leave Record,30,5,29,11,16.5,0,11.5
100806,Live,PW,CO,SALARIES,Michael Harrison,7,CLERICAL OFFICER,CORPORATE AFFAIRS,IT,0,5.29,No Sick Leave Record,No Sick Leave Record,101335,101214,No Sick Leave Record,100239,0,6.5,0,25,13,15,3,11
101242,Live,PW,CO,SALARIES,Paul Mills,No Grade,CLERICAL OFFICER,CORPORATE AFFAIRS,HOUSING,0,No Sick Leave Record,0,No Sick Leave Record,100125,101109,No Sick Leave Record,101072,0,24,1.5,No Annual Leave Record,11.5,11.5,No Annual Leave Record,5
100149,Live,PW,CO,FORTNIGHTLY WAGES - DLR,Paul Collins,5,ANALYST PROGRAMMER,INFRASTRUCTURE & CLIMATE CHANGE,CORPORATE SERVICES,0,0,0,0,100285,100495,0,100232,0,16,0,13,16,13,3,7.5
101205,Live,PW,CO,SALARIES,Melissa Cain,6,ASSISTANT STAFF OFFICER,INFRASTRUCTURE & CLIMATE CHANGE,PARKS,No Sick Leave Record,No Sick Leave Record,No Sick Leave Record,4,101001,100824,No Sick Leave Record,100225,0,24,0,24,20,24,0,7.5
100817,Live,PW,CO,SALARIES,Laurie Garcia,7,STAFF OFFICER,FINANCE & WATER SERVICES,HOUSING,No Sick Leave Record,No Sick Leave Record,No Sick Leave Record,No Sick Leave Record,100586,100351,8,101342,0,10,0,32,22,9.5,3,7
100222,Live,PW,CO,FORTNIGHTLY WAGES - DLR,Natalie Thompson,No Grade,CLERICAL OFFICER,HOUSING,IT,0,0,No Sick Leave Record,0,100006,100268,0,100548,0,28.5,No Annual Leave Record,35,19,20.5,0,3
101013,Live,PW,CO,SALARIES,Angel Larsen,5,WHEELED BIN SERV MAN,HOUSING,INFRASTRUCTURE & CLIMATE CHANGE,0,0,1,No Sick Leave Record,100690,100784,0,101207,No Annual Leave Record,32,No Annual Leave Record,29,19,No Annual Leave Record,9,7
101017,Live,PW,CO,FORTNIGHTLY WAGES - DLR,Robert Thompson,7,EXECUTIVE ENGINEER,PLANNING & ECONOMIC DEVELOPMENT,LAW,0,No Sick Leave Record,0,No Sick Leave Record,100105,100497,No Sick Leave Record,100925,0,No Annual Leave Record,0,13,24.5,9,3,9.5
100711,Live,PW,CO,FORTNIGHTLY WAGES - DLR,Candace Clarke,3,AREA COMMUNITY OFFICER,INFRASTRUCTURE & CLIMATE CHANGE,HUMAN RESOURCES,0,0,No Sick Leave Record,No Sick Leave Record,100237,100794,0,100416,0,30,1.5,No Annual Leave Record,23,19.5,0,4
100151,Live,PW,CO,FORTNIGHTLY WAGES - DLR,Thomas Lynch,No Grade,BUILDING CONTROL INSPECTOR,INFRASTRUCTURE & CLIMATE CHANGE,CULTURE,0,No Sick Leave Record,0,No Sick Leave Record,100204,100453,No Sick Leave Record,100683,0,30,1,37,20,21,0,1
100744,Live,PW,CO,SALARIES,Logan Miranda,3,GENERAL OPERATIVE,CORPORATE AFFAIRS,INFRASTRUCTURE & CLIMATE CHANGE,No Sick Leave Record,69.5,No Sick Leave Record,No Sick Leave Record,100059,100778,No Sick Leave Record,100602,0,30,1.5,24.5,16,16,3,No Annual Leave Record
100388,Live,PW,CO,SALARIES,Eduardo Daniels,7,CLERICAL OFFICER,PLANNING & ECONOMIC DEVELOPMENT,HOUSING,No Sick Leave Record,0.02,21,0,100729,101026,0,100724,0,30,1,37,14,9.5,7,7
101061,Live,PW,CO,SALARIES,Courtney Wagner,6,SCHOOL WARDEN,"COMMUNITY, CULTURAL SERVICES & PARKS",PARKS,0,No Sick Leave Record,No Sick Leave Record,No Sick Leave Record,100487,100800,No Sick Leave Record,100933,No Annual Leave Record,24,3.5,32,No Annual Leave Record,7.5,14,0.5
100382,Live,PW,CO,SALARIES,Angela Burke,7,SYSTEMS ANALYST,INFRASTRUCTURE & CLIMATE CHANGE,INFRASTRUCTURE & CLIMATE CHANGE,No Sick Leave Record,0,4,No Sick Leave Record,101160,100706,No Sick Leave Record,100430,0,19,5,32.5,26,10.5,0,27
100793,Live,PW,CO,FORTNIGHTLY WAGES - DLR,Bruce Mathews,No Grade,GENERAL OPERATIVE,"COMMUNITY, CULTURAL SERVICES & PARKS",HOUSING,0,No Sick Leave Record,0,0,100437,100084,0,100769,0,30,5,33,24,15.5,2.5,14
100687,Live,TW,CO,FORTNIGHTLY WAGES - DLR,Daniel Ellis,5,ADMINISTRATIVE OFFICER,ARCHITECTS,CULTURE,0,0,0,No Sick Leave Record,100725,100882,No Sick Leave Record,101335,No Annual Leave Record,30,1,31,23.5,17,7,2
100675,,PW,CO,FORTNIGHTLY WAGES - DLR,Casey Johnson,5,SMART DUBLIN REGIONAL MANAGER,FINANCE & WATER SERVICES,HOUSING,No Sick Leave Record,5,No Sick Leave Record,No Sick Leave Record,100298,101167,No Sick Leave Record,101094,0,27,5,No Annual Leave Record,24,13,4,10
100559,Live,PW,CO,SALARIES,Michael Stanley,5,SENIOR EXECUTIVE ENGINEER,INFRASTRUCTURE & CLIMATE CHANGE,PLANNING,No Sick Leave Record,No Sick Leave Record,0,0,100781,100727,No Sick Leave Record,100920,0,30,7.5,27,12,No Annual Leave Record,3,0
100816,Live,TP,CO,FORTNIGHTLY WAGES - DLR,Edward Hall,3,SENIOR LIBRARY ASSISTANT,"COMMUNITY, CULTURAL SERVICES & PARKS",INFRASTRUCTURE & CLIMATE CHANGE,No Sick Leave Record,No Sick Leave Record,0,33,101246,100697,No Sick Leave Record,101302,0,24,5,35,18,10.5,8.5,5.5
100022,Live,PW,CO,SALARIES,Randy Ford,7,EXECUTIVE QUANTITY SURVEYOR,"COMMUNITY, CULTURAL SERVICES & PARKS",INFRASTRUCTURE & CLIMATE CHANGE,0,No Sick Leave Record,No Sick Leave Record,0,100373,101339,No Sick Leave Record,101162,0,24,5,35,18.5,12,3,4
100667,Live,PW,CO,FORTNIGHTLY WAGES - DLR,Dr. Jennifer Robinson,4,CHARGEHAND CRAFTSMAN,INFRASTRUCTURE & CLIMATE CHANGE,HOUSING,0,No Sick Leave Record,0,0,100165,100187,0,100689,0,29,2,30,23.5,No Annual Leave Record,No Annual Leave Record,11.5
100107,Live,PW,CO,SALARIES,Kyle Greene,3,LIBRARY ASSISTANT,PLANNING & ECONOMIC DEVELOPMENT,CHERRYWOOD,No Sick Leave Record,17,No Sick Leave Record,No Sick Leave Record,100058,101166,0,100993,0,27,No Annual Leave Record,23,24,3,0,16
100062,Live,PW,CO,SALARIES,John Russell,No Grade,SENIOR EXECUTIVE OFFICER,PLANNING & ECONOMIC DEVELOPMENT,FINANCE,0,No Sick Leave Record,0,0,100493,101285,No Sick Leave Record,101323,0,30,5,31.5,22.5,10,8,7
100031,Live,PW,CO,FORTNIGHTLY WAGES - DLR,Christopher Hall,No Grade,EXECUTIVE PLANNER,PLANNING & ECONOMIC DEVELOPMENT,INFRASTRUCTURE & CLIMATE CHANGE,0,No Sick Leave Record,0,No Sick Leave Record,100849,101186,No Sick Leave Record,100919,0,32,0,37,16.5,22,0,8.5
100959,Live,PW,CO,SALARIES,Erica Turner,6,ASSISTANT STAFF OFFICER,INFRASTRUCTURE & CLIMATE CHANGE,CORPORATE SERVICES,0,2.02,0,0,101113,100870,0,101240,0,24,0,28.5,25,14.5,15,1
101340,Live,PW,CO,SALARIES,Jonathan Mckinney,No Grade,GENERAL OPERATIVE,CORPORATE AFFAIRS,INFRASTRUCTURE & CLIMATE CHANGE,No Sick Leave Record,No Sick Leave Record,No Sick Leave Record,No Sick Leave Record,100831,100354,0,100957,0,28,0,30,3,3,0,8.5
101005,Live,PW,CO,SALARIES,Glen Villanueva,7,SENIOR STAFF OFFICER,CORPORATE AFFAIRS,CORPORATE SERVICES,No Sick Leave Record,No Sick Leave Record,6,No Sick Leave Record,100812,101197,0,100879,0,30,5,No Annual Leave Record,15,11.5,0,No Annual Leave Record
100998,Live,PW,CO,SALARIES,Kelly Scott,7,GARDENER,HOUSING,INFRASTRUCTURE & CLIMATE CHANGE,No Sick Leave Record,0,0,No Sick Leave Record,100461,100719,0,100686,0,30,6,24,20.5,10,No Annual Leave Record,11
100529,Live,PW,CO,SALARIES,Theresa Murray,3,ASSISTANT ENGINEER,FINANCE & WATER SERVICES,HOUSING,0,0,0,No Sick Leave Record,100652,100077,0,100854,0,No Annual Leave Record,5,36,14,0,7.5,6.5
100003,Live,PW,CO,FORTNIGHTLY WAGES - DLR,Brian Mitchell,6,SENIOR EXECUTIVE ENGINEER,"COMMUNITY, CULTURAL SERVICES & PARKS",HOUSING,No Sick Leave Record,9.01,0,No Sick Leave Record,100463,100572,0,101269,0,No Annual Leave Record,2.5,35,11.5,27.5,14,6
100901,Live,PW,CO,SALARIES,Carla Smith,No Grade,EXECUTIVE SOLICITOR,FINANCE & WATER SERVICES,HOUSING,0,No Sick Leave Record,No Sick Leave Record,0,100062,100819,No Sick Leave Record,100498,0,24,0,29,15,12,No Annual Leave Record,9
100897,Live,PW,CO,FORTNIGHTLY WAGES - DLR,Jessica Dixon,No Grade,GENERAL OPERATIVE,INFRASTRUCTURE & CLIMATE CHANGE,PLANNING,0,No Sick Leave Record,No Sick Leave Record,No Sick Leave Record,100624,100413,No Sick Leave Record,100748,0,30,5.5,35,20,17,2,7
101084,Live,PW,CO,SALARIES,Omar Edwards,6,AREA COMMUNITY OFFICER,INFRASTRUCTURE & CLIMATE CHANGE,FINANCE,No Sick Leave Record,1.5,0,No Sick Leave Record,100005,101018,0,100323,0,No Annual Leave Record,0,19.5,17,No Annual Leave Record,6,12
101281,Live,TP,CO,SALARIES,Mrs. Angela Wheeler,No Grade,ASSISTANT STAFF OFFICER,PLANNING & ECONOMIC DEVELOPMENT,CULTURE,No Sick Leave Record,No Sick Leave Record,No Sick Leave Record,No Sick Leave Record,100848,101154,0,101278,0,No Annual Leave Record,5,No Annual Leave Record,25,14.5,5,8
101082,Live,PW,CO,SALARIES,Jorge Potts,8,PORTER HALL/ MSG,PLANNING & ECONOMIC DEVELOPMENT,PARKS,0,0,0,0,100462,100513,No Sick Leave Record,100673,0,24,3,24,19,14,3,4
100859,Live,PW,CO,SALARIES,Joyce Thompson,3,CLERICAL OFFICER,"COMMUNITY, CULTURAL SERVICES & PARKS",HARBOUR,No Sick Leave Record,No Sick Leave Record,2,No Sick Leave Record,100428,100664,No Sick Leave Record,100579,No Annual Leave Record,32,0,25,16.5,11.5,3,3
101299,Live,PW,CO,SALARIES,Ashley Green,6,STAFF OFFICER,"COMMUNITY, CULTURAL SERVICES & PARKS",CORPORATE SERVICES,No Sick Leave Record,1,No Sick Leave Record,No Sick Leave Record,100048,100185,0,100069,0,24,0,33,14.5,9,0,4.5
100510,Live,PW,CO,SALARIES,Eric Booth,No Grade,SENIOR STAFF OFFICER,INFRASTRUCTURE & CLIMATE CHANGE,CORPORATE SERVICES,No Sick Leave Record,0,0,No Sick Leave Record,101118,100979,2.5,100049,0,30,5,35,17.5,16,0,4
100130,Live,PW,CO,SALARIES,Brittany Lawrence,5,EXECUTIVE TECHNICIAN,CORPORATE AFFAIRS,HOUSING,No Sick Leave Record,No Sick Leave Record,0,0,101265,100424,No Sick Leave Record,100711,0,30,No Annual Leave Record,No Annual Leave Record,17,13.5,No Annual Leave Record,No Annual Leave Record
101306,Live,PW,CO,FORTNIGHTLY WAGES - DLR,Courtney Ortiz,5,ASSISTANT PLANNER,HOUSING,PLANNING,No Sick Leave Record,No Sick Leave Record,No Sick Leave Record,0,100842,100734,No Sick Leave Record,101220,No Annual Leave Record,24,1,13,22,2,5,0
100327,Live,PW,CO,SALARIES,Kim Mack,5,SENIOR STAFF OFFICER,CORPORATE AFFAIRS,INFRASTRUCTURE & CLIMATE CHANGE,No Sick Leave Record,No Sick Leave Record,No Sick Leave Record,0,100664,100449,0,100719,No Annual Leave Record,30,0.5,35,14,23,3,3
100279,Live,PW,CO,SALARIES,Daniel Rivers,5.5,CLERICAL OFFICER,"COMMUNITY, CULTURAL SERVICES & PARKS",PLANNING,No Sick Leave Record,0.11,No Sick Leave Record,No Sick Leave Record,100716,101202,0,100429,0,30,5,34,21,11.5,7,4.5
100788,Live,PW,CO,SALARIES,Jordan Rodriguez,5,CLERICAL OFFICER,INFRASTRUCTURE & CLIMATE CHANGE,INFRASTRUCTURE & CLIMATE CHANGE,No Sick Leave Record,No Sick Leave Record,0,No Sick Leave Record,100745,100786,No Sick Leave Record,100483,0,30,0,32,20,12,3,11
100462,Live,PW,CO,SALARIES,Sean Collins,5,SCHOOL WARDEN,PLANNING & ECONOMIC DEVELOPMENT,INFRASTRUCTURE & CLIMATE CHANGE,0,No Sick Leave Record,No Sick Leave Record,2.5,100156,100995,0,100672,0,30,5,35,18,17,3,11
100714,Live,PW,CO,FORTNIGHTLY WAGES - DLR,James Heath,8,INSPECTOR BUILDING MAINTENANCE,ARCHITECTS,CULTURE,0,No Sick Leave Record,No Sick Leave Record,0,100343,101344,No Sick Leave Record,100946,0,10,1,24,17.5,4.5,3,4
101031,Live,PW,CO,SALARIES,Michelle Perez,3,ENVIRONMENTAL ENFORCEMENT WARDEN,ARCHITECTS,PARKS,No Sick Leave Record,No Sick Leave Record,No Sick Leave Record,No Sick Leave Record,100444,101187,1,100697,0,7.5,0,34,No Annual Leave Record,9.5,8,7
100594,Live,PW,CO,SALARIES,Andrew Hall,4,DRIVER,INFRASTRUCTURE & CLIMATE CHANGE,PLANNING,0,No Sick Leave Record,0,No Sick Leave Record,100316,100441,2,101058,0,30,5,24,14,7.5,0,7.5
100362,Live,PW,CO,SALARIES,Kenneth Graham,5,INSPECTOR (ANALOGOUS GRADE 5),INFRASTRUCTURE & CLIMATE CHANGE,INFRASTRUCTURE & CLIMATE CHANGE,0,No Sick Leave Record,0,No Sick Leave Record,100429,100130,0,101140,0,27,2.5,10,11,5.5,0,5
100841,Live,PW,CO,SALARIES,Richard Johnson,4,STAFF OFFICER,PLANNING & ECONOMIC DEVELOPMENT,WATER SERVICES,0,No Sick Leave Record,5,No Sick Leave Record,100527,100691,2,100864,0,32,No Annual Leave Record,32,19,8.5,4,7
101300,Live,PW,CO,SALARIES,Janice Turner,4,ASSISTANT STAFF OFFICER,INFRASTRUCTURE & CLIMATE CHANGE,PLANNING,No Sick Leave Record,0.01,No Sick Leave Record,No Sick Leave Record,100129,100682,No Sick Leave Record,100620,0,24,0,No Annual Leave Record,7,No Annual Leave Record,7,8
101074,Live,TP,CO,SALARIES,Kimberly Mayer,5,CARPENTER/JOINER,CORPORATE AFFAIRS,PLANNING,No Sick Leave Record,0,No Sick Leave Record,No Sick Leave Record,100515,100156,3.5,100528,0,30,0,No Annual Leave Record,16,No Annual Leave Record,3,17
100287,Live,PW,CO,FORTNIGHTLY WAGES - DLR,Angela Stanley,No Grade,SENIOR STAFF OFFICER,HOUSING,PLANNING,0,0.19,No Sick Leave Record,No Sick Leave Record,100941,100960,No Sick Leave Record,100342,0,13.5,5,32.5,No Annual Leave Record,No Annual Leave Record,7,9
100236,Live,PW,CO,SALARIES,Lawrence Reeves,No Grade,CLERICAL OFFICER,HOUSING,INFRASTRUCTURE & CLIMATE CHANGE,No Sick Leave Record,0,7,No Sick Leave Record,101151,100510,No Sick Leave Record,101169,0,30,No Annual Leave Record,16.5,15.5,15,No Annual Leave Record,7.5
100534,Live,PW,CO,SALARIES,Lauren Fisher,No Grade,GENERAL OPERATIVE,INFRASTRUCTURE & CLIMATE CHANGE,CORPORATE SERVICES,0,No Sick Leave Record,9,No Sick Leave Record,100506,100082,No Sick Leave Record,100835,No Annual Leave Record,17.5,0,21.5,25,0.5,10,3
100164,Live,PW,CO,SALARIES,David Rangel,No Grade,SENIOR LIBRARY ASSISTANT,CORPORATE AFFAIRS,PARKS,0,0,No Sick Leave Record,0,100835,100689,0,101235,0,30,5,25.5,11,No Annual Leave Record,0,13
100469,Live,PW,CO,SALARIES,Miguel Lee,5,EXECUTIVE ARCHITECT,FINANCE & WATER SERVICES,PARKS,No Sick Leave Record,No Sick Leave Record,No Sick Leave Record,6,100765,101212,No Sick Leave Record,101280,0,24,0,29,No Annual Leave Record,10,5,10
100989,Live,PW,CO,SALARIES,Donald Lawson,5,FOREMAN GARDENER,INFRASTRUCTURE & CLIMATE CHANGE,HUMAN RESOURCES,0,No Sick Leave Record,0,8.5,100053,100852,0,101271,0,24,5,17.5,21,24,3,5.5
100798,Live,PW,CO,SALARIES,Nicole Garcia,No Grade,CLERICAL OFFICER,CORPORATE AFFAIRS,IT,No Sick Leave Record,6.02,No Sick Leave Record,0,100736,101265,No Sick Leave Record,100760,0,30,4,34,14.5,8.5,3,12
100418,Live,PW,CO,FORTNIGHTLY WAGES - DLR,Mario Wright,6,STAFF OFFICER,PLANNING & ECONOMIC DEVELOPMENT,HOUSING,0,No Sick Leave Record,No Sick Leave Record,No Sick Leave Record,100801,100525,No Sick Leave Record,100883,0,21.5,No Annual Leave Record,No Annual Leave Record,21,10,3,14
101255,Live,PW,CO,FORTNIGHTLY WAGES - DLR,Brett Wade,No Grade,BANKSMAN/ DUMPER DRIVER,"COMMUNITY, CULTURAL SERVICES & PARKS",HOUSING,No Sick Leave Record,0,16,No Sick Leave Record,100453,100115,No Sick Leave Record,100635,0,24,0,35,18,15.5,0,11.5
100201,Live,PW,CO,SALARIES,Albert Benson,4,GENERAL OPERATIVE,INFRASTRUCTURE & CLIMATE CHANGE,PLANNING,0,No Sick Leave Record,0,0,101077,100367,No Sick Leave Record,101019,No Annual Leave Record,30,2,24,No Annual Leave Record,2,0,15
101334,Live,PW,CO,SALARIES,Jacqueline Horton MD,5,CLERICAL OFFICER,"COMMUNITY, CULTURAL SERVICES & PARKS",HOUSING,0,16.01,6.5,No Sick Leave Record,100715,100895,No Sick Leave Record,100016,0,30,0,35,18,9.5,0,0
100363,Live,PW,CO,SALARIES,Jamie Becker,5,SENIOR LIBRARIAN,PLANNING & ECONOMIC DEVELOPMENT,INFRASTRUCTURE & CLIMATE CHANGE,No Sick Leave Record,No Sick Leave Record,0,16,101165,100159,3,100713,0,28.5,0,24,18,No Annual Leave Record,0,11
100912,Live,PW,CO,SALARIES,Richard Martinez,No Grade,CLERICAL OFFICER,LAW,FINANCE,No Sick Leave Record,No Sick Leave Record,0,0,100419,100533,No Sick Leave Record,100410,0,24,5,32,No Annual Leave Record,12,No Annual Leave Record,8.5
100408,Live,TP,CO,FORTNIGHTLY WAGES - DLR,Heidi Green,No Grade,SCHOOL WARDEN,FINANCE & WATER SERVICES,INFRASTRUCTURE & CLIMATE CHANGE,No Sick Leave Record,10.5,0,0,100099,100874,0,100907,0,27,6,35,22.5,4,3,4.5
101135,Live,PW,CO,FORTNIGHTLY WAGES - DLR,Lisa Armstrong,7,ASSISTANT STAFF OFFICER,"COMMUNITY, CULTURAL SERVICES & PARKS",INFRASTRUCTURE & CLIMATE CHANGE,No Sick Leave Record,0,0,No Sick Leave Record,101013,100345,2,100869,No Annual Leave Record,30,1,30,No Annual Leave Record,14.5,3,4
101192,Live,TW,CO,SALARIES,Michael Shepherd,No Grade,FOREMAN WATER + DRAINAGE,FORWARD PLANNING INFRASTRUCTURE,INFRASTRUCTURE & CLIMATE CHANGE,0,No Sick Leave Record,No Sick Leave Record,No Sick Leave Record,100194,100320,No Sick Leave Record,100363,0,32,5,33,18,8.5,0,No Annual Leave Record
100583,Live,PW,CO,SALARIES,Keith Scott,No Grade,SCHOOL WARDEN,CORPORATE AFFAIRS,COMMUNITY,No Sick Leave Record,No Sick Leave Record,No Sick Leave Record,No Sick Leave Record,100264,100627,No Sick Leave Record,100562,0,22.5,5,34,20,16,3,9
100605,Live,PW,CO,SALARIES,David Patterson,No Grade,GRADUATE PROGRAMME,CORPORATE AFFAIRS,CULTURE,0,0,0,0,101158,100418,No Sick Leave Record,101254,0,30,1,29,14.5,16.5,0,2
100535,Live,PW,CO,SALARIES,Emily Brown,4,ENERGY OFFICER,HOUSING,PARKS,0,26.05,0,No Sick Leave Record,101219,100275,No Sick Leave Record,100390,0,30,4.5,No Annual Leave Record,No Annual Leave Record,18,No Annual Leave Record,9
100797,Live,PW,CO,FORTNIGHTLY WAGES - DLR,Christopher Shaw,6,SCHOOL WARDEN,INFRASTRUCTURE & CLIMATE CHANGE,HOUSING,No Sick Leave Record,No Sick Leave Record,No Sick Leave Record,No Sick Leave Record,100335,101181,No Sick Leave Record,100583,No Annual Leave Record,30,0,30.5,0,No Annual Leave Record,3,3
100002,Live,PW,CO,SALARIES,Daniel Thomas,No Grade,ANALYST PROGRAMMER,"COMMUNITY, CULTURAL SERVICES & PARKS",INFRASTRUCTURE & CLIMATE CHANGE,No Sick Leave Record,No Sick Leave Record,No Sick Leave Record,No Sick Leave Record,101193,100127,0,101074,0,27.5,11,No Annual Leave Record,23,2.5,0,2
100782,Live,PW,CO,SALARIES,Paul Rivera,3,ASSISTANT FOREMAN GARDENER,INFRASTRUCTURE & CLIMATE CHANGE,PLANNING,0,No Sick Leave Record,0,No Sick Leave Record,100704,100555,0,100379,0,30,0,29,19,12,No Annual Leave Record,14.5
100046,Live,PW,CO,SALARIES,Dr. Karen Johnson,5,CLERICAL OFFICER,INFRASTRUCTURE & CLIMATE CHANGE,HOUSING,No Sick Leave Record,No Sick Leave Record,0,No Sick Leave Record,101187,100671,1,101159,0,29,0,24,19.5,0,11,15
100537,Live,PW,CO,FORTNIGHTLY WAGES - DLR,David Mills,5,SENIOR STAFF OFFICER,ARCHITECTS,INFRASTRUCTURE & CLIMATE CHANGE,0,No Sick Leave Record,No Sick Leave Record,No Sick Leave Record,101038,100258,No Sick Leave Record,101172,0,30,1,20,5,11.5,3,4.5
100526,Live,PW,CO,FORTNIGHTLY WAGES - DLR,Laura Jimenez,6,COUNTY LIBRARIAN,"COMMUNITY, CULTURAL SERVICES & PARKS",INFRASTRUCTURE & CLIMATE CHANGE,No Sick Leave Record,No Sick Leave Record,No Sick Leave Record,No Sick Leave Record,100482,101335,No Sick Leave Record,101277,0,28.5,5,24,7,9,4,9
100348,Live,PW,CO,FORTNIGHTLY WAGES - DLR,Dawn Gomez,3,LIBRARY ASSISTANT,INFRASTRUCTURE & CLIMATE CHANGE,CHERRYWOOD,No Sick Leave Record,No Sick Leave Record,0,No Sick Leave Record,100712,100813,0.5,100187,0,30,5,30,13,No Annual Leave Record,3,15
100612,Live,PW,CO,SALARIES,Tonya Silva,3,CLERICAL OFFICER,INFRASTRUCTURE & CLIMATE CHANGE,INFRASTRUCTURE & CLIMATE CHANGE,No Sick Leave Record,No Sick Leave Record,0.5,0,100821,100290,2,101048,0,24,0,No Annual Leave Record,16,11,4,5
100192,Live,PW,CO,SALARIES,Erica Cruz,No Grade,CE SCHEME,INFRASTRUCTURE & CLIMATE CHANGE,PLANNING,0,0,0,0,101053,100044,No Sick Leave Record,100355,0,30,0,30,No Annual Leave Record,11,3,9.5
101367,Live,TW,CO,SALARIES,William Ross,No Grade,SENIOR PROGRAMMER,ARCHITECTS,INFRASTRUCTURE & CLIMATE CHANGE,No Sick Leave Record,No Sick Leave Record,0,No Sick Leave Record,100962,100095,0,100056,0,29,0,35,No Annual Leave Record,6.5,3,6
100786,Live,PW,CO,SALARIES,Tony Smith,8,GENERAL OPERATIVE,INFRASTRUCTURE & CLIMATE CHANGE,PLANNING,0,0,11,25,101244,100966,No Sick Leave Record,100645,0,30,0,35,22,14,0,7.5
101000,Live,PW,CO,FORTNIGHTLY WAGES - DLR,Gabriella Hayes,3,ASSISTANT FOREMAN GARDENER,"COMMUNITY, CULTURAL SERVICES & PARKS",PARKS,0,No Sick Leave Record,No Sick Leave Record,No Sick Leave Record,100995,101010,No Sick Leave Record,100381,0,24,2,29,20,4.5,3,9.5
100053,Live,PW,CO,SALARIES,Charles Martinez DVM,5,SENIOR EXECUTIVE PARKS SUPERINTENDENT,PLANNING & ECONOMIC DEVELOPMENT,INFRASTRUCTURE & CLIMATE CHANGE,No Sick Leave Record,No Sick Leave Record,No Sick Leave Record,No Sick Leave Record,100019,100369,0,100371,0,30,5,No Annual Leave Record,21,16.5,0,5
100546,Live,TW,CO,SALARIES,Judy Campbell,No Grade,CLERICAL OFFICER,PLANNING & ECONOMIC DEVELOPMENT,ARCHITECTS,0,0,No Sick Leave Record,No Sick Leave Record,100599,100499,0,101213,0,14,5,34,18,9,0,No Annual Leave Record
100944,Live,PW,CO,FORTNIGHTLY WAGES - DLR,Melissa Oneal,4,ADMINISTRATIVE OFFICER,INFRASTRUCTURE & CLIMATE CHANGE,CORPORATE SERVICES,No Sick Leave Record,0,No Sick Leave Record,No Sick Leave Record,100155,100746,No Sick Leave Record,101108,No Annual Leave Record,24,0,32.5,No Annual Leave Record,19,No Annual Leave Record,5.5
100727,Live,TW,CO,SALARIES,Sheila Lane,7,EXECUTIVE ACCOUNTANT,"COMMUNITY, CULTURAL SERVICES & PARKS",FINANCE,0,No Sick Leave Record,0,0,100719,100674,No Sick Leave Record,101181,0,30,4.5,14,No Annual Leave Record,No Annual Leave Record,No Annual Leave Record,2.5
100678,Live,TP,CO,FORTNIGHTLY WAGES - DLR,Tony Gallagher,3,DRIVER CLEANSING,"COMMUNITY, CULTURAL SERVICES & PARKS",INFRASTRUCTURE & CLIMATE CHANGE,0,No Sick Leave Record,0,0,100723,101134,0,100641,0,29,1,34.5,16,3,3,1
100240,Live,PW,CO,SALARIES,Morgan Young,5,SENIOR EXECUTIVE ENGINEER,INFRASTRUCTURE & CLIMATE CHANGE,HOUSING,0,0,No Sick Leave Record,0,100154,100469,No Sick Leave Record,100282,No Annual Leave Record,No Annual Leave Record,0,26,No Annual Leave Record,No Annual Leave Record,3,16
100080,Live,PW,CO,FORTNIGHTLY WAGES - DLR,John Boyd,5,SENIOR EXECUTIVE ENGINEER,CORPORATE AFFAIRS,INFRASTRUCTURE & CLIMATE CHANGE,0,No Sick Leave Record,0,No Sick Leave Record,100628,101160,0,101001,0,20.5,4,No Annual Leave Record,12,6.5,0,7
100099,Live,PW,CO,FORTNIGHTLY WAGES - DLR,William Smith,8.5,CLERICAL OFFICER,INFRASTRUCTURE & CLIMATE CHANGE,PARKS,No Sick Leave Record,No Sick Leave Record,0,No Sick Leave Record,100252,100842,0,100990,0,24,0,35,11.5,21,0,9.5
100006,Live,PW,CO,SALARIES,Michelle Kelly,6,FOREMAN TRADESMAN,FINANCE & WATER SERVICES,PARKS,0,No Sick Leave Record,No Sick Leave Record,0,100818,100479,No Sick Leave Record,100768,0,27,No Annual Leave Record,27.5,13,7.5,0,6
100049,Live,PW,CO,SALARIES,Jacob Gates,3,GENERAL OPERATIVE,INFRASTRUCTURE & CLIMATE CHANGE,PARKS,0,9.52,No Sick Leave Record,No Sick Leave Record,101295,101170,0,100696,0,23.5,5,14,No Annual Leave Record,13,3,15
100992,Live,PW,CO,FORTNIGHTLY WAGES - DLR,Russell Andrews,No Grade,COMMUNITY WORKER,CORPORATE AFFAIRS,INFRASTRUCTURE & CLIMATE CHANGE,0,No Sick Leave Record,5,No Sick Leave Record,101195,100447,0,100177,0,31,0,25,No Annual Leave Record,9.5,0,7.5
100887,Live,PW,CO,FORTNIGHTLY WAGES - DLR,Jason Brooks,4,OPERATOR TRACTOR,INFRASTRUCTURE & CLIMATE CHANGE,CULTURE,0,No Sick Leave Record,0,No Sick Leave Record,100476,100837,No Sick Leave Record,101133,0,24,1,37,22,11,10,No Annual Leave Record
101272,Live,PW,CO,SALARIES,Tim Garcia,5.5,SCHOOL WARDEN,CORPORATE AFFAIRS,PARKS,No Sick Leave Record,No Sick Leave Record,0.5,0,101307,100030,No Sick Leave Record,100154,0,30,2.5,No Annual Leave Record,26.5,12,21,6
100617,Live,PW,CO,FORTNIGHTLY WAGES - DLR,Robert Mendoza,No Grade,LIBRARIAN,ARCHITECTS,INFRASTRUCTURE & CLIMATE CHANGE,0,No Sick Leave Record,0,2,101222,100241,0,101138,0,20.5,0,29,23.5,18,3,9
101206,Live,PW,CO,SALARIES,Tracy Allen,4,GENERAL OPERATIVE,"COMMUNITY, CULTURAL SERVICES & PARKS",CULTURE,No Sick Leave Record,No Sick Leave Record,No Sick Leave Record,No Sick Leave Record,100273,100144,No Sick Leave Record,100531,No Annual Leave Record,30,5,35,24,7,3,10.5
100628,Live,PW,CO,SALARIES,Dominique Garrett,5,GULLY SUCKER DRIVER,PLANNING & ECONOMIC DEVELOPMENT,CORPORATE SERVICES,No Sick Leave Record,No Sick Leave Record,No Sick Leave Record,3,101262,100815,No Sick Leave Record,101362,0,13,5,33,12.5,1,3,12.5
101169,Live,PS,CO,FORTNIGHTLY WAGES - DLR,Jacob Gonzalez,No Grade,DESCALLING MACH OPERATOR,"COMMUNITY, CULTURAL SERVICES & PARKS",HOUSING,No Sick Leave Record,No Sick Leave Record,0,No Sick Leave Record,100384,100282,0,101015,0,30,3.5,31.5,16,8.5,0,10
100505,Live,PW,CO,FORTNIGHTLY WAGES - DLR,Laura Castillo,No Grade,GIS SYSTEMS OFFICER,"COMMUNITY, CULTURAL SERVICES & PARKS",CORPORATE SERVICES,No Sick Leave Record,0.14,0,No Sick Leave Record,100123,100980,1,100982,0,30,17,33,1,9.5,4,6
100081,Live,PW,CO,SALARIES,Felicia Levine,No Grade,STAFF OFFICER,INFRASTRUCTURE & CLIMATE CHANGE,PLANNING,0,0,1,No Sick Leave Record,101368,100090,No Sick Leave Record,100019,0,12.5,4,No Annual Leave Record,21.5,No Annual Leave Record,0,9
101353,Live,PW,CO,FORTNIGHTLY WAGES - DLR,Hannah Wang,No Grade,SCHOOL WARDEN,FINANCE & WATER SERVICES,INFRASTRUCTURE & CLIMATE CHANGE,No Sick Leave Record,0.07,0,No Sick Leave Record,100131,100443,No Sick Leave Record,100916,0,No Annual Leave Record,5.5,35,No Annual Leave Record,No Annual Leave Record,0,2
100829,Live,PW,CO,SALARIES,Danielle Mercado,5,SCHOOL WARDEN,PLANNING & ECONOMIC DEVELOPMENT,IT,No Sick Leave Record,0,No Sick Leave Record,No Sick Leave Record,100657,100193,0,100539,0,30,0,30,0.5,No Annual Leave Record,0,12
100436,Live,PW,CO,,Robert Sanders,6,GANGER,INFRASTRUCTURE & CLIMATE CHANGE,CORPORATE SERVICES,0,No Sick Leave Record,No Sick Leave Record,No Sick Leave Record,100866,100419,No Sick Leave Record,100168,No Annual Leave Record,32,3.5,33.5,19.5,6.5,3,13
100243,Live,PW,CO,FORTNIGHTLY WAGES - DLR,Bob Jones,No Grade,ASSISTANT PLANNER,INFRASTRUCTURE & CLIMATE CHANGE,COMMUNITY,No Sick Leave Record,No Sick Leave Record,0,No Sick Leave Record,101184,100255,1,100033,0,30,0,32,23.5,10,9,0
100215,Live,PW,CO,FORTNIGHTLY WAGES - DLR,Priscilla Johnson,No Grade,SENIOR STAFF OFFICER,"COMMUNITY, CULTURAL SERVICES & PARKS",INFRASTRUCTURE & CLIMATE CHANGE,0,No Sick Leave Record,0,0,100916,101096,0,100668,0,27,3,No Annual Leave Record,18.5,0,3,0
100993,Live,PW,CO,SALARIES,Mary Hoffman,No Grade,SENIOR STAFF OFFICER,PLANNING & ECONOMIC DEVELOPMENT,CORPORATE SERVICES,0,0,0,No Sick Leave Record,100404,100606,2,100205,0,24,No Annual Leave Record,34,No Annual Leave Record,12.5,3,14
100206,Live,PW,CO,FORTNIGHTLY WAGES - DLR,Belinda Johnson,7,GENERAL OPERATIVE,"COMMUNITY, CULTURAL SERVICES & PARKS",INFRASTRUCTURE & CLIMATE CHANGE,0,No Sick Leave Record,No Sick Leave Record,27.5,101146,100693,No Sick Leave Record,100882,0,28.5,5,33,21,No Annual Leave Record,3,1
100600,Live,PW,CO,SALARIES,Misty Baker,5,EXECUTIVE ENGINEER,CORPORATE AFFAIRS,CULTURE,No Sick Leave Record,No Sick Leave Record,2,No Sick Leave Record,101280,101361,No Sick Leave Record,100831,0,29,0,32,13,15,3,No Annual Leave Record
100422,Live,PW,CO,SALARIES,John Romero,5,ASSISTANT STAFF OFFICER,HOUSING,INFRASTRUCTURE & CLIMATE CHANGE,No Sick Leave Record,No Sick Leave Record,No Sick Leave Record,No Sick Leave Record,100666,100770,No Sick Leave Record,100309,0,26,1,No Annual Leave Record,14,13,6,16.5
101344,Live,PW,CO,FORTNIGHTLY WAGES - DLR,Aaron White,4,INSPECTOR GENERAL ROADS,FINANCE & WATER SERVICES,PLANNING,No Sick Leave Record,0,No Sick Leave Record,No Sick Leave Record,100401,100744,2,100419,0,24,5,35,23,20,3,5
101149,Live,TW,CO,FORTNIGHTLY WAGES - DLR,Cathy Reed,7,STAFF OFFICER,PLANNING & ECONOMIC DEVELOPMENT,INFRASTRUCTURE & CLIMATE CHANGE,0,No Sick Leave Record,No Sick Leave Record,2,100813,100132,No Sick Leave Record,100346,0,24,5,35,18.5,10,3,12.5
100579,Live,PW,CO,FORTNIGHTLY WAGES - DLR,Tyler Maddox,7,SENIOR STAFF OFFICER,PLANNING & ECONOMIC DEVELOPMENT,COMMUNITY,0,No Sick Leave Record,No Sick Leave Record,No Sick Leave Record,101178,100700,No Sick Leave Record,101299,0,24,0,35,14,19,3,1
100544,Live,PW,CO,SALARIES,Shannon Ramirez,5,ASSISTANT STAFF OFFICER,"COMMUNITY, CULTURAL SERVICES & PARKS",CULTURE,No Sick Leave Record,0,0,No Sick Leave Record,100564,101145,No Sick Leave Record,101071,0,30,5,21.5,18.5,8.5,3,No Annual Leave Record
100647,Live,PW,CO,SALARIES,Michael Lane,3,GANGER PARKS,INFRASTRUCTURE & CLIMATE CHANGE,HOUSING,No Sick Leave Record,No Sick Leave Record,2,0,100732,101124,0,100773,0,27,2,31.5,21.5,5,3,11
100619,Live,PW,CO,SALARIES,Philip Brewer,4,PUBLIC ARTS PROGRAMME ADMINISTRATOR,"COMMUNITY, CULTURAL SERVICES & PARKS",CULTURE,0,No Sick Leave Record,No Sick Leave Record,5,100631,101258,0,101367,0,27.5,0,42.5,19,13,3,5
100433,Live,PW,CO,FORTNIGHTLY WAGES - DLR,Kyle Hernandez,5,ASSISTANT STAFF OFFICER,INFRASTRUCTURE & CLIMATE CHANGE,PLANNING,0,No Sick Leave Record,No Sick Leave Record,0,100319,100114,No Sick Leave Record,101031,0,30,3,25.5,7.5,5,5,4
100549,Live,PW,CO,SALARIES,Nicole Jones,6,FOREMAN GARDENER,HOUSING,ENTERPRISE,No Sick Leave Record,No Sick Leave Record,No Sick Leave Record,0,100253,101128,No Sick Leave Record,101137,0,30,0,35,23,6,8,4.5
100796,Live,PW,CO,FORTNIGHTLY WAGES - DLR,Zachary Odonnell,4,GENERAL OPERATIVE,FORWARD PLANNING INFRASTRUCTURE,PLANNING,0,0.06,0,0,101350,101150,No Sick Leave Record,100391,0,30,5,25.5,17.5,16,0,11
101098,Live,PW,CO,FORTNIGHTLY WAGES - DLR,Wendy Adams,6,SUPERVISOR INSPECTOR MAINTENANCE/CLEAN,PLANNING & ECONOMIC DEVELOPMENT,CULTURE,0,No Sick Leave Record,No Sick Leave Record,No Sick Leave Record,100077,100238,No Sick Leave Record,101350,0,24,0,10,19,19.5,3,5
101120,Live,PW,CO,FORTNIGHTLY WAGES - DLR,Karen Mitchell,6,CLERICAL OFFICER,CORPORATE AFFAIRS,WATER SERVICES,No Sick Leave Record,No Sick Leave Record,0,15,101148,100408,1,100853,0,30,0,12.5,No Annual Leave Record,7,4,7
101328,Live,PW,CO,SALARIES,Andrea Kaufman,No Grade,EXECUTIVE TECHNICIAN,"COMMUNITY, CULTURAL SERVICES & PARKS",PARKS,No Sick Leave Record,No Sick Leave Record,No Sick Leave Record,No Sick Leave Record,101300,101273,No Sick Leave Record,100709,0,31,0,33.5,13,14,3,8.5
101227,Live,TP,CO,SALARIES,Scott Conrad,No Grade,EXECUTIVE ENGINEER,"COMMUNITY, CULTURAL SERVICES & PARKS",PARKS,No Sick Leave Record,No Sick Leave Record,0,No Sick Leave Record,101045,100781,0,101092,0,No Annual Leave Record,3,35,14,15,3,21
101083,Live,PW,CO,FORTNIGHTLY WAGES - DLR,Tyler Johnson,3,STAFF OFFICER,HOUSING,INFRASTRUCTURE & CLIMATE CHANGE,No Sick Leave Record,No Sick Leave Record,No Sick Leave Record,0,100637,100203,0,100316,0,No Annual Leave Record,4,34.5,19.5,12,24,7
101030,Live,TW,CO,FORTNIGHTLY WAGES - DLR,Melissa Taylor,3,SCHOOL WARDEN,"COMMUNITY, CULTURAL SERVICES & PARKS",HOUSING,No Sick Leave Record,No Sick Leave Record,No Sick Leave Record,0,101179,100851,4,101107,0,30,20,25,No Annual Leave Record,15,13,24
101025,Live,PW,CO,FORTNIGHTLY WAGES - DLR,Connie Nolan,3,SENIOR EXECUTIVE ENGINEER,INFRASTRUCTURE & CLIMATE CHANGE,COMMUNITY,No Sick Leave Record,0,No Sick Leave Record,0,101351,100568,No Sick Leave Record,101282,0,30,No Annual Leave Record,35,6,8.5,4.5,17
101332,Live,PW,CO,SALARIES,Manuel Olson,3,CHIEF EXECUTIVE,"COMMUNITY, CULTURAL SERVICES & PARKS",INFRASTRUCTURE & CLIMATE CHANGE,0,No Sick Leave Record,1,0,100604,100097,No Sick Leave Record,100987,0,24,2,No Annual Leave Record,20,18,4,15.5
101201,Live,PW,CO,FORTNIGHTLY WAGES - DLR,Patrick Hoffman,6.5,HEALTH AND SAFETY ADVISOR PERM,HOUSING,FINANCE,0,No Sick Leave Record,0,No Sick Leave Record,100332,100521,No Sick Leave Record,100563,No Annual Leave Record,30,0,35,20,13,0,23
100318,Live,TP,CO,SALARIES,Kimberly Hill,No Grade,DRIVER,FORWARD PLANNING INFRASTRUCTURE,HOUSING,No Sick Leave Record,No Sick Leave Record,3,5.5,100479,100452,0,101195,0,30,5,35,23,19,3,No Annual Leave Record
100735,Live,PW,CO,SALARIES,Ryan Herrera,No Grade,DRIVER,INFRASTRUCTURE & CLIMATE CHANGE,CULTURE,No Sick Leave Record,No Sick Leave Record,0,0,101075,100434,No Sick Leave Record,100128,0,13,4,26.5,22,11.5,0,6.5
101154,Live,PW,CO,FORTNIGHTLY WAGES - DLR,Phyllis Williams,4,CLERICAL OFFICER,FINANCE & WATER SERVICES,CULTURE,No Sick Leave Record,0,0,No Sick Leave Record,100489,100206,No Sick Leave Record,100928,0,30,5,30,17,22,3,No Annual Leave Record
100802,Live,PW,CO,FORTNIGHTLY WAGES - DLR,Cheryl Lewis,No Grade,GRADUATE ENGINEER,"COMMUNITY, CULTURAL SERVICES & PARKS",INFRASTRUCTURE & CLIMATE CHANGE,0,No Sick Leave Record,No Sick Leave Record,5,100456,101017,No Sick Leave Record,100088,0,30,2,23.5,No Annual Leave Record,No Annual Leave Record,3,9.5
101151,Live,PW,CO,SALARIES,Angel Harvey,5,LIBRARY ASSISTANT,CORPORATE AFFAIRS,CORPORATE SERVICES,0,36,0,No Sick Leave Record,100130,100711,0,101078,0,No Annual Leave Record,5,24,12,12.5,3,12
100307,Live,PW,CO,SALARIES,Robert Evans,6,SENIOR EXECUTIVE LIBRARIAN,HOUSING,INFRASTRUCTURE & CLIMATE CHANGE,No Sick Leave Record,No Sick Leave Record,0,No Sick Leave Record,100803,101022,No Sick Leave Record,100977,0,24,3.5,32.5,15,19,4,8
100572,Live,PW,CO,FORTNIGHTLY WAGES - DLR,Jeffrey Nash,No Grade,EXECUTIVE ENGINEER,INFRASTRUCTURE & CLIMATE CHANGE,INFRASTRUCTURE & CLIMATE CHANGE,No Sick Leave Record,9.52,0,No Sick Leave Record,101130,100458,No Sick Leave Record,100321,0,30,4,21.5,19,11,0,22
101351,Live,TW,CO,SALARIES,Angel Reyes,3,LIBRARIAN,PLANNING & ECONOMIC DEVELOPMENT,FINANCE,No Sick Leave Record,No Sick Leave Record,No Sick Leave Record,69,100610,100549,No Sick Leave Record,100074,0,27,5,No Annual Leave Record,20.5,11,4,4
100716,Live,TW,CO,FORTNIGHTLY WAGES - DLR,Lydia Hernandez,7,ANALYST PROGRAMMER,PLANNING & ECONOMIC DEVELOPMENT,PLANNING,0,No Sick Leave Record,No Sick Leave Record,0,100417,100372,No Sick Leave Record,100586,0,30,5,37,1,No Annual Leave Record,3,5.5
100696,Live,PW,CO,SALARIES,Anita Cameron,No Grade,LIBRARY ASSISTANT,INFRASTRUCTURE & CLIMATE CHANGE,INFRASTRUCTURE & CLIMATE CHANGE,0,No Sick Leave Record,15,0,100687,101012,No Sick Leave Record,100522,0,30,0,32,21.5,9,0,13
100550,Live,PW,CO,SALARIES,Jeffrey Roberts,No Grade,DRIVER,PLANNING & ECONOMIC DEVELOPMENT,HOUSING,0,0,No Sick Leave Record,No Sick Leave Record,100960,100644,No Sick Leave Record,101267,0,30,5,33,21,No Annual Leave Record,3,2.5
101251,Live,PW,CO,SALARIES,Maria Carr,No Grade,SCHOOL WARDEN,HOUSING,PLANNING,No Sick Leave Record,No Sick Leave Record,No Sick Leave Record,5,101086,100281,No Sick Leave Record,101197,0,30,No Annual Leave Record,No Annual Leave Record,22,6,0,1
100789,Live,PW,CO,SALARIES,Caleb Thomas,No Grade,STAFF OFFICER,INFRASTRUCTURE & CLIMATE CHANGE,INFRASTRUCTURE & CLIMATE CHANGE,0,No Sick Leave Record,No Sick Leave Record,No Sick Leave Record,100261,100846,0,100011,0,27.5,5,35,21,10,3,9.5
100757,Live,PW,CO,FORTNIGHTLY WAGES - DLR,Lisa Fowler,6,LIFEGUARD,"COMMUNITY, CULTURAL SERVICES & PARKS",CULTURE,0,0,No Sick Leave Record,No Sick Leave Record,100961,101332,0,100360,0,29,2,35,21,14.5,3,0
100116,Live,PW,CO,SALARIES,Donna Rios,No Grade,EXECUTIVE ENGINEER,INFRASTRUCTURE & CLIMATE CHANGE,PLANNING,No Sick Leave Record,No Sick Leave Record,No Sick Leave Record,No Sick Leave Record,100999,100391,No Sick Leave Record,101065,0,30,0,21.5,18.5,15.5,10,No Annual Leave Record
100322,Live,PW,CO,SALARIES,Mercedes Reynolds,5,ASSISTANT ARTS OFFICER,"COMMUNITY, CULTURAL SERVICES & PARKS",ARCHITECTS,0,0,No Sick Leave Record,No Sick Leave Record,101047,100517,2,100271,0,30,2,31,11,4,4,12.5
101019,Live,PW,CO,FORTNIGHTLY WAGES - DLR,Melissa Barnes,4,GENERAL OPERATIVE,CORPORATE AFFAIRS,HUMAN RESOURCES,0,No Sick Leave Record,No Sick Leave Record,No Sick Leave Record,100717,100195,No Sick Leave Record,101355,0,30,9,31.5,No Annual Leave Record,28.5,3,11.5
101076,Live,PW,CO,FORTNIGHTLY WAGES - DLR,Shannon Harrison,8.5,CLERICAL OFFICER,CORPORATE AFFAIRS,HOUSING,No Sick Leave Record,0.24,2,0,100169,100169,No Sick Leave Record,100266,No Annual Leave Record,13,0,30.5,10,4.5,No Annual Leave Record,6
100395,Live,PW,CO,FORTNIGHTLY WAGES - DLR,Dr. James Lopez Jr.,3,SCHOOL WARDEN,"COMMUNITY, CULTURAL SERVICES & PARKS",CHERRYWOOD,No Sick Leave Record,No Sick Leave Record,No Sick Leave Record,0,100519,101127,0,101155,No Annual Leave Record,29,0,27,0,10,3,2
100161,Live,PW,CO,SALARIES,Paige Mitchell,No Grade,BUILDING INSPECTOR/ CLERK OF WORKS,INFRASTRUCTURE & CLIMATE CHANGE,INFRASTRUCTURE & CLIMATE CHANGE,0,No Sick Leave Record,No Sick Leave Record,0,101150,100519,0,100023,0,24,0,30,16,18,3,9.5
100582,Live,PW,CO,SALARIES,Stephen Booker,7,ASSISTANT STAFF OFFICER,FINANCE & WATER SERVICES,PLANNING,No Sick Leave Record,0,0,0,100394,101252,No Sick Leave Record,100707,0,17.5,5,28,8,15.5,3,No Annual Leave Record
100741,Live,PW,CO,FORTNIGHTLY WAGES - DLR,Joseph Gates,No Grade,SCHOOL WARDEN,HOUSING,PARKS,0,No Sick Leave Record,No Sick Leave Record,0,100670,100955,No Sick Leave Record,100322,0,24,2,No Annual Leave Record,19,15.5,0,7.5
100253,Live,PW,CO,FORTNIGHTLY WAGES - DLR,Corey Harris,No Grade,INTEGRATION SUPPORT WORKER,INFRASTRUCTURE & CLIMATE CHANGE,CORPORATE SERVICES,No Sick Leave Record,2.01,No Sick Leave Record,No Sick Leave Record,100651,100217,No Sick Leave Record,101190,0,30,0,No Annual Leave Record,19,11,11,12
100470,Live,PW,CO,SALARIES,Mrs. Angelica Gordon MD,3,LIBRARIAN,INFRASTRUCTURE & CLIMATE CHANGE,INFRASTRUCTURE & CLIMATE CHANGE,0,No Sick Leave Record,No Sick Leave Record,No Sick Leave Record,100606,100236,0,100264,0,11,5,34.5,0,16,0,No Annual Leave Record
100532,Live,PW,CO,SALARIES,Chase Lee,4,LIBRARY ASSISTANT,"COMMUNITY, CULTURAL SERVICES & PARKS",WATER SERVICES,0,0,No Sick Leave Record,0,100714,101338,0,100738,0,24,5,No Annual Leave Record,22,18,3,25
100029,Live,PW,CO,SALARIES,Krystal Bowers,7,EXECUTIVE ENGINEER,INFRASTRUCTURE & CLIMATE CHANGE,HOUSING,0,1,3,0,100494,100552,1,100273,0,27,5,No Annual Leave Record,19.5,11,4,14.5
100705,Live,PW,CO,SALARIES,Robin Miller,7,CLERICAL OFFICER,INFRASTRUCTURE & CLIMATE CHANGE,LAW,No Sick Leave Record,No Sick Leave Record,No Sick Leave Record,0,100376,100161,0,100639,0,24,4,29.5,15,17,3,2
101365,Live,PW,CO,SALARIES,Cynthia Long,4,ADMINISTRATIVE OFFICER,HOUSING,PARKS,0,No Sick Leave Record,No Sick Leave Record,No Sick Leave Record,100898,100774,No Sick Leave Record,100159,0,28,0,35,15.5,13.5,3,9
101060,Live,PW,CO,SALARIES,Angela Ryan,3,DRIVER,HOUSING,HUMAN RESOURCES,No Sick Leave Record,0,No Sick Leave Record,0,100081,101213,No Sick Leave Record,100890,0,28,5,34.5,No Annual Leave Record,16,8.5,6.5
101142,Live,PW,CO,FORTNIGHTLY WAGES - DLR,Crystal Brown,No Grade,LIBRARIAN,CORPORATE AFFAIRS,INFRASTRUCTURE & CLIMATE CHANGE,No Sick Leave Record,No Sick Leave Record,1,0,100544,101337,No Sick Leave Record,100507,0,30,7,9,14.5,18,0,16
100354,Live,PW,CO,FORTNIGHTLY WAGES - DLR,Samantha Armstrong DDS,No Grade,SCHOOL WARDEN,"COMMUNITY, CULTURAL SERVICES & PARKS",PARKS,0,No Sick Leave Record,0,No Sick Leave Record,100689,100146,No Sick Leave Record,101345,0,19.5,5,27,19,0,7,8
100263,,PW,CO,SALARIES,Benjamin Foster,5,LIFEGUARD,"COMMUNITY, CULTURAL SERVICES & PARKS",PARKS,No Sick Leave Record,0,0,0,100679,100518,No Sick Leave Record,100867,No Annual Leave Record,17,5,No Annual Leave Record,20.5,15.5,3,6.5
100601,Live,PW,CO,SALARIES,Heather Mendoza,7,EXECUTIVE PLANNER,PLANNING & ECONOMIC DEVELOPMENT,HOUSING,No Sick Leave Record,4.03,0,No Sick Leave Record,100352,100119,0,100690,0,29,5,29,19,9,0,3.5
100426,Live,PW,CO,SALARIES,Curtis Neal,No Grade,ASSISTANT PLANNER,FINANCE & WATER SERVICES,HOUSING,0,4,0,No Sick Leave Record,100900,100395,No Sick Leave Record,100555,0,24,11,30,No Annual Leave Record,15,7,6.5
100608,Live,PW,CO,SALARIES,Lisa Harris,3,STAFF OFFICER,HOUSING,INFRASTRUCTURE & CLIMATE CHANGE,0,0,0,0,100177,100502,0,100491,No Annual Leave Record,24,0,32,22,17.5,10,13
100299,Live,PW,CO,SALARIES,Veronica Smith,6,STAFF OFFICER,INFRASTRUCTURE & CLIMATE CHANGE,FINANCE,0,No Sick Leave Record,No Sick Leave Record,No Sick Leave Record,100643,100285,0,100761,0,27,0,30,No Annual Leave Record,17,No Annual Leave Record,5
100948,Live,PW,CO,FORTNIGHTLY WAGES - DLR,Jonathan Hurst,No Grade,WHEELED BIN SERV DRIVER,CORPORATE AFFAIRS,INFRASTRUCTURE & CLIMATE CHANGE,0,0,3,No Sick Leave Record,100509,101294,No Sick Leave Record,101076,0,No Annual Leave Record,4.5,28,20,11,3,10
101026,Live,PW,CO,FORTNIGHTLY WAGES - DLR,Louis Brown,3,DRIVER,"COMMUNITY, CULTURAL SERVICES & PARKS",COMMUNITY,No Sick Leave Record,No Sick Leave Record,No Sick Leave Record,0,100484,100332,0,100335,0,23,5,35,24.5,12,3,7.5
100868,Live,PW,CO,SALARIES,Hannah Rodriguez,7,ASSISTANT STAFF OFFICER,INFRASTRUCTURE & CLIMATE CHANGE,WATER SERVICES,0,No Sick Leave Record,No Sick Leave Record,No Sick Leave Record,100443,100586,0,100782,0,30,No Annual Leave Record,29,10.5,10.5,3,13
100136,Live,TP,CO,FORTNIGHTLY WAGES - DLR,David Andrews,No Grade,GENERAL OPERATIVE,INFRASTRUCTURE & CLIMATE CHANGE,COMMUNITY,0,0,No Sick Leave Record,No Sick Leave Record,100425,100811,0,100170,0,30,1,No Annual Leave Record,19.5,5.5,0,12
100652,Live,PW,CO,SALARIES,Olivia Wood,7,BIODIVERSITY OFFICER,PLANNING & ECONOMIC DEVELOPMENT,HUMAN RESOURCES,0,No Sick Leave Record,4,No Sick Leave Record,100465,100959,No Sick Leave Record,100792,No Annual Leave Record,32,4,35,17.5,30,4,No Annual Leave Record
100515,Live,PW,CO,SALARIES,Diane Ellison,No Grade,SENIOR EXECUTIVE OFFICER,INFRASTRUCTURE & CLIMATE CHANGE,PLANNING,0,No Sick Leave Record,0,4,100918,101276,0,100456,0,29,4,30,22,5,5,7.5
100607,Live,PW,CO,SALARIES,Michelle Wilson,3,CLERICAL OFFICER,FINANCE & WATER SERVICES,HARBOUR,No Sick Leave Record,6,No Sick Leave Record,No Sick Leave Record,100321,100661,0,101141,0,27,5,32,31,6,0,0
100237,Live,PW,CO,SALARIES,Benjamin Chang,5,SENIOR STAFF OFFICER,INFRASTRUCTURE & CLIMATE CHANGE,HOUSING,No Sick Leave Record,18.02,0,1,101183,100246,No Sick Leave Record,100800,0,26,4,28,20.5,No Annual Leave Record,1,17
100198,Live,PW,CO,FORTNIGHTLY WAGES - DLR,Kevin Tanner,3,GRADUATE ENGINEER,INFRASTRUCTURE & CLIMATE CHANGE,HOUSING,0,No Sick Leave Record,No Sick Leave Record,0,100807,101011,No Sick Leave Record,100278,No Annual Leave Record,30,0,No Annual Leave Record,9,12,3,13
100133,Live,PW,CO,FORTNIGHTLY WAGES - DLR,Bryan Jackson,3,CLERICAL OFFICER,CORPORATE AFFAIRS,PLANNING,No Sick Leave Record,No Sick Leave Record,1,1,100161,100903,1,100401,0,24,4,33.5,25,8,0,24
100168,Live,PW,CO,SALARIES,Christopher Kennedy,7.5,CLERICAL OFFICER,"COMMUNITY, CULTURAL SERVICES & PARKS",INFRASTRUCTURE & CLIMATE CHANGE,0,13.5,0,No Sick Leave Record,100769,101079,No Sick Leave Record,100220,0,30,3.5,30,19.5,22,15,4
100577,Live,PW,CO,FORTNIGHTLY WAGES - DLR,Joseph Collins,8,GENERAL OPERATIVE,INFRASTRUCTURE & CLIMATE CHANGE,INFRASTRUCTURE & CLIMATE CHANGE,No Sick Leave Record,0,0,No Sick Leave Record,100802,100881,No Sick Leave Record,100048,No Annual Leave Record,27,1.5,27,5,7,No Annual Leave Record,21.5
101362,Live,PW,CO,FORTNIGHTLY WAGES - DLR,Brenda Keller,No Grade,GENERAL OPERATIVE,INFRASTRUCTURE & CLIMATE CHANGE,INFRASTRUCTURE & CLIMATE CHANGE,0,0.21,No Sick Leave Record,0,100036,100407,No Sick Leave Record,100540,0,9,2,33.5,24,No Annual Leave Record,3,9
100040,Live,PW,CO,SALARIES,Eric Delacruz,3,GENERAL OPERATIVE,FINANCE & WATER SERVICES,HOUSING,0,0,14,No Sick Leave Record,100902,100680,0,100906,0,30,0,24.5,9,15.5,3,4.5
101357,Live,PW,CO,SALARIES,Evelyn Stevens,No Grade,ASSISTANT STAFF OFFICER,"COMMUNITY, CULTURAL SERVICES & PARKS",CULTURE,No Sick Leave Record,No Sick Leave Record,3,No Sick Leave Record,100839,100455,No Sick Leave Record,101262,0,29.5,0,30,6,10,3,7
101263,Live,PW,CO,SALARIES,Melissa Oneal,3,ADMINISTRATIVE OFFICER,FORWARD PLANNING INFRASTRUCTURE,PARKS,0,No Sick Leave Record,4,No Sick Leave Record,100052,100173,No Sick Leave Record,100420,0,24,No Annual Leave Record,32,24,17,8,12
100641,Live,PW,CO,FORTNIGHTLY WAGES - DLR,Rachel Smith,No Grade,REGIONAL CO-ORDINATOR,PLANNING & ECONOMIC DEVELOPMENT,HOUSING,No Sick Leave Record,10.16,4,5,100294,100215,0,100735,0,30,5,No Annual Leave Record,16.5,18,3,0
100548,Live,PW,CO,SALARIES,Lauren Hahn,6,SCHOOL WARDEN,PLANNING & ECONOMIC DEVELOPMENT,HOUSING,No Sick Leave Record,No Sick Leave Record,0,No Sick Leave Record,101229,100968,No Sick Leave Record,101308,0,24,0,25,No Annual Leave Record,14,5,10
100138,Live,PW,CO,FORTNIGHTLY WAGES - DLR,Michael Williams PhD,No Grade,STAFF OFFICER,"COMMUNITY, CULTURAL SERVICES & PARKS",INFRASTRUCTURE & CLIMATE CHANGE,No Sick Leave Record,No Sick Leave Record,27.5,No Sick Leave Record,100609,101334,3,100658,0,30,19,23,20.5,11,3,4
100965,Live,PW,CO,SALARIES,Holly Stanton,5,GENERAL OPERATIVE,PLANNING & ECONOMIC DEVELOPMENT,HOUSING,No Sick Leave Record,No Sick Leave Record,No Sick Leave Record,No Sick Leave Record,101225,101192,No Sick Leave Record,100723,0,30,0,30.5,13,7,21,5.5
100220,Live,PW,CO,,Lisa Conner,8,ASSISTANT BUSINESS ADVISOR,LAW,CULTURE,No Sick Leave Record,No Sick Leave Record,No Sick Leave Record,No Sick Leave Record,100710,100922,2,100081,0,16,No Annual Leave Record,32,0,15,3,8
100596,Live,TW,CO,SALARIES,Patrick Page,6,ASSISTANT MARINE OFFICER,"COMMUNITY, CULTURAL SERVICES & PARKS",PARKS,0,3,No Sick Leave Record,0,101082,100670,No Sick Leave Record,100797,0,30,4,24,17,8.5,0,3
100393,Live,PW,CO,SALARIES,Richard Delgado PhD,6,ENVIRONMENTAL ENFORCEMENT WARDEN,ARCHITECTS,CHERRYWOOD,0,No Sick Leave Record,0,0,100066,101321,0,100776,0,27,4.5,25,5,15.5,0,No Annual Leave Record
100977,Live,PW,CO,FORTNIGHTLY WAGES - DLR,Paige Mcdonald,6,STAFF OFFICER,FINANCE & WATER SERVICES,CHERRYWOOD,No Sick Leave Record,7.43,0,0,100683,100868,No Sick Leave Record,100115,0,30,4,35,13.5,No Annual Leave Record,3,No Annual Leave Record
100931,Live,PW,CO,SALARIES,Angela Price,5,CAREER BREAK,INFRASTRUCTURE & CLIMATE CHANGE,FINANCE,0,No Sick Leave Record,1.5,0,100776,101158,No Sick Leave Record,100253,0,24,0,35,20.5,12,3,19.5
100749,Live,PW,CO,FORTNIGHTLY WAGES - DLR,Mark Johnson,No Grade,CLERICAL OFFICER,INFRASTRUCTURE & CLIMATE CHANGE,HOUSING,No Sick Leave Record,No Sick Leave Record,No Sick Leave Record,No Sick Leave Record,101356,100020,0,100135,0,24,0,30,17,9,0,0
100325,Live,PW,CO,SALARIES,Crystal Schmidt,No Grade,INSPECTOR BUILDING MAINTENANCE,INFRASTRUCTURE & CLIMATE CHANGE,CORPORATE SERVICES,0,0,1,0,100853,100849,No Sick Leave Record,100471,0,30,3,30,11.5,29,3,No Annual Leave Record
101246,Live,PW,CO,SALARIES,Carmen Brown,5,SENIOR LIFEGUARD,CORPORATE AFFAIRS,PLANNING,0,No Sick Leave Record,No Sick Leave Record,No Sick Leave Record,100243,100100,0,100628,0,30,5,35,6,15,3,1.5
101198,Live,PW,CO,SALARIES,Hannah Maldonado,6,SENIOR EXECUTIVE SCIENTIST,PLANNING & ECONOMIC DEVELOPMENT,INFRASTRUCTURE & CLIMATE CHANGE,No Sick Leave Record,0,No Sick Leave Record,0,101215,101211,No Sick Leave Record,101016,0,30,5,27,11,12.5,3,10
100200,Live,PW,CO,FORTNIGHTLY WAGES - DLR,Patricia Barrett,5,CLERICAL OFFICER,CORPORATE AFFAIRS,CULTURE,No Sick Leave Record,No Sick Leave Record,No Sick Leave Record,No Sick Leave Record,100353,100445,3,100031,0,24,0,29,14.5,8.5,3,0
100331,Live,PW,CO,FORTNIGHTLY WAGES - DLR,Jenna Adams,6,GANGER,INFRASTRUCTURE & CLIMATE CHANGE,INFRASTRUCTURE & CLIMATE CHANGE,No Sick Leave Record,1,No Sick Leave Record,0,100328,100457,No Sick Leave Record,100462,0,24,0,35,19,23,6,13
100982,Live,PW,CO,SALARIES,Martin House,4,GENERAL OPERATIVE,INFRASTRUCTURE & CLIMATE CHANGE,PLANNING,0,No Sick Leave Record,No Sick Leave Record,No Sick Leave Record,100391,100726,No Sick Leave Record,101152,0,28,3,29.5,11.5,11,No Annual Leave Record,7
100707,Live,PW,CO,SALARIES,Curtis Flores,5,ADMINISTRATIVE OFFICER,PLANNING & ECONOMIC DEVELOPMENT,PARKS,No Sick Leave Record,No Sick Leave Record,No Sick Leave Record,No Sick Leave Record,100612,100830,0,100505,0,26.5,1.5,32,4,27.5,0,6.5
100775,Live,PW,CO,FORTNIGHTLY WAGES - DLR,Keith Valdez,5,WHEELED BIN SERV MAN,HOUSING,ARCHITECTS,0,No Sick Leave Record,1,No Sick Leave Record,101125,100624,3,100931,0,27,3.5,33,24,14.5,0,15
100434,Live,PW,CO,SALARIES,Amanda Gibbs,7,CLERICAL OFFICER,INFRASTRUCTURE & CLIMATE CHANGE,COMMUNITY,0,No Sick Leave Record,No Sick Leave Record,No Sick Leave Record,101256,100102,No Sick Leave Record,100940,0,27,0,No Annual Leave Record,19,11.5,0,21
101097,Live,PW,CO,SALARIES,Adam Weaver,No Grade,SCHOOL WARDEN,"COMMUNITY, CULTURAL SERVICES & PARKS",HOUSING,No Sick Leave Record,No Sick Leave Record,3,0,100389,101345,1,100642,0,25,2,37,16,11,0,9
101071,Live,PW,CO,FORTNIGHTLY WAGES - DLR,Cassie Ferguson,7,LIBRARY ASSISTANT,INFRASTRUCTURE & CLIMATE CHANGE,PARKS,No Sick Leave Record,No Sick Leave Record,0,0,100076,101163,No Sick Leave Record,101035,0,No Annual Leave Record,5,30,15.5,20,3,8.5
101122,Live,PW,CO,SALARIES,David Davis,6,CLERICAL OFFICER,HOUSING,FINANCE,0,0,No Sick Leave Record,No Sick Leave Record,100739,100639,No Sick Leave Record,100182,0,30,5,35,No Annual Leave Record,14.5,3,0.5
100203,Live,PW,CO,FORTNIGHTLY WAGES - DLR,Karen Hernandez,3,GENERAL OPERATIVE,HOUSING,PARKS,No Sick Leave Record,No Sick Leave Record,No Sick Leave Record,No Sick Leave Record,100597,100945,No Sick Leave Record,100139,0,25,3.5,29,15,No Annual Leave Record,No Annual Leave Record,17
100446,Live,PW,RE,SALARIES,Jacob Young,5,STAFF OFFICER,PLANNING & ECONOMIC DEVELOPMENT,COMMUNITY,No Sick Leave Record,No Sick Leave Record,No Sick Leave Record,No Sick Leave Record,101005,100701,No Sick Leave Record,100608,No Annual Leave Record,24,5,31,18,15,5,22
100779,Live,PW,CO,SALARIES,Christopher Taylor,4,ASSISTANT STAFF OFFICER,CORPORATE AFFAIRS,PLANNING,0,No Sick Leave Record,0,No Sick Leave Record,100828,101235,No Sick Leave Record,100852,0,24,0,15.5,16,6,6,11
100823,Live,PW,CO,SALARIES,Jessica Huynh,4,ASSISTANT STAFF OFFICER,ARCHITECTS,INFRASTRUCTURE & CLIMATE CHANGE,No Sick Leave Record,1.02,0,No Sick Leave Record,100015,100151,No Sick Leave Record,100037,0,32,10.5,32,0,10.5,3,3.5
101186,Live,PW,CO,SALARIES,Elizabeth Scott,3,ASSISTANT STAFF OFFICER,FINANCE & WATER SERVICES,CULTURE,No Sick Leave Record,No Sick Leave Record,1.48,0,100933,100303,0,100515,0,24,8,9.5,15.5,11,3,5
100969,Live,PW,CO,FORTNIGHTLY WAGES - DLR,Adam Warren,7,LIBRARY ASSISTANT,"COMMUNITY, CULTURAL SERVICES & PARKS",WATER SERVICES,No Sick Leave Record,0,No Sick Leave Record,No Sick Leave Record,101345,100704,No Sick Leave Record,100395,0,27,2,35,17,11,No Annual Leave Record,24
100120,Live,PW,CO,FORTNIGHTLY WAGES - DLR,Denise Howard,No Grade,CLERICAL OFFICER,INFRASTRUCTURE & CLIMATE CHANGE,CULTURE,No Sick Leave Record,No Sick Leave Record,0,4,100385,100715,No Sick Leave Record,101325,0,24,No Annual Leave Record,37,26,No Annual Leave Record,3,10
100187,Live,PW,CO,SALARIES,Amanda Peterson,3,EXECUTIVE ENGINEER,INFRASTRUCTURE & CLIMATE CHANGE,INFRASTRUCTURE & CLIMATE CHANGE,0,No Sick Leave Record,No Sick Leave Record,No Sick Leave Record,100392,101083,3,100785,0,30,3,24,19,7.5,3,6
101182,Live,PW,CO,FORTNIGHTLY WAGES - DLR,Tammy Lewis,4,SCHOOL WARDEN,INFRASTRUCTURE & CLIMATE CHANGE,IT,0,No Sick Leave Record,No Sick Leave Record,0,100885,100841,No Sick Leave Record,100545,0,30,7,27,17,1,3,12.5
100668,Live,PW,CO,SALARIES,Erin Thompson,No Grade,MINI SWEEPER DRIVER SHIFT,CORPORATE AFFAIRS,PLANNING,0,0,0,No Sick Leave Record,100212,100878,0,101244,0,27,4.5,32,25,12,No Annual Leave Record,8
101153,Live,PW,CO,SALARIES,Nicole Howard,6,LIBRARY ASSISTANT,CORPORATE AFFAIRS,HUMAN RESOURCES,No Sick Leave Record,No Sick Leave Record,No Sick Leave Record,No Sick Leave Record,100041,101066,1,101128,0,28,0,30,No Annual Leave Record,7,0,No Annual Leave Record
100805,Live,PW,CO,FORTNIGHTLY WAGES - DLR,Alex Hunt,No Grade,CLERICAL OFFICER,INFRASTRUCTURE & CLIMATE CHANGE,PLANNING,0,No Sick Leave Record,1,2,100585,100740,No Sick Leave Record,101239,0,No Annual Leave Record,0,27,27,No Annual Leave Record,3,6.5
100111,Live,PW,CO,FORTNIGHTLY WAGES - DLR,Angela Parker,5,GENERAL OPERATIVE,PLANNING & ECONOMIC DEVELOPMENT,PARKS,0,No Sick Leave Record,No Sick Leave Record,No Sick Leave Record,100467,101184,No Sick Leave Record,100054,0,24,2,29,13,8,0,3.5
100497,Live,PW,CO,SALARIES,Michelle Trevino,No Grade,WHEELED BIN SERV MAN,INFRASTRUCTURE & CLIMATE CHANGE,HOUSING,0,No Sick Leave Record,2,No Sick Leave Record,100661,100401,0,100703,0,No Annual Leave Record,3,24,26,13,3,11
100346,Live,PW,CO,FORTNIGHTLY WAGES - DLR,William Durham,No Grade,GENERAL OPERATIVE,CORPORATE AFFAIRS,HUMAN RESOURCES,0,0,No Sick Leave Record,20,101155,101062,No Sick Leave Record,100095,0,27,3,35,22.5,19,0,3
100432,Live,PW,CO,FORTNIGHTLY WAGES - DLR,Kaitlin Harris,4,SENIOR EXECUTIVE PLANNER,HOUSING,LAW,0,4,0,13,100242,100300,No Sick Leave Record,100956,0,27,2,35,23,8.5,8,3.5
100377,Live,PW,CO,FORTNIGHTLY WAGES - DLR,Steven Parker,3,SENIOR ENGINEER,"COMMUNITY, CULTURAL SERVICES & PARKS",PARKS,No Sick Leave Record,2.22,0,0,100409,100997,0,100283,0,No Annual Leave Record,No Annual Leave Record,29,No Annual Leave Record,18,3,7.5
100538,Live,PW,CO,SALARIES,Madison Ramirez,6,BUILDING INSPECTOR/ CLERK OF WORKS,PLANNING & ECONOMIC DEVELOPMENT,IT,No Sick Leave Record,No Sick Leave Record,No Sick Leave Record,No Sick Leave Record,100931,101365,0,100814,0,19,0,No Annual Leave Record,3,23.5,0,24
100873,Live,PW,CO,SALARIES,Steven Santiago,5,SENIOR ENGINEER,LAW,FINANCE,0,No Sick Leave Record,No Sick Leave Record,No Sick Leave Record,100876,100278,0,100014,0,30,5,27,21,8,3,11.5
100075,Live,PW,CO,SALARIES,Joshua Hawkins,5,FINANCIAL MANAGEMENT ACCOUNTANT,HOUSING,FINANCE,0,13.01,0,No Sick Leave Record,100001,100224,5,100051,0,24,0,36.5,15,6.5,8,10
100276,Live,PW,CO,SALARIES,Ronnie Hoover,8,SENIOR LIBRARIAN,PLANNING & ECONOMIC DEVELOPMENT,HARBOUR,No Sick Leave Record,14,No Sick Leave Record,No Sick Leave Record,100096,100795,0,100307,No Annual Leave Record,30,2,30,25.5,11.5,3,3
101130,Live,PW,CO,SALARIES,Donna Hill,7,SCHOOL WARDEN,FINANCE & WATER SERVICES,ARCHITECTS,No Sick Leave Record,0,No Sick Leave Record,No Sick Leave Record,100275,101112,0,100117,0,30,5,35,19,18,0,9
101119,Live,PW,CO,SALARIES,Chad King,4,IRISH LANGUAGE DEVELOPMENT OFFICER,INFRASTRUCTURE & CLIMATE CHANGE,PARKS,No Sick Leave Record,No Sick Leave Record,0,0,101108,101300,2,101326,0,29,No Annual Leave Record,33,12.5,16.5,No Annual Leave Record,20
100381,Live,PW,CO,SALARIES,Kaitlyn Smith,6,HARBOUR CONSTABLE,HOUSING,INFRASTRUCTURE & CLIMATE CHANGE,No Sick Leave Record,0,1,0,100601,101268,0,100930,0,30,5,No Annual Leave Record,15.5,11,6,14
100278,Live,PW,CO,FORTNIGHTLY WAGES - DLR,John Stanley,4,GRADUATE PLANNER,FINANCE & WATER SERVICES,INFRASTRUCTURE & CLIMATE CHANGE,No Sick Leave Record,No Sick Leave Record,0,0,100347,100083,0,100657,0,30,1,32,18,9,3,0
100871,Live,TW,CO,SALARIES,Tricia Lee,No Grade,GENERAL OPERATIVE,HOUSING,INFRASTRUCTURE & CLIMATE CHANGE,No Sick Leave Record,0,No Sick Leave Record,No Sick Leave Record,101048,100340,0,100470,0,29.5,5,30,16.5,6,10,13.5
100646,,PW,CO,SALARIES,Stephanie Snyder,3,SENIOR LIBRARIAN,INFRASTRUCTURE & CLIMATE CHANGE,CULTURE,No Sick Leave Record,0,0,0,101080,100381,No Sick Leave Record,101354,0,30,4.5,32,22,15,9,12
101023,Live,PW,CO,SALARIES,Susan Parker,No Grade,CLERICAL OFFICER,PLANNING & ECONOMIC DEVELOPMENT,INFRASTRUCTURE & CLIMATE CHANGE,0,0.12,0,No Sick Leave Record,100202,100891,0,101228,0,30,0.5,No Annual Leave Record,20,15.5,6.5,5
101203,Live,PW,CO,FORTNIGHTLY WAGES - DLR,Nancy Davis,3,LIBRARY ASSISTANT,INFRASTRUCTURE & CLIMATE CHANGE,CORPORATE SERVICES,No Sick Leave Record,8,No Sick Leave Record,0,101055,100901,0,101029,0,No Annual Leave Record,5,26,No Annual Leave Record,8.5,3,11
100736,Live,PW,CO,SALARIES,Alvin Mcintyre,No Grade,PICK UP DRIVER SHIFT,FORWARD PLANNING INFRASTRUCTURE,HOUSING,0,8.5,2,0,101346,100931,0,100467,0,30,4,15,13.5,7.5,3,6.5
101347,Live,PW,CO,SALARIES,Daniel Woodard DVM,6,SENIOR QUANTITY SURVEYOR,"COMMUNITY, CULTURAL SERVICES & PARKS",IT,0,No Sick Leave Record,No Sick Leave Record,3,100926,100736,No Sick Leave Record,101077,0,30,1.5,26,29,16,13,13
100752,Live,PW,CO,SALARIES,Joseph Martin,8,DRIVER JCB,INFRASTRUCTURE & CLIMATE CHANGE,PLANNING,0,0,No Sick Leave Record,0,100023,100069,No Sick Leave Record,101227,0,24,0,33.5,3,13.5,3,4
100297,Live,PW,CO,SALARIES,Christine Stokes,3,EXECUTIVE PLANNER,INFRASTRUCTURE & CLIMATE CHANGE,INFRASTRUCTURE & CLIMATE CHANGE,No Sick Leave Record,0.01,No Sick Leave Record,0,101098,100284,No Sick Leave Record,100089,0,19.5,1.5,34.5,16,12,3,10
100374,Live,PW,CO,SALARIES,Carol Perez,6,ASSISTANT STAFF OFFICER,INFRASTRUCTURE & CLIMATE CHANGE,PLANNING,No Sick Leave Record,No Sick Leave Record,No Sick Leave Record,4,100797,100142,1,100828,0,30,4,44,25,24,3,12
100039,Live,PW,CO,SALARIES,Jason Jefferson,4,GENERAL OPERATIVE,INFRASTRUCTURE & CLIMATE CHANGE,ARCHITECTS,0,No Sick Leave Record,0,0,100291,100436,0,100112,No Annual Leave Record,24,3.5,35,20,7.5,7,4.5
101133,Live,PW,CO,SALARIES,Holly Molina,No Grade,SCHOOL WARDEN,INFRASTRUCTURE & CLIMATE CHANGE,WATER SERVICES,0,0,No Sick Leave Record,No Sick Leave Record,100525,101172,No Sick Leave Record,100592,0,16.5,No Annual Leave Record,29,18,12.5,5,4
100088,Live,PW,CO,FORTNIGHTLY WAGES - DLR,Cynthia Hernandez,6,ENVIRONMENTAL ENFORCEMENT OFFICER,HOUSING,LAW,0,7.5,0,No Sick Leave Record,100561,101168,No Sick Leave Record,100338,0,18,5,29,10,28,2,3
101237,Live,PW,CO,FORTNIGHTLY WAGES - DLR,Robert Bright,No Grade,BINMAN,HOUSING,CORPORATE SERVICES,No Sick Leave Record,No Sick Leave Record,No Sick Leave Record,No Sick Leave Record,100523,100485,0,100285,0,24,5,30,18,9.5,0,12.5
100224,Live,PW,CO,SALARIES,Samuel Stokes,No Grade,GENERAL OPERATIVE,HOUSING,INFRASTRUCTURE & CLIMATE CHANGE,No Sick Leave Record,0.01,0,No Sick Leave Record,101058,100346,0,101252,0,No Annual Leave Record,0,33,19,20,3,5
100317,Live,PW,CO,SALARIES,Susan Morales,No Grade,SENIOR EXECUTIVE ENGINEER,CORPORATE AFFAIRS,HOUSING,0,0,0,No Sick Leave Record,100478,100476,No Sick Leave Record,100651,0,13,0,35,2,22,0,11.5
101100,Live,PW,CO,FORTNIGHTLY WAGES - DLR,Jasmine Benitez,4,GENERAL OPERATIVE,PLANNING & ECONOMIC DEVELOPMENT,CORPORATE SERVICES,0,1,9.5,No Sick Leave Record,101231,101023,3,100953,0,No Annual Leave Record,No Annual Leave Record,16,0,12,10,4
101174,Live,PW,CO,SALARIES,Scott Johnson,5,EXECUTIVE ARCHITECT,HOUSING,CORPORATE SERVICES,0,No Sick Leave Record,No Sick Leave Record,No Sick Leave Record,100149,100688,No Sick Leave Record,100245,0,27,1,10,12,3.5,12,6
100229,Live,PW,CO,FORTNIGHTLY WAGES - DLR,Paige Gentry,3,EXECUTIVE CONSERVATION OFFICER,FINANCE & WATER SERVICES,PLANNING,No Sick Leave Record,0,No Sick Leave Record,0,100983,101001,0,100151,0,16.5,2,34,13,14.5,3,7.5
100154,Live,PW,CO,SALARIES,Mary Garner,6,DRIVER,INFRASTRUCTURE & CLIMATE CHANGE,CULTURE,No Sick Leave Record,0,1,No Sick Leave Record,100626,100663,2,100886,0,30,No Annual Leave Record,27,No Annual Leave Record,9.5,3,No Annual Leave Record
101211,Live,PW,CO,SALARIES,Amanda Bradley,7,SYSTEMS ANALYST,"COMMUNITY, CULTURAL SERVICES & PARKS",PLANNING,No Sick Leave Record,No Sick Leave Record,0,No Sick Leave Record,100205,101089,No Sick Leave Record,100779,0,14,0.5,33,14,10.5,9,5.5
100313,Live,PW,CO,SALARIES,Melinda Martinez,6,SENIOR EXECUTIVE TECHNICIAN,"COMMUNITY, CULTURAL SERVICES & PARKS",INFRASTRUCTURE & CLIMATE CHANGE,No Sick Leave Record,83.67,No Sick Leave Record,No Sick Leave Record,101129,101223,No Sick Leave Record,101081,0,29,5,34,18.5,12,0,13
101191,Live,TW,CO,FORTNIGHTLY WAGES - DLR,Brittney Cobb,4,SYSTEMS ANALYST,"COMMUNITY, CULTURAL SERVICES & PARKS",HOUSING,0,0,No Sick Leave Record,No Sick Leave Record,101003,100804,No Sick Leave Record,100199,0,30,0,38,27,9,3,27
101264,Live,PW,CO,SALARIES,Bethany West,No Grade,SCHOOL WARDEN,PLANNING & ECONOMIC DEVELOPMENT,INFRASTRUCTURE & CLIMATE CHANGE,No Sick Leave Record,0,No Sick Leave Record,2,101216,100723,1.5,100596,0,30,4,30.5,18,20.5,4,7.5
101368,Live,PW,CO,FORTNIGHTLY WAGES - DLR,Joseph Perry,5,GRADUATE PROGRAMME,"COMMUNITY, CULTURAL SERVICES & PARKS",PARKS,0,0,2,No Sick Leave Record,100003,100869,0,100460,0,30,5,29.5,13,-2,0,20.5
100622,Live,PW,CO,SALARIES,Jennifer Garcia,8,PORTER HALL/ MSG,INFRASTRUCTURE & CLIMATE CHANGE,HOUSING,0,No Sick Leave Record,No Sick Leave Record,0,100611,101161,No Sick Leave Record,100344,0,30,5,30,23,18.5,3,1
100659,Live,PW,CO,FORTNIGHTLY WAGES - DLR,Rachel Hall,6,SENIOR EXECUTIVE PLANNER,INFRASTRUCTURE & CLIMATE CHANGE,HOUSING,0,No Sick Leave Record,0,No Sick Leave Record,100399,100650,No Sick Leave Record,100166,0,27,No Annual Leave Record,30,11,16,4,7
101052,Live,PW,CO,SALARIES,Monica Nichols,5,EXECUTIVE PLANNER,HOUSING,INFRASTRUCTURE & CLIMATE CHANGE,0,0,No Sick Leave Record,No Sick Leave Record,100087,100613,No Sick Leave Record,100983,0,26,5,27,21,10,3,0.5
100156,Live,PW,CO,SALARIES,Caitlin Cameron,No Grade,GENERAL OPERATIVE,PLANNING & ECONOMIC DEVELOPMENT,PLANNING,0,0,0,No Sick Leave Record,100753,100079,0,100021,0,No Annual Leave Record,0,27,16,17,0,15
100357,Live,PW,AP,SALARIES,Danielle Murray,7,ASSISTANT STAFF OFFICER,"COMMUNITY, CULTURAL SERVICES & PARKS",PLANNING,No Sick Leave Record,No Sick Leave Record,No Sick Leave Record,No Sick Leave Record,100989,100809,No Sick Leave Record,100794,0,25.5,2.5,No Annual Leave Record,24,6,0,12
100725,Live,PW,CO,SALARIES,Sabrina Williams,3,GENERAL OPERATIVE,FORWARD PLANNING INFRASTRUCTURE,HOUSING,0,0,9,No Sick Leave Record,100639,101255,No Sick Leave Record,100964,0,29,0,24.5,14,11,3,0
101318,Live,PW,CO,SALARIES,Megan Sanchez,7,ASSISTANT FOREMAN GARDENER,CORPORATE AFFAIRS,ARCHITECTS,No Sick Leave Record,0.43,No Sick Leave Record,No Sick Leave Record,100258,100304,2,100603,0,No Annual Leave Record,3.5,29,23.5,No Annual Leave Record,7,23
100082,Live,PW,CO,SALARIES,Ana Griffin,6,ADMINISTRATIVE OFFICER,FINANCE & WATER SERVICES,CULTURE,No Sick Leave Record,No Sick Leave Record,No Sick Leave Record,No Sick Leave Record,100948,100836,0,101311,0,30,3,24,21.5,3,5,1.5
101316,Live,TW,CO,SALARIES,Sydney Yates,3,ASSISTANT FOREMAN OF WORKS,PLANNING & ECONOMIC DEVELOPMENT,INFRASTRUCTURE & CLIMATE CHANGE,0,0.02,No Sick Leave Record,66,101327,100027,0,100646,0,30,5,35,18,5.5,No Annual Leave Record,8
100498,Live,PW,CO,FORTNIGHTLY WAGES - DLR,Daniel Cox,No Grade,ASSISTANT STAFF OFFICER,PLANNING & ECONOMIC DEVELOPMENT,INFRASTRUCTURE & CLIMATE CHANGE,0,No Sick Leave Record,0,No Sick Leave Record,100820,100789,0,101038,0,30,0,27,10,9.5,4.5,3.5
100128,Live,PW,CO,FORTNIGHTLY WAGES - DLR,Dr. Mary Roberson PhD,6,GRADUATE PROGRAMME,PLANNING & ECONOMIC DEVELOPMENT,PLANNING,No Sick Leave Record,No Sick Leave Record,No Sick Leave Record,0,100488,100080,0,100417,0,No Annual Leave Record,No Annual Leave Record,No Annual Leave Record,27,17,3,No Annual Leave Record
100561,Live,PW,CO,SALARIES,Ashlee Gordon,3,SENIOR LIBRARIAN,INFRASTRUCTURE & CLIMATE CHANGE,PARKS,No Sick Leave Record,5,No Sick Leave Record,0,100324,101113,No Sick Leave Record,101062,0,30,0,29,16,10,3,0.5
100563,Live,PW,CO,SALARIES,Taylor Bishop,No Grade,CLERICAL OFFICER,"COMMUNITY, CULTURAL SERVICES & PARKS",INFRASTRUCTURE & CLIMATE CHANGE,No Sick Leave Record,No Sick Leave Record,0,No Sick Leave Record,100774,100398,0,100274,0,30,3,35,18,12,15,6.5
100852,Live,PW,CO,SALARIES,Matthew Mcdonald,6,ASSISTANT PLANNER,CORPORATE AFFAIRS,INFRASTRUCTURE & CLIMATE CHANGE,No Sick Leave Record,No Sick Leave Record,0,0,100481,100630,1,101324,0,11.5,5,30,15.5,12,No Annual Leave Record,3
100724,Live,PW,CO,SALARIES,Victor Benitez,4,STAFF OFFICER,HOUSING,INFRASTRUCTURE & CLIMATE CHANGE,No Sick Leave Record,No Sick Leave Record,0,No Sick Leave Record,100217,100470,No Sick Leave Record,101084,0,24,0,37,0,8,3,6
100732,Live,PW,CO,SALARIES,Francisco Robertson,3,ENVIRONMENTAL ENFORCEMENT WARDEN,INFRASTRUCTURE & CLIMATE CHANGE,HOUSING,No Sick Leave Record,No Sick Leave Record,8,0,100697,101325,No Sick Leave Record,100176,0,28,0,33,12.5,21,3,13.5
100113,Live,PW,CO,SALARIES,Mr. Eugene Wood DDS,No Grade,SCHOOL WARDEN,INFRASTRUCTURE & CLIMATE CHANGE,COMMUNITY,0,No Sick Leave Record,0,No Sick Leave Record,100673,100512,No Sick Leave Record,100745,0,32,5,20,23,3,0,1
100562,Live,PW,CO,FORTNIGHTLY WAGES - DLR,Debra Manning,9,CHARGEHAND GARDEN,"COMMUNITY, CULTURAL SERVICES & PARKS",HUMAN RESOURCES,No Sick Leave Record,25,0,No Sick Leave Record,100677,100547,No Sick Leave Record,100254,0,17.5,0,36.5,23,14,0,16.5
100396,Live,PW,CO,SALARIES,Megan Carroll,3,SENIOR STAFF OFFICER,CORPORATE AFFAIRS,FINANCE,0,0.57,0,0,100980,100232,No Sick Leave Record,100680,0,30,3.5,30,7,6.5,3,9
100814,Live,PW,CO,SALARIES,Janet Martin,5,CLERICAL OFFICER,"COMMUNITY, CULTURAL SERVICES & PARKS",INFRASTRUCTURE & CLIMATE CHANGE,0,9,36,0,100794,100947,0,100002,0,24,No Annual Leave Record,28,17,10,3,14
100945,Live,PW,CO,FORTNIGHTLY WAGES - DLR,Joshua Lloyd,No Grade,HEAD OF INFORMATION SYSTEMS,"COMMUNITY, CULTURAL SERVICES & PARKS",WATER SERVICES,0,11.13,0,No Sick Leave Record,100929,100884,0,100780,0,26,1,37,20,6,7.5,15
101239,Live,PW,CO,SALARIES,Kimberly Howard,8,ASSISTANT PLANNER,CORPORATE AFFAIRS,INFRASTRUCTURE & CLIMATE CHANGE,No Sick Leave Record,No Sick Leave Record,0,10,100691,100037,No Sick Leave Record,100343,0,No Annual Leave Record,No Annual Leave Record,32,1,10.5,No Annual Leave Record,No Annual Leave Record
100654,Live,PW,CO,SALARIES,Michael Jones,6,ADMINISTRATIVE OFFICER,INFRASTRUCTURE & CLIMATE CHANGE,CORPORATE SERVICES,0,0,5,0,100490,100683,No Sick Leave Record,100448,0,27,4,24,5,14,6,10
100017,Live,PW,CO,FORTNIGHTLY WAGES - DLR,Jamie Ray,6,SENIOR EXECUTIVE PLANNER,FINANCE & WATER SERVICES,CULTURE,0,No Sick Leave Record,0,No Sick Leave Record,101333,100324,No Sick Leave Record,101229,0,No Annual Leave Record,0,30,0.5,5.5,5,9.5
101050,Live,PW,CO,SALARIES,Terry Scott,4,STAFF OFFICER,,INFRASTRUCTURE & CLIMATE CHANGE,No Sick Leave Record,No Sick Leave Record,43,0,101254,100916,0,100094,0,30,4,26,14.5,No Annual Leave Record,0,8.5
101323,Live,PW,CO,SALARIES,Alejandro Wilson,No Grade,CLERICAL OFFICER,HOUSING,ENTERPRISE,0,5.05,No Sick Leave Record,0,101072,101002,0,100682,0,24,3,33.5,14,20,0,No Annual Leave Record
100590,Live,PW,CO,SALARIES,Edward White,5,BUILDING INSPECTOR/ CLERK OF WORKS,INFRASTRUCTURE & CLIMATE CHANGE,INFRASTRUCTURE & CLIMATE CHANGE,No Sick Leave Record,No Sick Leave Record,No Sick Leave Record,No Sick Leave Record,100886,100494,No Sick Leave Record,100679,0,28,0,25,19,17,17.5,6
100769,Live,PW,CO,SALARIES,Nicole Frank,3,INSPECTOR PLANNING,"COMMUNITY, CULTURAL SERVICES & PARKS",FINANCE,No Sick Leave Record,No Sick Leave Record,8,No Sick Leave Record,100877,101283,No Sick Leave Record,100290,0,24,5,34,9,17,0,0
100957,Live,PW,CO,SALARIES,Tyler Whitaker,3,STAFF OFFICER,"COMMUNITY, CULTURAL SERVICES & PARKS",CORPORATE SERVICES,0,No Sick Leave Record,0,No Sick Leave Record,100292,100461,0,100055,0,No Annual Leave Record,0,18.5,7.5,20,3,9.5
100401,Live,TP,CO,SALARIES,Chad Curtis,No Grade,ASSISTANT PLANNER,"COMMUNITY, CULTURAL SERVICES & PARKS",PARKS,No Sick Leave Record,No Sick Leave Record,No Sick Leave Record,0,100095,100799,0,101158,0,28,6,35,15.5,13,3,No Annual Leave Record
100855,Live,PW,CO,SALARIES,Holly Pineda,No Grade,STAFF OFFICER,INFRASTRUCTURE & CLIMATE CHANGE,PARKS,0,No Sick Leave Record,0,No Sick Leave Record,101339,100667,No Sick Leave Record,100039,0,30,5,No Annual Leave Record,3.5,11.5,3,7
100413,Live,PW,CO,FORTNIGHTLY WAGES - DLR,Michelle Ramirez,No Grade,SENIOR STAFF OFFICER,LAW,ARCHITECTS,No Sick Leave Record,No Sick Leave Record,No Sick Leave Record,4,100556,100487,No Sick Leave Record,100747,0,11.5,5,17.5,2,21.5,0,10
100480,Live,PW,CO,FORTNIGHTLY WAGES - DLR,Raymond Howell,5,DRIVER JCB,HOUSING,CULTURE,0,No Sick Leave Record,No Sick Leave Record,No Sick Leave Record,100964,100336,No Sick Leave Record,101288,0,26.5,No Annual Leave Record,29,24,10.5,0,12
100320,Live,PW,CO,SALARIES,Brian Garcia,5,RESIDENT ENGINEER TEMPORARY,"COMMUNITY, CULTURAL SERVICES & PARKS",HOUSING,0,No Sick Leave Record,5,No Sick Leave Record,101273,101138,No Sick Leave Record,100691,0,30,5,25,13,4,3,6
100310,Live,PW,CO,FORTNIGHTLY WAGES - DLR,Andrea Austin,No Grade,LIFEGUARD,CORPORATE AFFAIRS,INFRASTRUCTURE & CLIMATE CHANGE,0,52,0,No Sick Leave Record,101131,100475,No Sick Leave Record,100838,0,24,2,13,10,8,No Annual Leave Record,14.5
100239,Live,PW,CO,SALARIES,Kathy Combs,7,PROJECT RESIDENT ENGINEER TEMPORARY,HOUSING,INFRASTRUCTURE & CLIMATE CHANGE,No Sick Leave Record,8,No Sick Leave Record,No Sick Leave Record,100880,100912,0,100121,0,18,0,24,12,11.5,3,3
100058,Live,PW,CO,SALARIES,Jessica Gutierrez,No Grade,CLERICAL OFFICER,"COMMUNITY, CULTURAL SERVICES & PARKS",HUMAN RESOURCES,0,No Sick Leave Record,No Sick Leave Record,0,101078,100422,No Sick Leave Record,100087,No Annual Leave Record,30,No Annual Leave Record,26.5,14,14,0,2.5
100710,Live,PW,CO,FORTNIGHTLY WAGES - DLR,Robert Gordon,3,GENERAL OPERATIVE,HOUSING,IT,0,No Sick Leave Record,0,0,100387,101304,0,101295,0,No Annual Leave Record,3,29.5,No Annual Leave Record,19.5,3,1
101215,Live,PW,CO,SALARIES,Vincent Scott,4,SUPERVISOR INSPECTOR MAINTENANCE/CLEAN,CORPORATE AFFAIRS,INFRASTRUCTURE & CLIMATE CHANGE,0,No Sick Leave Record,No Sick Leave Record,No Sick Leave Record,100468,100468,0,101274,0,30,5,37.5,17,15,3,No Annual Leave Record
100486,Live,PW,CO,SALARIES,Ernest Stone,No Grade,DRIVER SHIFT HARBOUR,CORPORATE AFFAIRS,IT,0,No Sick Leave Record,No Sick Leave Record,0,101185,101347,0,100808,0,24,0,33.5,1,19.5,3,No Annual Leave Record
100398,Live,PW,CO,SALARIES,Xavier Gibson,4,GENERAL OPERATIVE,CORPORATE AFFAIRS,HOUSING,0,14.05,No Sick Leave Record,No Sick Leave Record,100532,100001,No Sick Leave Record,100897,0,17.5,0,31,7,7,3,0
100399,Live,PW,CO,SALARIES,Misty Rogers,6,SENIOR STAFF OFFICER,INFRASTRUCTURE & CLIMATE CHANGE,PLANNING,0,1,5.5,No Sick Leave Record,101305,101336,No Sick Leave Record,100821,0,24,0,27,10.5,13,16,6
100400,Live,PW,CO,SALARIES,Kayla Davenport,No Grade,GENERAL OPERATIVE,CORPORATE AFFAIRS,PARKS,No Sick Leave Record,No Sick Leave Record,0,No Sick Leave Record,100508,101149,No Sick Leave Record,100938,0,30,0,31,18.5,29,5.5,0
101307,Live,PW,CO,SALARIES,Jesse Armstrong,No Grade,SCHOOL WARDEN,INFRASTRUCTURE & CLIMATE CHANGE,INFRASTRUCTURE & CLIMATE CHANGE,No Sick Leave Record,No Sick Leave Record,No Sick Leave Record,36,100738,101275,No Sick Leave Record,100150,0,30,0,No Annual Leave Record,18.5,6.5,3,3.5
100376,Live,PW,CO,SALARIES,Daniel Ortiz,4,SENIOR LIFEGUARD,"COMMUNITY, CULTURAL SERVICES & PARKS",HOUSING,0,5,No Sick Leave Record,0,101311,100848,No Sick Leave Record,101095,0,24,No Annual Leave Record,32,31,13.5,No Annual Leave Record,12
101034,Live,TW,CO,SALARIES,Daniel Washington,6,SENIOR LIBRARY ASSISTANT,PLANNING & ECONOMIC DEVELOPMENT,COMMUNITY,No Sick Leave Record,No Sick Leave Record,No Sick Leave Record,0,100090,100103,0,101292,0,30,0.5,26.5,16,14,5,5
100504,Live,PW,CO,FORTNIGHTLY WAGES - DLR,Jonathan Forbes,6,DRIVER LIBRARY,HOUSING,INFRASTRUCTURE & CLIMATE CHANGE,No Sick Leave Record,2.51,No Sick Leave Record,0,100804,100110,No Sick Leave Record,101099,0,30,0,35,No Annual Leave Record,No Annual Leave Record,3,1
100162,Live,TP,CO,SALARIES,Jennifer Hodges,7,ASSISTANT FOREMAN OF WORKS,"COMMUNITY, CULTURAL SERVICES & PARKS",ENTERPRISE,0,25.21,12,No Sick Leave Record,100879,100047,No Sick Leave Record,100518,0,24,3,27,21,16.5,3,No Annual Leave Record
101360,Live,PW,CO,SALARIES,Kevin Schroeder,4,CLERICAL OFFICER,HOUSING,INFRASTRUCTURE & CLIMATE CHANGE,No Sick Leave Record,No Sick Leave Record,No Sick Leave Record,No Sick Leave Record,100349,100333,No Sick Leave Record,100179,No Annual Leave Record,17.5,No Annual Leave Record,No Annual Leave Record,18,9,3,No Annual Leave Record
101171,Live,PW,CO,SALARIES,Dr. Joseph Coleman,8,LIFEGUARD,"COMMUNITY, CULTURAL SERVICES & PARKS",PLANNING,No Sick Leave Record,No Sick Leave Record,No Sick Leave Record,0,100162,100240,0,101304,0,19.5,0,35,23,10,0,15
100118,Live,PW,CO,SALARIES,Mark Johnston,4,CLERICAL OFFICER,INFRASTRUCTURE & CLIMATE CHANGE,PARKS,No Sick Leave Record,0,0,0,100277,100905,No Sick Leave Record,100490,0,31,0,35,13,13.5,No Annual Leave Record,8
100063,Live,PW,CO,FORTNIGHTLY WAGES - DLR,Helen Day,3,SENIOR STAFF OFFICER,INFRASTRUCTURE & CLIMATE CHANGE,INFRASTRUCTURE & CLIMATE CHANGE,0,0,No Sick Leave Record,No Sick Leave Record,100655,100374,No Sick Leave Record,100189,0,29,5,29,14,9.5,0,10.5
100909,Live,PW,CO,SALARIES,David Hernandez,3,EXECUTIVE PLANNER,INFRASTRUCTURE & CLIMATE CHANGE,HOUSING,No Sick Leave Record,0,1,No Sick Leave Record,100118,100353,No Sick Leave Record,100052,No Annual Leave Record,24,0,30.5,18.5,19,3,11.5
100905,Live,TW,CO,FORTNIGHTLY WAGES - DLR,Patrick Sanchez,3,ASSISTANT ENGINEER,INFRASTRUCTURE & CLIMATE CHANGE,ARCHITECTS,0,No Sick Leave Record,0,9,100142,101266,No Sick Leave Record,101307,0,17.5,3.5,28,19.5,18,3,8
101014,Live,PW,CO,SALARIES,Michael Martin,5,STAFF OFFICER,INFRASTRUCTURE & CLIMATE CHANGE,INFRASTRUCTURE & CLIMATE CHANGE,0,No Sick Leave Record,0,0,100271,100556,No Sick Leave Record,100585,0,32,5,35,17.5,9,3,10.5
100086,Live,PW,CO,SALARIES,Jacob Flynn,No Grade,CLEANER,INFRASTRUCTURE & CLIMATE CHANGE,INFRASTRUCTURE & CLIMATE CHANGE,No Sick Leave Record,No Sick Leave Record,No Sick Leave Record,0,100239,100160,2,100560,0,31,2,30,15,11,0,7
100785,Live,PW,CO,SALARIES,Melissa Malone,7,EXECUTIVE QUANTITY SURVEYOR,HOUSING,PARKS,No Sick Leave Record,No Sick Leave Record,No Sick Leave Record,0,101367,100634,1,101243,0,30,5,30,26,15,3,16
100155,Live,PW,CO,SALARIES,Julia Coleman,8,ADMINISTRATIVE OFFICER,INFRASTRUCTURE & CLIMATE CHANGE,CULTURE,0,No Sick Leave Record,0,0,101112,100437,No Sick Leave Record,100259,0,24,2,35,15,18,3,12
101096,Live,PW,CO,SALARIES,Joanne Wells,4,ASSISTANT STAFF OFFICER,"COMMUNITY, CULTURAL SERVICES & PARKS",CULTURE,0,No Sick Leave Record,No Sick Leave Record,No Sick Leave Record,100646,100826,No Sick Leave Record,100361,0,30,3,23.5,8.5,12.5,No Annual Leave Record,20
101301,Live,PW,CO,FORTNIGHTLY WAGES - DLR,Tammy Foster,No Grade,STAFF OFFICER,HOUSING,INFRASTRUCTURE & CLIMATE CHANGE,0,0,No Sick Leave Record,0,100969,101326,No Sick Leave Record,101334,0,16.5,4.5,27,22.5,15,No Annual Leave Record,No Annual Leave Record
101056,Live,PW,CO,SALARIES,Michael Wilcox,No Grade,INSPECTOR PLANNING,"COMMUNITY, CULTURAL SERVICES & PARKS",PARKS,No Sick Leave Record,No Sick Leave Record,No Sick Leave Record,No Sick Leave Record,101302,100665,0,101316,0,10,3,33,13,No Annual Leave Record,3,5.5
101202,Live,PW,CO,SALARIES,Jean Osborne,3,ASSISTANT ENGINEER,HOUSING,HOUSING,No Sick Leave Record,No Sick Leave Record,0,No Sick Leave Record,100318,101333,0,101171,0,30,4,35,15.5,24,No Annual Leave Record,6
100475,Live,PW,CO,FORTNIGHTLY WAGES - DLR,Alexandria Mitchell,No Grade,ARTS OFFICER,FINANCE & WATER SERVICES,PLANNING,0,No Sick Leave Record,No Sick Leave Record,40,100086,101013,No Sick Leave Record,100961,0,32,0,35,22.5,14.5,4,11
100087,Live,PW,CO,FORTNIGHTLY WAGES - DLR,Matthew Bridges,8,STAFF OFFICER,INFRASTRUCTURE & CLIMATE CHANGE,HOUSING,No Sick Leave Record,2,3,16,100208,100016,0,100932,0,16.5,3,No Annual Leave Record,19.5,20,5,No Annual Leave Record
100530,Live,PW,CO,SALARIES,William Lopez,3,SENIOR EXECUTIVE ENGINEER,CORPORATE AFFAIRS,INFRASTRUCTURE & CLIMATE CHANGE,0,No Sick Leave Record,0,No Sick Leave Record,100658,101142,2,100765,0,30,5,29,21.5,6,3,0
100854,Live,PW,CO,SALARIES,James Barr,7,SENIOR EXECUTIVE LIBRARIAN,INFRASTRUCTURE & CLIMATE CHANGE,WATER SERVICES,0,20,No Sick Leave Record,0,100899,100179,No Sick Leave Record,100533,0,24,0,35,0,3,5,0
101250,Live,PW,CO,SALARIES,Jennifer Bishop,6,GENERAL OPERATIVE,FINANCE & WATER SERVICES,INFRASTRUCTURE & CLIMATE CHANGE,0,No Sick Leave Record,25,No Sick Leave Record,100138,100563,0,101005,0,30,1.5,No Annual Leave Record,14,30,11.5,5
100117,Live,PW,CO,SALARIES,Allison Allen,No Grade,STAFF OFFICER,"COMMUNITY, CULTURAL SERVICES & PARKS",CHERRYWOOD,0,0,2,No Sick Leave Record,101154,100491,No Sick Leave Record,101148,0,24,2.5,35,17,0,3,6.5
100443,Live,PW,CO,SALARIES,Joel Mason,6,CLERICAL OFFICER,CORPORATE AFFAIRS,INFRASTRUCTURE & CLIMATE CHANGE,0,1.68,No Sick Leave Record,0,101111,101081,2,100772,0,No Annual Leave Record,No Annual Leave Record,31,17,12,0,11.5
100755,Live,PW,CO,SALARIES,Christopher Choi,3,FOREMAN GARDENER,PLANNING & ECONOMIC DEVELOPMENT,PARKS,0,No Sick Leave Record,0,0,101035,100880,No Sick Leave Record,100770,0,23.5,5,26,23,14,3,16
101322,Live,PW,CO,SALARIES,Vanessa Reid,No Grade,BUILDING INSPECTOR/ CLERK OF WORKS,HOUSING,PARKS,0,0,No Sick Leave Record,No Sick Leave Record,101347,100908,No Sick Leave Record,100209,0,30,3,34,No Annual Leave Record,16.5,0,2.5
100978,Live,PW,CO,FORTNIGHTLY WAGES - DLR,Melissa Martinez,4,ASSISTANT STAFF OFFICER,"COMMUNITY, CULTURAL SERVICES & PARKS",PARKS,No Sick Leave Record,No Sick Leave Record,0,0,100913,101194,No Sick Leave Record,101118,0,30,10.5,37,23.5,14,3,9
100557,Live,PW,CO,SALARIES,John Nguyen,4,CLERICAL OFFICER,INFRASTRUCTURE & CLIMATE CHANGE,ARCHITECTS,No Sick Leave Record,No Sick Leave Record,No Sick Leave Record,10,100308,101007,0,101033,0,24,0,No Annual Leave Record,10,11,9,10.5
100506,Live,PW,CO,SALARIES,Sarah Castro,No Grade,SCHOOL WARDEN,INFRASTRUCTURE & CLIMATE CHANGE,WATER SERVICES,No Sick Leave Record,No Sick Leave Record,2,No Sick Leave Record,100602,100309,No Sick Leave Record,100737,No Annual Leave Record,24,0,30.5,20,17,8,8
100838,Live,PW,CO,SALARIES,Albert Davis,5,WATER SERVICES INSPECTOR,HOUSING,INFRASTRUCTURE & CLIMATE CHANGE,0,0,No Sick Leave Record,No Sick Leave Record,101301,100939,No Sick Leave Record,100007,0,30,0,11.5,15,17,No Annual Leave Record,14
100630,Live,PW,CO,FORTNIGHTLY WAGES - DLR,Gerald Thompson,6,SCHOOL WARDEN,"COMMUNITY, CULTURAL SERVICES & PARKS",HARBOUR,No Sick Leave Record,0,No Sick Leave Record,No Sick Leave Record,101355,100742,No Sick Leave Record,101069,No Annual Leave Record,30.5,0,34,19,15.5,0,0.5
100691,Live,PW,CO,FORTNIGHTLY WAGES - DLR,Roberta Brown,4,STAFF OFFICER,"COMMUNITY, CULTURAL SERVICES & PARKS",HUMAN RESOURCES,No Sick Leave Record,0,No Sick Leave Record,0,100114,100833,No Sick Leave Record,101363,0,30,0,35,18,17.5,3,11
100499,Live,PW,CO,SALARIES,Christopher Johnson,3,CARPENTER/JOINER,CORPORATE AFFAIRS,INFRASTRUCTURE & CLIMATE CHANGE,0,No Sick Leave Record,0,No Sick Leave Record,100450,101120,No Sick Leave Record,101013,No Annual Leave Record,No Annual Leave Record,2,30,0,22,No Annual Leave Record,13
101231,Live,PW,CO,SALARIES,Richard Hardy,3,STAFF OFFICER,"COMMUNITY, CULTURAL SERVICES & PARKS",HUMAN RESOURCES,No Sick Leave Record,0,No Sick Leave Record,No Sick Leave Record,100386,100748,No Sick Leave Record,100587,0,No Annual Leave Record,1,No Annual Leave Record,19,14,3,21.5
100946,Live,PW,CO,SALARIES,Nancy Allen,7,SENIOR LIBRARIAN,CORPORATE AFFAIRS,ARCHITECTS,No Sick Leave Record,No Sick Leave Record,No Sick Leave Record,3,100038,101217,No Sick Leave Record,100208,No Annual Leave Record,30,5,35,22,13,7,13
100673,Live,PW,CO,FORTNIGHTLY WAGES - DLR,Tami Moore,6,CLERICAL OFFICER,"COMMUNITY, CULTURAL SERVICES & PARKS",INFRASTRUCTURE & CLIMATE CHANGE,0,No Sick Leave Record,7,0,100423,101037,No Sick Leave Record,101202,0,23,3.5,35,23,18,0,16
101163,Live,PW,CO,SALARIES,Mrs. Amy Clark DVM,No Grade,ADMINISTRATIVE OFFICER,"COMMUNITY, CULTURAL SERVICES & PARKS",CULTURE,No Sick Leave Record,No Sick Leave Record,No Sick Leave Record,No Sick Leave Record,100431,101201,0,101257,0,30,4,30,9,5,6,3.5
101228,Live,PW,CO,SALARIES,Margaret French,6,SCHOOL WARDEN,LAW,INFRASTRUCTURE & CLIMATE CHANGE,No Sick Leave Record,0,0,No Sick Leave Record,100184,100012,No Sick Leave Record,100004,0,30,No Annual Leave Record,35,16,11,3,No Annual Leave Record
100781,Live,TW,CO,SALARIES,Jody Lin,6,GRADUATE PARKS & LANDSCAPE OFFICER,CORPORATE AFFAIRS,PLANNING,0,0,No Sick Leave Record,No Sick Leave Record,101205,100056,No Sick Leave Record,100219,0,15,5,26,0.5,14,0,No Annual Leave Record
101009,Live,PW,CO,SALARIES,Joseph Pittman,5,SENIOR EXECUTIVE PARKS & LANDSCAPE OFFIC,ARCHITECTS,INFRASTRUCTURE & CLIMATE CHANGE,No Sick Leave Record,No Sick Leave Record,No Sick Leave Record,10,101362,101222,1,100514,0,30,0,No Annual Leave Record,19.5,9.5,3,5
100709,Live,TW,CO,SALARIES,Heather Graham,No Grade,ASSISTANT STAFF OFFICER,"COMMUNITY, CULTURAL SERVICES & PARKS",INFRASTRUCTURE & CLIMATE CHANGE,No Sick Leave Record,89.02,No Sick Leave Record,2.5,100341,101025,No Sick Leave Record,100093,0,30,5,34,11.5,21,0,12.5
100856,Live,PW,CO,SALARIES,Shawn Hall,No Grade,STAFF OFFICER,"COMMUNITY, CULTURAL SERVICES & PARKS",FINANCE,0,No Sick Leave Record,No Sick Leave Record,2,101260,100787,No Sick Leave Record,101203,0,27,4,32,19.5,7,0,9.5
100866,Live,TW,CO,FORTNIGHTLY WAGES - DLR,Donald Anderson,4,ADMINISTRATIVE OFFICER,INFRASTRUCTURE & CLIMATE CHANGE,PARKS,0,0.01,No Sick Leave Record,No Sick Leave Record,100608,100695,No Sick Leave Record,101110,0,30,4,33,17,6,16,30
100606,Live,PW,CO,SALARIES,Aaron Carlson,5,CLERICAL OFFICER,INFRASTRUCTURE & CLIMATE CHANGE,FINANCE,No Sick Leave Record,No Sick Leave Record,No Sick Leave Record,No Sick Leave Record,101122,100599,0,100192,0,24,0,32,25.5,2,3,3
100750,Live,PW,CO,SALARIES,Steven Moore,7,CLERICAL OFFICER,LAW,ARCHITECTS,No Sick Leave Record,1.23,0,0,100968,100099,0,100992,0,30,1,33.5,21,20.5,7,9.5
100956,Live,PW,CO,FORTNIGHTLY WAGES - DLR,Bryan Campbell,6,DISTRICT SUPERVISOR PARKS,INFRASTRUCTURE & CLIMATE CHANGE,COMMUNITY,0,17.08,0,0,100135,100116,0,100454,0,30,5,35,20.5,6.5,10,3.5
100915,Live,PW,CO,FORTNIGHTLY WAGES - DLR,Christina Serrano,8,DRIVER CLEANSING,FINANCE & WATER SERVICES,CHERRYWOOD,No Sick Leave Record,No Sick Leave Record,No Sick Leave Record,No Sick Leave Record,100158,100643,0,101043,0,28.5,5,35,15.5,9,8,8.5
100316,Live,TW,CO,SALARIES,Nicole Warren,No Grade,ASSISTANT STAFF OFFICER,ARCHITECTS,INFRASTRUCTURE & CLIMATE CHANGE,0,0,0,0,100872,100503,0,100113,No Annual Leave Record,No Annual Leave Record,1.5,24,No Annual Leave Record,1,3,9
101292,Live,PW,CO,SALARIES,Elizabeth Nolan,8,DRIVER JCB,"COMMUNITY, CULTURAL SERVICES & PARKS",INFRASTRUCTURE & CLIMATE CHANGE,No Sick Leave Record,9,No Sick Leave Record,8,100227,100070,No Sick Leave Record,100862,0,17.5,5,20,No Annual Leave Record,3,5,18.5
101152,Live,PW,CO,SALARIES,Jacob Daniel,3,LIBRARY ASSISTANT,HOUSING,IT,No Sick Leave Record,No Sick Leave Record,4,No Sick Leave Record,101217,101284,No Sick Leave Record,100324,0,27.5,0,33.5,10.5,No Annual Leave Record,3,13
100129,Live,PW,CO,SALARIES,Timothy Russell,No Grade,STAFF OFFICER,INFRASTRUCTURE & CLIMATE CHANGE,CORPORATE SERVICES,No Sick Leave Record,1,No Sick Leave Record,No Sick Leave Record,100326,100529,No Sick Leave Record,100775,0,24,0,28,12,7,3,12
100639,Live,PW,CO,SALARIES,Jessica Graves,6,EXECUTIVE ARCHITECT,PLANNING & ECONOMIC DEVELOPMENT,INFRASTRUCTURE & CLIMATE CHANGE,0,No Sick Leave Record,No Sick Leave Record,0,100172,101027,No Sick Leave Record,100435,0,30,5,32,17,5.5,3,6.5
100368,Live,TW,CO,SALARIES,Megan Gonzalez,6,CLERICAL OFFICER,"COMMUNITY, CULTURAL SERVICES & PARKS",HOUSING,No Sick Leave Record,No Sick Leave Record,8,No Sick Leave Record,100137,100234,No Sick Leave Record,100162,0,30,0,42,11,16,0,3
101317,Live,TP,CO,FORTNIGHTLY WAGES - DLR,Rebecca Briggs,7,HERITAGE PROPERTIES OFFICER PERMANENT,PLANNING & ECONOMIC DEVELOPMENT,CULTURE,0,0,0,No Sick Leave Record,100832,100229,0,100986,0,27,3,33,15.5,7.5,3,11.5
100762,Live,PW,CO,FORTNIGHTLY WAGES - DLR,Heather Payne,6,CLERICAL OFFICER,INFRASTRUCTURE & CLIMATE CHANGE,INFRASTRUCTURE & CLIMATE CHANGE,No Sick Leave Record,No Sick Leave Record,No Sick Leave Record,0,101247,101243,1,100551,0,30,0,30.5,18.5,10,3,6
100928,Live,PW,CO,SALARIES,Jasmin Howard,No Grade,LIBRARY ASSISTANT,"COMMUNITY, CULTURAL SERVICES & PARKS",PARKS,No Sick Leave Record,No Sick Leave Record,No Sick Leave Record,No Sick Leave Record,101290,100594,0,100000,No Annual Leave Record,24,0,No Annual Leave Record,23.5,14.5,16,No Annual Leave Record
100233,Live,PW,CO,SALARIES,Jennifer Terrell,No Grade,STAFF OFFICER,"COMMUNITY, CULTURAL SERVICES & PARKS",INFRASTRUCTURE & CLIMATE CHANGE,No Sick Leave Record,0.05,No Sick Leave Record,0,100229,100976,0,100147,0,32,0,34,24.5,14,No Annual Leave Record,8
100153,Live,PW,CO,SALARIES,Sarah Garcia,No Grade,CLERICAL OFFICER,"COMMUNITY, CULTURAL SERVICES & PARKS",INFRASTRUCTURE & CLIMATE CHANGE,No Sick Leave Record,0,No Sick Leave Record,No Sick Leave Record,100967,101165,No Sick Leave Record,100384,0,29,5,30,25,5,3,11
101331,Live,PW,CO,SALARIES,Timothy Hayes,3,GENERAL OPERATIVE,"COMMUNITY, CULTURAL SERVICES & PARKS",PARKS,No Sick Leave Record,No Sick Leave Record,No Sick Leave Record,0,100790,100647,No Sick Leave Record,100750,0,14,10,25.5,17.5,7.5,3,6
100984,Live,TP,CO,FORTNIGHTLY WAGES - DLR,Diana Doyle,6,LIFEGUARD,ARCHITECTS,LAW,No Sick Leave Record,0,No Sick Leave Record,0,100128,100214,No Sick Leave Record,100819,0,22.5,5,No Annual Leave Record,27,14,0,7
100503,Live,PW,CO,SALARIES,Sarah Miller,6,INTEGRATION SUPPORT CO-ORDINATOR,PLANNING & ECONOMIC DEVELOPMENT,PLANNING,0,No Sick Leave Record,No Sick Leave Record,0,100221,100190,No Sick Leave Record,100834,0,27,0,24,15,10,3,6
101106,Live,PW,CO,SALARIES,Donald Moore,3,EXECUTIVE ENGINEER,FINANCE & WATER SERVICES,WATER SERVICES,No Sick Leave Record,No Sick Leave Record,No Sick Leave Record,No Sick Leave Record,101037,100875,1,100169,0,17.5,0,32,7.5,10,1,5
100326,Live,PW,CO,FORTNIGHTLY WAGES - DLR,Justin Mcdaniel,5,LIFEGUARD,FINANCE & WATER SERVICES,INFRASTRUCTURE & CLIMATE CHANGE,0,0,0,No Sick Leave Record,100477,101364,No Sick Leave Record,100102,No Annual Leave Record,No Annual Leave Record,No Annual Leave Record,31.5,8,13.5,0,1.5
100865,Live,PW,CO,SALARIES,Scott Martinez,4,SCHOOL WARDEN,"COMMUNITY, CULTURAL SERVICES & PARKS",CULTURE,0,0,8,No Sick Leave Record,100750,100616,0,100704,0,24,5,35,24,6.5,3,8
101089,Live,PW,CO,SALARIES,Abigail Beck DVM,6,STAFF OFFICER,INFRASTRUCTURE & CLIMATE CHANGE,IT,No Sick Leave Record,0.72,No Sick Leave Record,No Sick Leave Record,101299,101322,1,100622,0,19,0,31,No Annual Leave Record,14,No Annual Leave Record,No Annual Leave Record
100160,Live,PW,CO,FORTNIGHTLY WAGES - DLR,Christopher Jackson,3,DRIVER SHIFT HARBOUR,INFRASTRUCTURE & CLIMATE CHANGE,PARKS,0,No Sick Leave Record,No Sick Leave Record,0,100411,101067,0,100196,0,31,No Annual Leave Record,27,31,5,7,8.5
100719,Live,PW,CO,SALARIES,Madison Skinner,6,ASSISTANT STAFF OFFICER,PLANNING & ECONOMIC DEVELOPMENT,INFRASTRUCTURE & CLIMATE CHANGE,0,No Sick Leave Record,No Sick Leave Record,0,100577,100996,No Sick Leave Record,100502,0,24,5,36,1,1,5,6
101320,Live,PW,CO,SALARIES,Erin Santos,No Grade,SENIOR ECONOMIC DEVELOPMENT OFFICER,CORPORATE AFFAIRS,INFRASTRUCTURE & CLIMATE CHANGE,0,4.65,No Sick Leave Record,No Sick Leave Record,100582,100730,No Sick Leave Record,100012,0,30,5,24,23,18,0,30
100051,Live,PW,CO,SALARIES,Ricardo Maynard,4,GENERAL OPERATIVE,INFRASTRUCTURE & CLIMATE CHANGE,INFRASTRUCTURE & CLIMATE CHANGE,No Sick Leave Record,1.5,No Sick Leave Record,0,100768,100409,0,100156,0,24,0,No Annual Leave Record,9,7,5,4
100580,Live,PW,CO,SALARIES,Brandon Donaldson,No Grade,CLERICAL OFFICER,FINANCE & WATER SERVICES,COMMUNITY,No Sick Leave Record,No Sick Leave Record,0,0,100187,100685,0,101253,No Annual Leave Record,30,4.5,32,15,No Annual Leave Record,No Annual Leave Record,10
101319,Live,PW,CO,FORTNIGHTLY WAGES - DLR,Matthew Downs,7,GENERAL OPERATIVE,FINANCE & WATER SERVICES,HARBOUR,No Sick Leave Record,0,No Sick Leave Record,0,100127,100692,No Sick Leave Record,100276,0,24,5,9,19,14.5,No Annual Leave Record,6.5
101167,Live,PW,CO,FORTNIGHTLY WAGES - DLR,Alicia Anderson,No Grade,ASSISTANT STAFF OFFICER,"COMMUNITY, CULTURAL SERVICES & PARKS",INFRASTRUCTURE & CLIMATE CHANGE,0,0,0,No Sick Leave Record,100874,101307,0,100832,0,24,3,11.5,23,17.5,0,16
101277,Live,PW,CO,FORTNIGHTLY WAGES - DLR,Matthew Houston,No Grade,SENIOR PROGRAMMER,"COMMUNITY, CULTURAL SERVICES & PARKS",CULTURE,No Sick Leave Record,No Sick Leave Record,No Sick Leave Record,No Sick Leave Record,100395,100729,1,100326,0,28,0,28.5,20.5,14,0,No Annual Leave Record
100055,Live,PW,CO,FORTNIGHTLY WAGES - DLR,Misty Moreno,5,GIS PROJECT LEAD,"COMMUNITY, CULTURAL SERVICES & PARKS",FINANCE,No Sick Leave Record,No Sick Leave Record,No Sick Leave Record,No Sick Leave Record,101343,100554,No Sick Leave Record,101255,0,13.5,0,35,15,12,3,6
100644,Live,TW,EN,,Jose Sanders PhD,No Grade,CLERICAL OFFICER,HOUSING,PLANNING,No Sick Leave Record,0.01,No Sick Leave Record,No Sick Leave Record,100694,100431,No Sick Leave Record,100905,0,30,0,37,9,13,7,13
101248,,PW,CO,FORTNIGHTLY WAGES - DLR,Andre Allen,No Grade,CLERICAL OFFICER,INFRASTRUCTURE & CLIMATE CHANGE,PARKS,0,No Sick Leave Record,0,No Sick Leave Record,100042,100489,No Sick Leave Record,100968,0,10,5,11,15.5,0.5,3,No Annual Leave Record
100068,Live,PW,CO,FORTNIGHTLY WAGES - DLR,Micheal Garrett,3,ASSISTANT STAFF OFFICER,"COMMUNITY, CULTURAL SERVICES & PARKS",INFRASTRUCTURE & CLIMATE CHANGE,0,0,No Sick Leave Record,0,101337,100301,No Sick Leave Record,101127,0,29,5,29,21,19,3,No Annual Leave Record
101146,Live,PW,CO,SALARIES,Connie Campbell,No Grade,SENIOR EXECUTIVE OFFICER,INFRASTRUCTURE & CLIMATE CHANGE,PLANNING,No Sick Leave Record,3.08,No Sick Leave Record,72,100616,100171,No Sick Leave Record,100877,0,30,0,35,No Annual Leave Record,22,3,3
100241,Live,PW,CO,FORTNIGHTLY WAGES - DLR,Amy Smith,5,FOREMAN WATER + DRAINAGE,HOUSING,INFRASTRUCTURE & CLIMATE CHANGE,0,No Sick Leave Record,0,0,100531,100565,0,101184,0,30,0,31,13,7.5,10,10
100358,Live,PW,CO,SALARIES,Joseph Anderson,6,STAFF OFFICER,HOUSING,HOUSING,0,1.01,0,No Sick Leave Record,100049,101259,No Sick Leave Record,100386,0,30,5,30,14,6.5,3,2
101156,Live,PW,CO,SALARIES,Matthew Ryan,6,DIRECTOR OF CORPORATE SERVICES,INFRASTRUCTURE & CLIMATE CHANGE,INFRASTRUCTURE & CLIMATE CHANGE,No Sick Leave Record,No Sick Leave Record,4,No Sick Leave Record,101167,100718,No Sick Leave Record,100674,0,23.5,0,No Annual Leave Record,24,6,5,8
100048,Live,TP,CO,SALARIES,Bradley Garcia,4,ASSISTANT ENGINEER,INFRASTRUCTURE & CLIMATE CHANGE,HUMAN RESOURCES,0,No Sick Leave Record,No Sick Leave Record,3,101317,100039,No Sick Leave Record,100510,0,24,7,24.5,24,21,0,7
100640,Live,PW,AP,SALARIES,Ryan Hardy,3,CLERICAL OFFICER,CORPORATE AFFAIRS,CULTURE,No Sick Leave Record,0.01,2,0,100179,101261,0,101194,0,24,1,33,25.5,18,3,2
100857,Live,PW,CO,FORTNIGHTLY WAGES - DLR,Matthew Brown,5,SCHOOL WARDEN,PLANNING & ECONOMIC DEVELOPMENT,CHERRYWOOD,0,0,No Sick Leave Record,0,100882,100072,No Sick Leave Record,100062,0,32,No Annual Leave Record,30,23,No Annual Leave Record,3,4
100799,Live,PW,CO,SALARIES,Brandon Williams,4,RESIDENT ENGINEER TEMPORARY,ARCHITECTS,FINANCE,No Sick Leave Record,No Sick Leave Record,0,0,100734,100902,No Sick Leave Record,100306,0,15.5,0,31,29,13.5,0,No Annual Leave Record
100084,Live,TP,CO,SALARIES,Kathleen Lynn,3,CLERK-OF-WORKS(TEMP),CORPORATE AFFAIRS,LAW,0,0,No Sick Leave Record,No Sick Leave Record,100270,100808,0,100817,0,14,0,30,19,12,0,0
100764,Live,PW,CO,FORTNIGHTLY WAGES - DLR,Jennifer Mccoy,3,ADMINISTRATIVE OFFICER,INFRASTRUCTURE & CLIMATE CHANGE,CHERRYWOOD,No Sick Leave Record,0,No Sick Leave Record,0,101109,100312,No Sick Leave Record,100684,0,24,0,24,No Annual Leave Record,8.5,0,8
101012,Live,PW,CO,SALARIES,Michael Kelly,5,STAFF OFFICER,PLANNING & ECONOMIC DEVELOPMENT,ARCHITECTS,No Sick Leave Record,No Sick Leave Record,No Sick Leave Record,3,100640,100929,2,100357,0,27,1,31.5,20.5,12.5,5,No Annual Leave Record
100207,Live,PW,CO,SALARIES,Sean Edwards,No Grade,STAFF OFFICER,INFRASTRUCTURE & CLIMATE CHANGE,INFRASTRUCTURE & CLIMATE CHANGE,No Sick Leave Record,No Sick Leave Record,2,No Sick Leave Record,100098,100471,No Sick Leave Record,100659,0,29,5,10,24,17.5,0,8
100457,Live,PW,CO,FORTNIGHTLY WAGES - DLR,Maria Hampton,4,GENERAL OPERATIVE,HOUSING,INFRASTRUCTURE & CLIMATE CHANGE,No Sick Leave Record,No Sick Leave Record,No Sick Leave Record,No Sick Leave Record,101014,100977,0,101353,No Annual Leave Record,No Annual Leave Record,3,27,15,8.5,3,7
100056,Live,PW,CO,FORTNIGHTLY WAGES - DLR,Russell Williams,6,WAM GRADUATE,"COMMUNITY, CULTURAL SERVICES & PARKS",HOUSING,No Sick Leave Record,No Sick Leave Record,No Sick Leave Record,No Sick Leave Record,101197,100364,No Sick Leave Record,101119,0,27,3,34,18.5,13,4,5.5
101015,Live,TW,CO,SALARIES,Judy Cox,9,SCHOOL WARDEN,"COMMUNITY, CULTURAL SERVICES & PARKS",INFRASTRUCTURE & CLIMATE CHANGE,0,0.01,No Sick Leave Record,No Sick Leave Record,101342,100632,No Sick Leave Record,100153,0,28,No Annual Leave Record,17.5,24.5,15,7,11
101267,Live,PW,CO,SALARIES,Michele Roberts,4,CLERICAL OFFICER,FINANCE & WATER SERVICES,PARKS,No Sick Leave Record,No Sick Leave Record,0,0,100662,101126,0,100504,0,29,0,37,18,16,No Annual Leave Record,9
100394,Live,PW,CO,FORTNIGHTLY WAGES - DLR,Kathy Hines,6,GRADUATE PROGRAMME,PLANNING & ECONOMIC DEVELOPMENT,CULTURE,No Sick Leave Record,17.58,2,0,101033,100371,No Sick Leave Record,100855,0,32,5,22.5,13,3,3,5
100739,Live,PW,CO,SALARIES,Rachel Jackson,6,ADMINISTRATIVE OFFICER,"COMMUNITY, CULTURAL SERVICES & PARKS",COMMUNITY,0,No Sick Leave Record,18.5,3,100379,100538,0,100114,0,No Annual Leave Record,0,No Annual Leave Record,9,17.5,3,6
100666,Live,TW,CO,SALARIES,Julia Perez,No Grade,DRIVER CLEANSING,INFRASTRUCTURE & CLIMATE CHANGE,INFRASTRUCTURE & CLIMATE CHANGE,0,No Sick Leave Record,5,5,100993,101059,No Sick Leave Record,100984,0,24,2,35,6,10.5,3,6
100481,Live,PW,CO,SALARIES,Gwendolyn Waters,3,CHARGEHAND GARDEN,"COMMUNITY, CULTURAL SERVICES & PARKS",FINANCE,No Sick Leave Record,0,No Sick Leave Record,No Sick Leave Record,100496,100023,1,100029,0,30,5,32,18.5,5.5,3,12.5
100674,Live,PW,CO,SALARIES,Brenda Santos,No Grade,LIBRARY ASSISTANT,FINANCE & WATER SERVICES,CORPORATE SERVICES,0,3,69,No Sick Leave Record,100982,100003,No Sick Leave Record,100077,0,32,0,35,24.5,7.5,0,No Annual Leave Record
101001,Live,PW,CO,FORTNIGHTLY WAGES - DLR,Jeffrey Martinez,4,STAFF OFFICER,PLANNING & ECONOMIC DEVELOPMENT,LAW,0,No Sick Leave Record,No Sick Leave Record,No Sick Leave Record,100153,101238,0,101083,0,30,5,34,19,11,3,4
100419,Live,PW,CO,SALARIES,Connor Spencer,6,SENIOR STAFF OFFICER,CORPORATE AFFAIRS,PARKS,No Sick Leave Record,0,No Sick Leave Record,0,100688,100612,No Sick Leave Record,100374,0,24,4,35,19,10,0,6
101093,Live,PW,CO,SALARIES,Kari Hayes,No Grade,ASSISTANT STAFF OFFICER,INFRASTRUCTURE & CLIMATE CHANGE,IT,No Sick Leave Record,No Sick Leave Record,No Sick Leave Record,0,100685,100373,1,100810,0,10,6.5,36,No Annual Leave Record,8.5,0,No Annual Leave Record
100124,Live,PW,CO,SALARIES,Heather Arnold,No Grade,SENIOR EXECUTIVE PLANNER,HOUSING,PLANNING,0,No Sick Leave Record,No Sick Leave Record,0,100381,100548,No Sick Leave Record,100432,0,No Annual Leave Record,0,31,0,18,0,No Annual Leave Record
101214,Live,PW,CO,SALARIES,Heather James,6,ASSISTANT STAFF OFFICER,INFRASTRUCTURE & CLIMATE CHANGE,PARKS,No Sick Leave Record,0,No Sick Leave Record,0,100619,100225,No Sick Leave Record,100609,0,16,1,27,16,26,3,13
100281,Live,PW,CO,FORTNIGHTLY WAGES - DLR,Carolyn Fox,6,SENIOR EXECUTIVE QUANTITY SURVEYOR,"COMMUNITY, CULTURAL SERVICES & PARKS",HOUSING,No Sick Leave Record,4,No Sick Leave Record,0,100007,100872,No Sick Leave Record,100856,0,27,No Annual Leave Record,35,14.5,13,No Annual Leave Record,4
100158,Live,PW,CO,FORTNIGHTLY WAGES - DLR,Benjamin Tate,No Grade,CLERICAL OFFICER,PLANNING & ECONOMIC DEVELOPMENT,INFRASTRUCTURE & CLIMATE CHANGE,No Sick Leave Record,0.13,No Sick Leave Record,No Sick Leave Record,100447,100596,0,100474,0,34,4.5,34,17.5,12,0,3
100016,Live,PW,CO,FORTNIGHTLY WAGES - DLR,Tracy Brewer,No Grade,SCHOOL WARDEN,ARCHITECTS,PLANNING,0,No Sick Leave Record,0,No Sick Leave Record,100708,100043,No Sick Leave Record,101017,0,27,2,35,17,21,3,No Annual Leave Record
101189,Live,TW,CO,SALARIES,Albert Gonzalez,5.5,SENIOR EXECUTIVE TECHNICIAN,"COMMUNITY, CULTURAL SERVICES & PARKS",IT,0,0,No Sick Leave Record,No Sick Leave Record,100183,100296,No Sick Leave Record,100822,No Annual Leave Record,27,11,28.5,21,7,3,18.5
100936,Live,PW,CO,SALARIES,Karen Oliver,6,LIBRARY ASSISTANT,INFRASTRUCTURE & CLIMATE CHANGE,INFRASTRUCTURE & CLIMATE CHANGE,No Sick Leave Record,0,No Sick Leave Record,0,101344,100537,No Sick Leave Record,100066,0,22,No Annual Leave Record,No Annual Leave Record,0,11,8,15.5
101223,Live,PW,CO,SALARIES,Alyssa Pierce,No Grade,SCHOOL WARDEN,PLANNING & ECONOMIC DEVELOPMENT,INFRASTRUCTURE & CLIMATE CHANGE,No Sick Leave Record,No Sick Leave Record,0,No Sick Leave Record,100808,100713,0,100705,No Annual Leave Record,30,2,32,13,No Annual Leave Record,3,8
100105,Live,PW,CO,SALARIES,Patricia Brown,3,SCHOOL WARDEN,"COMMUNITY, CULTURAL SERVICES & PARKS",PLANNING,No Sick Leave Record,5,No Sick Leave Record,0,100164,100919,0,101208,0,30,0,29,28,23,3,4
101040,Live,TW,CO,FORTNIGHTLY WAGES - DLR,Cynthia Patterson,7,STAFF OFFICER,HOUSING,CULTURE,0,5.09,No Sick Leave Record,No Sick Leave Record,100516,100536,No Sick Leave Record,100576,0,No Annual Leave Record,0,32,2,25,No Annual Leave Record,9
100771,Live,PW,CO,FORTNIGHTLY WAGES - DLR,Diana Brown,6,STAFF OFFICER,"COMMUNITY, CULTURAL SERVICES & PARKS",INFRASTRUCTURE & CLIMATE CHANGE,No Sick Leave Record,No Sick Leave Record,0,0,100838,100294,0,100241,0,30,5,35,15,18,5,No Annual Leave Record
100635,Live,PW,CO,FORTNIGHTLY WAGES - DLR,Carmen Jensen,5,GENERAL OPERATIVE,PLANNING & ECONOMIC DEVELOPMENT,INFRASTRUCTURE & CLIMATE CHANGE,No Sick Leave Record,No Sick Leave Record,0,No Sick Leave Record,101114,100850,No Sick Leave Record,101327,No Annual Leave Record,No Annual Leave Record,0,29.5,28,11,0,4
101051,Live,PW,CO,SALARIES,David Wiggins,3,ASSISTANT STAFF OFFICER,CORPORATE AFFAIRS,PARKS,No Sick Leave Record,No Sick Leave Record,0,0,100815,100885,0,101149,0,24,1.5,35,23.5,11,2,2.5
101170,Live,PW,CO,FORTNIGHTLY WAGES - DLR,Sara Ortiz,6,SENIOR RESIDENT ENGINEER TEMP,HOUSING,INFRASTRUCTURE & CLIMATE CHANGE,0,0,0,No Sick Leave Record,100234,100911,No Sick Leave Record,100378,0,15,No Annual Leave Record,30,23,20.5,3,12
100386,,PW,CO,SALARIES,Omar Cunningham,3,DIRECTOR OF SERVICE,HOUSING,INFRASTRUCTURE & CLIMATE CHANGE,No Sick Leave Record,16.86,No Sick Leave Record,4,101123,100046,No Sick Leave Record,100840,0,26.5,0,24,12,6,3,5
100147,Live,TW,CO,FORTNIGHTLY WAGES - DLR,James Anderson,4,ANALYST PROGRAMMER,INFRASTRUCTURE & CLIMATE CHANGE,HOUSING,0,0,No Sick Leave Record,0,100674,100393,No Sick Leave Record,100303,0,24,2.5,32,14,17,3,No Annual Leave Record
100514,Live,PW,CO,SALARIES,Lisa Allen,No Grade,SENIOR PARKS SUPERINTENDENT,FORWARD PLANNING INFRASTRUCTURE,PARKS,No Sick Leave Record,13.05,No Sick Leave Record,No Sick Leave Record,101224,100620,No Sick Leave Record,100126,0,24,1,27,0,8.5,0,1.5
101245,Live,PW,CO,FORTNIGHTLY WAGES - DLR,Lisa Green,No Grade,ENVIRONMENTAL ENFORCEMENT WARDEN,"COMMUNITY, CULTURAL SERVICES & PARKS",FINANCE,0,0,No Sick Leave Record,0,100998,101346,0,100144,0,No Annual Leave Record,3,31.5,16.5,14,6,14
100923,Live,PW,CO,FORTNIGHTLY WAGES - DLR,Alex Carr,4,CLERICAL OFFICER,FORWARD PLANNING INFRASTRUCTURE,INFRASTRUCTURE & CLIMATE CHANGE,0,0,No Sick Leave Record,No Sick Leave Record,101175,100021,0,100741,0,30,0,37,3,11,7,10
101243,Live,PW,CO,SALARIES,John Raymond,No Grade,SCHOOL WARDEN,"COMMUNITY, CULTURAL SERVICES & PARKS",PARKS,0,11.37,No Sick Leave Record,0,100743,100172,0,100963,0,30,No Annual Leave Record,13.5,18.5,18,3,12.5
100089,Live,PW,CO,FORTNIGHTLY WAGES - DLR,Christopher Ortiz,6,ASSISTANT PARKS & LANDSCAPE OFFICER,INFRASTRUCTURE & CLIMATE CHANGE,INFRASTRUCTURE & CLIMATE CHANGE,0,0,4,28.5,100854,101116,0,100547,0,28.5,12.5,26.5,No Annual Leave Record,16,3,27
100122,Live,PW,CO,SALARIES,Robert Griffith,No Grade,STAFF OFFICER,PLANNING & ECONOMIC DEVELOPMENT,INFRASTRUCTURE & CLIMATE CHANGE,No Sick Leave Record,0,No Sick Leave Record,0,100340,100672,1,100948,0,30,5,29,18.5,No Annual Leave Record,3,6
100375,Live,PW,CO,SALARIES,Amanda Jones,No Grade,SUPERVISOR INSPECTOR PARKS,FINANCE & WATER SERVICES,CORPORATE SERVICES,0,No Sick Leave Record,No Sick Leave Record,No Sick Leave Record,100173,100026,0,100247,0,30,3,No Annual Leave Record,16.5,6,3,4.5
100227,Live,TW,CO,FORTNIGHTLY WAGES - DLR,Samuel Reid,4,SCHOOL WARDEN,INFRASTRUCTURE & CLIMATE CHANGE,PLANNING,0,8.16,No Sick Leave Record,0,100783,100935,No Sick Leave Record,100708,0,23.5,1.5,30,15,22.5,0,6
100007,Live,PW,CO,SALARIES,David Rhodes,No Grade,SPORTS MARKETING & INFORMATION OFFICER,PLANNING & ECONOMIC DEVELOPMENT,INFRASTRUCTURE & CLIMATE CHANGE,No Sick Leave Record,No Sick Leave Record,No Sick Leave Record,No Sick Leave Record,100755,100221,0,100394,No Annual Leave Record,No Annual Leave Record,3.5,24,20,19,1,13.5
100981,Live,PW,CO,SALARIES,Robert Hubbard,5,CLERICAL OFFICER,INFRASTRUCTURE & CLIMATE CHANGE,PARKS,No Sick Leave Record,0.02,No Sick Leave Record,0,100039,100307,No Sick Leave Record,101135,0,24,5,35,18,11,3,8
100758,Live,,CO,SALARIES,Michael Wong,3,SCHOOL WARDEN,HOUSING,INFRASTRUCTURE & CLIMATE CHANGE,No Sick Leave Record,1.01,No Sick Leave Record,33,100984,100782,No Sick Leave Record,100917,0,30,2,No Annual Leave Record,19.5,20,5.5,14
101213,Live,PW,CO,FORTNIGHTLY WAGES - DLR,Shannon Taylor,3,CLERICAL OFFICER,INFRASTRUCTURE & CLIMATE CHANGE,INFRASTRUCTURE & CLIMATE CHANGE,No Sick Leave Record,1.02,No Sick Leave Record,25,101168,100328,1,101093,0,30,0,29,9,7.5,4,2.5
100737,Live,PW,CO,FORTNIGHTLY WAGES - DLR,Amy Baker,No Grade,ASSISTANT FOREMAN GARDENER,HOUSING,PLANNING,No Sick Leave Record,No Sick Leave Record,0,No Sick Leave Record,101186,100773,0,100425,0,30,5,35,28.5,14.5,1.5,6
101259,Live,PW,CO,SALARIES,Cynthia Duke,6,GENERAL OPERATIVE,PLANNING & ECONOMIC DEVELOPMENT,CORPORATE SERVICES,0,0,No Sick Leave Record,0,100799,100506,No Sick Leave Record,100041,0,No Annual Leave Record,4,32,8,5.5,3,7
100536,Live,PW,CO,SALARIES,Charles Dunn,5,CLERICAL OFFICER,PLANNING & ECONOMIC DEVELOPMENT,ARCHITECTS,No Sick Leave Record,0,No Sick Leave Record,No Sick Leave Record,100132,100581,1,100784,0,30,5,27.5,20,5,No Annual Leave Record,4
101016,Live,PW,CO,FORTNIGHTLY WAGES - DLR,Jennifer Brown DDS,6,CLERICAL OFFICER,INFRASTRUCTURE & CLIMATE CHANGE,PARKS,0,0,No Sick Leave Record,3,100703,100104,No Sick Leave Record,101121,0,20,0.5,30,26.5,3,3,21
100018,Live,PW,CO,SALARIES,Jason Austin,No Grade,CLERICAL OFFICER,INFRASTRUCTURE & CLIMATE CHANGE,WATER SERVICES,No Sick Leave Record,No Sick Leave Record,No Sick Leave Record,No Sick Leave Record,100499,101310,0,100240,0,30,4.5,34,19.5,5.5,9,10
101036,Live,PW,CO,SALARIES,William Gilbert,No Grade,GANGER PARKS,HOUSING,PLANNING,No Sick Leave Record,2,0,No Sick Leave Record,100176,100038,No Sick Leave Record,100328,0,No Annual Leave Record,5,31,17,No Annual Leave Record,4,9.5
100097,Live,PW,CO,SALARIES,Kenneth Lee,6.5,GENERAL OPERATIVE,"COMMUNITY, CULTURAL SERVICES & PARKS",PARKS,No Sick Leave Record,No Sick Leave Record,0,0,100749,101070,No Sick Leave Record,100593,0,18,4,34,18,6,0,8
100027,Live,PW,CO,FORTNIGHTLY WAGES - DLR,Tony Walton,No Grade,ASSISTANT FOREMAN GARDENER,PLANNING & ECONOMIC DEVELOPMENT,HOUSING,No Sick Leave Record,No Sick Leave Record,14,No Sick Leave Record,101116,100390,0,100226,0,14,0,24,19,16,No Annual Leave Record,4.5
100139,Live,TW,CO,FORTNIGHTLY WAGES - DLR,Elizabeth Obrien,5,EXECUTIVE PARKS SUPERINTENDENT,FINANCE & WATER SERVICES,INFRASTRUCTURE & CLIMATE CHANGE,0,0,No Sick Leave Record,2,101259,100855,No Sick Leave Record,101272,0,30,0,25,25,No Annual Leave Record,3,2
100545,Live,PW,CO,SALARIES,Katrina Marshall,3,ASSISTANT FOREMAN OF WORKS,"COMMUNITY, CULTURAL SERVICES & PARKS",PARKS,0,0,No Sick Leave Record,No Sick Leave Record,101096,100317,0,100788,0,24,No Annual Leave Record,32,17,10.5,6,-1
100807,Live,PW,CO,SALARIES,Patrick Ramsey,No Grade,HARBOUR CONSTABLE,INFRASTRUCTURE & CLIMATE CHANGE,PLANNING,No Sick Leave Record,0,No Sick Leave Record,No Sick Leave Record,100625,100319,0,100728,0,30,5,29,26,20,3,4.5
100531,Live,PW,CO,SALARIES,Nicholas White,5,ASSISTANT STAFF OFFICER,PLANNING & ECONOMIC DEVELOPMENT,PLANNING,No Sick Leave Record,No Sick Leave Record,8,No Sick Leave Record,100861,101174,No Sick Leave Record,100901,0,No Annual Leave Record,4,11,21.5,20,9,7.5
101085,Live,PW,CO,SALARIES,Dan Sims,3,CLERICAL OFFICER,INFRASTRUCTURE & CLIMATE CHANGE,WATER SERVICES,0,0,0,0,100436,100791,0,100293,0,28.5,No Annual Leave Record,29,22,12,3,3.5
100231,Live,PW,CO,SALARIES,Caleb Bentley,No Grade,EXECUTIVE ENGINEER,INFRASTRUCTURE & CLIMATE CHANGE,,0,No Sick Leave Record,0,0,100805,100288,0,100455,0,24,5,30,19.5,24,3,6
100180,Live,PW,CO,FORTNIGHTLY WAGES - DLR,Larry Morton,No Grade,GRADUATE ENGINEER,INFRASTRUCTURE & CLIMATE CHANGE,WATER SERVICES,No Sick Leave Record,0,No Sick Leave Record,0,101181,100551,No Sick Leave Record,100385,0,No Annual Leave Record,6.5,19.5,26,15.5,3,9.5
100010,Live,PW,CO,FORTNIGHTLY WAGES - DLR,Jerry Mitchell,8.5,DRIVER CLEANSING,HOUSING,PLANNING,No Sick Leave Record,No Sick Leave Record,0,0,100733,100219,0,100106,0,30,1,27,14.5,16,11,22
100459,Live,PW,CO,FORTNIGHTLY WAGES - DLR,Carolyn Murphy,No Grade,I.S. PROJECT LEADER,FINANCE & WATER SERVICES,CULTURE,0,No Sick Leave Record,No Sick Leave Record,8,100569,100681,No Sick Leave Record,101294,0,21.5,0,21.5,No Annual Leave Record,No Annual Leave Record,8,13.5
100169,Live,PW,CO,SALARIES,Robert Parker,5,EXECUTIVE PLANNER,FORWARD PLANNING INFRASTRUCTURE,FINANCE,No Sick Leave Record,0,0,No Sick Leave Record,100971,100264,No Sick Leave Record,100341,0,24,2,35,18,14.5,3,12
100193,Live,TP,CO,SALARIES,Sandra Nichols,5,EXECUTIVE ENGINEER,"COMMUNITY, CULTURAL SERVICES & PARKS",FINANCE,No Sick Leave Record,No Sick Leave Record,No Sick Leave Record,No Sick Leave Record,100663,101293,0,101146,0,30,5,30,No Annual Leave Record,14.5,No Annual Leave Record,5
100533,Live,TW,CO,SALARIES,Shelby Tanner,3,GENERAL OPERATIVE,FINANCE & WATER SERVICES,HOUSING,No Sick Leave Record,0,6,0,101173,100785,0,100070,0,27,0,24,26,No Annual Leave Record,15,No Annual Leave Record
100703,Live,TW,CO,SALARIES,James Meyers,No Grade,GENERAL OPERATIVE,INFRASTRUCTURE & CLIMATE CHANGE,INFRASTRUCTURE & CLIMATE CHANGE,0,No Sick Leave Record,No Sick Leave Record,0,100975,100067,No Sick Leave Record,100923,0,29,5,16,2,24.5,3,7
101216,Live,PW,CO,SALARIES,Daniel Delgado,8,ASSISTANT ENGINEER,"COMMUNITY, CULTURAL SERVICES & PARKS",ARCHITECTS,No Sick Leave Record,No Sick Leave Record,No Sick Leave Record,21,100000,101185,0,100513,0,24,0,29,15,17,0,12
101028,Live,PW,CO,SALARIES,Steven Russo,4,ASSISTANT STAFF OFFICER,CORPORATE AFFAIRS,COMMUNITY,No Sick Leave Record,0,No Sick Leave Record,No Sick Leave Record,100495,100508,No Sick Leave Record,101329,0,30,3,31,20.5,9,3,27
100131,Live,PW,CO,FORTNIGHTLY WAGES - DLR,Thomas Thomas,3,LIBRARIAN,CORPORATE AFFAIRS,INFRASTRUCTURE & CLIMATE CHANGE,0,No Sick Leave Record,No Sick Leave Record,0,101275,100755,No Sick Leave Record,100653,0,30,4.5,15.5,25,15.5,3,9
100464,Live,PW,CO,SALARIES,William Marshall,7,CLERICAL OFFICER,HOUSING,PARKS,0,28.62,No Sick Leave Record,0,100992,101286,0,100975,0,No Annual Leave Record,2.5,29,23,6.5,3,10
101139,Live,PW,CO,SALARIES,Derek Oconnell,4,SCHOOL WARDEN,CORPORATE AFFAIRS,FINANCE,0,No Sick Leave Record,2,0,101258,101224,No Sick Leave Record,100443,0,12,0,24,22.5,No Annual Leave Record,9,3
100323,Live,PW,CO,SALARIES,John Lamb,3,SENIOR STAFF OFFICER,HOUSING,CULTURE,No Sick Leave Record,6.51,0,No Sick Leave Record,100533,100913,0,100406,0,No Annual Leave Record,0,No Annual Leave Record,No Annual Leave Record,11.5,6,No Annual Leave Record
100706,Live,PW,CO,SALARIES,Jason Lynn,3,DRIVER ROAD SWEEPER,CORPORATE AFFAIRS,PARKS,No Sick Leave Record,0,No Sick Leave Record,0,100928,101351,No Sick Leave Record,100270,0,24,No Annual Leave Record,38,10,8,0,1
100876,Live,PW,CO,FORTNIGHTLY WAGES - DLR,Robert Braun,3,STAFF OFFICER,CORPORATE AFFAIRS,PARKS,No Sick Leave Record,0,7,0,101279,101291,0,101026,0,30,0,34,22,7,3,20
101116,Live,PW,CO,SALARIES,Dustin Ballard,3,ENVIRONMENTAL ENFORCEMENT WARDEN,INFRASTRUCTURE & CLIMATE CHANGE,PARKS,0,0,No Sick Leave Record,3,100433,101253,No Sick Leave Record,100727,0,29,0,34,21,No Annual Leave Record,No Annual Leave Record,3
100939,Live,PW,CO,SALARIES,Keith White,4,ELECTRICIAN,FINANCE & WATER SERVICES,ARCHITECTS,No Sick Leave Record,0,8,3,100583,101082,No Sick Leave Record,100071,0,30,5,24,0,20,0,24
101294,Live,PW,CO,SALARIES,Heidi Sanchez,No Grade,GRADUATE PROGRAMME,INFRASTRUCTURE & CLIMATE CHANGE,PARKS,No Sick Leave Record,No Sick Leave Record,No Sick Leave Record,0,100305,100539,1,100943,0,No Annual Leave Record,5,31,1,11,3,2
101283,Live,PW,CO,SALARIES,Ashley Patton,5,STAFF OFFICER,HOUSING,INFRASTRUCTURE & CLIMATE CHANGE,0,No Sick Leave Record,0,No Sick Leave Record,100788,100702,No Sick Leave Record,100044,0,19.5,5,6.5,11,11.5,3,5
100604,Live,PW,CO,SALARIES,Amanda Williams,3,SENIOR STAFF OFFICER,LAW,PARKS,No Sick Leave Record,0,No Sick Leave Record,No Sick Leave Record,101213,100076,0,100699,0,30,0,24,17,8,No Annual Leave Record,7
100651,Live,TP,CO,FORTNIGHTLY WAGES - DLR,Martha Thomas,6,LIBRARIAN,"COMMUNITY, CULTURAL SERVICES & PARKS",PARKS,No Sick Leave Record,No Sick Leave Record,0,24.5,100008,100714,No Sick Leave Record,100598,No Annual Leave Record,30,5,34,0,No Annual Leave Record,8,15
100860,Live,TW,CO,SALARIES,Patrick Cruz,3,STAFF OFFICER,HOUSING,INFRASTRUCTURE & CLIMATE CHANGE,0,No Sick Leave Record,0,No Sick Leave Record,100472,101141,No Sick Leave Record,100743,0,27,0,37,13,No Annual Leave Record,5,11
100682,Live,PW,CO,SALARIES,Joseph Morales,No Grade,ASSISTANT STAFF OFFICER,HOUSING,CORPORATE SERVICES,No Sick Leave Record,No Sick Leave Record,No Sick Leave Record,6,100873,100188,No Sick Leave Record,100495,No Annual Leave Record,22,0,37,21,13,3,6
100672,Live,PW,CO,SALARIES,Eric Wood,6.5,SENIOR LIBRARIAN,"COMMUNITY, CULTURAL SERVICES & PARKS",INFRASTRUCTURE & CLIMATE CHANGE,No Sick Leave Record,0,0,9.5,101145,101078,No Sick Leave Record,100801,0,30,0,No Annual Leave Record,16.5,18,1,5
100407,Live,PW,CO,SALARIES,Thomas Perez,5,ASSISTANT STAFF OFFICER,HOUSING,PLANNING,0,0,5,No Sick Leave Record,101101,100894,0,100546,0,30,9,28.5,13,15,0,No Annual Leave Record
100772,Live,PW,CO,SALARIES,Jeffrey Evans,No Grade,DRIVER,"COMMUNITY, CULTURAL SERVICES & PARKS",INFRASTRUCTURE & CLIMATE CHANGE,No Sick Leave Record,0,No Sick Leave Record,No Sick Leave Record,101094,100545,No Sick Leave Record,100447,0,24,5,24,8,5,3,8.5
100615,Live,PW,CO,SALARIES,Jeffrey Smith,5,GENERAL OPERATIVE,FORWARD PLANNING INFRASTRUCTURE,INFRASTRUCTURE & CLIMATE CHANGE,No Sick Leave Record,No Sick Leave Record,3,0,100390,100257,No Sick Leave Record,101211,0,25,5,35,20,8.5,No Annual Leave Record,11
101143,Live,PW,CO,FORTNIGHTLY WAGES - DLR,Mark Ruiz,No Grade,WATER TRANSFER TRANSITION MANAGER - TEMP,INFRASTRUCTURE & CLIMATE CHANGE,COMMUNITY,No Sick Leave Record,72,No Sick Leave Record,No Sick Leave Record,101134,100652,No Sick Leave Record,100315,0,24,0,18,0,11,8,3
100445,Live,PW,CO,SALARIES,Thomas Morris,6,PARK RANGER 2001,HOUSING,PLANNING,No Sick Leave Record,No Sick Leave Record,0,No Sick Leave Record,100101,100927,0,101217,0,27,0,26.5,8.5,8.5,3,9
100574,Live,PW,CO,FORTNIGHTLY WAGES - DLR,Nathan Paul,3,ASSISTANT PLANNER,INFRASTRUCTURE & CLIMATE CHANGE,PARKS,No Sick Leave Record,No Sick Leave Record,0,0,100522,101069,No Sick Leave Record,101258,0,No Annual Leave Record,5,32,17,9,5,11
100190,Live,TP,CO,SALARIES,Lisa Johnson,3,CLERICAL OFFICER,HOUSING,FINANCE,0,No Sick Leave Record,No Sick Leave Record,No Sick Leave Record,100012,101207,No Sick Leave Record,100995,No Annual Leave Record,30,0,35,29,7,3,6
101254,Live,PW,CO,SALARIES,Lynn Buchanan,5,GENERAL OPERATIVE,"COMMUNITY, CULTURAL SERVICES & PARKS",COMMUNITY,No Sick Leave Record,No Sick Leave Record,No Sick Leave Record,14,100645,101208,No Sick Leave Record,100146,0,28,4,35,18.5,22,0,15
100272,Live,PW,CO,SALARIES,Joseph Smith,No Grade,DRIVER,INFRASTRUCTURE & CLIMATE CHANGE,FINANCE,No Sick Leave Record,No Sick Leave Record,0,No Sick Leave Record,100300,100625,0,101319,0,19,5,31.5,No Annual Leave Record,15,0,6
100248,Live,TW,CO,SALARIES,Miss April Jordan,5,SENIOR EXECUTIVE ENGINEER,PLANNING & ECONOMIC DEVELOPMENT,HOUSING,No Sick Leave Record,No Sick Leave Record,6,No Sick Leave Record,101139,101073,No Sick Leave Record,100222,0,30,No Annual Leave Record,32,23.5,17,3,12
100943,Live,PW,CO,SALARIES,Christopher Bailey,4,OPERATOR TRACTOR,FINANCE & WATER SERVICES,CULTURE,0,0,1,0,100554,101342,0,100380,0,21.5,12,33,25,No Annual Leave Record,0,13.5
100494,Live,PW,CO,SALARIES,Vanessa Cardenas,4,SENIOR PROGRAMMER,CORPORATE AFFAIRS,COMMUNITY,No Sick Leave Record,0,No Sick Leave Record,No Sick Leave Record,101192,101029,No Sick Leave Record,100730,No Annual Leave Record,24,5,23,17,12.5,3,9
101147,Live,PW,CO,FORTNIGHTLY WAGES - DLR,Miranda Guzman,5,ASSISTANT STAFF OFFICER,PLANNING & ECONOMIC DEVELOPMENT,HOUSING,0,No Sick Leave Record,0,No Sick Leave Record,100290,100982,No Sick Leave Record,101165,0,13.5,0,29,3,3.5,3,12
100483,Live,PW,CO,SALARIES,Jose Bowen,No Grade,SCHOOL WARDEN,PLANNING & ECONOMIC DEVELOPMENT,FINANCE,No Sick Leave Record,0,No Sick Leave Record,0,100889,101137,No Sick Leave Record,101045,0,29,0,24,10.5,16,10,0
100261,Live,PW,CO,SALARIES,Emily Joseph,No Grade,CLERICAL OFFICER,INFRASTRUCTURE & CLIMATE CHANGE,COMMUNITY,No Sick Leave Record,No Sick Leave Record,No Sick Leave Record,No Sick Leave Record,100843,100045,No Sick Leave Record,100902,0,24,5,34.5,4,16,0,20.5
100776,Live,PW,CO,SALARIES,William Baker,No Grade,STAFF OFFICER,INFRASTRUCTURE & CLIMATE CHANGE,INFRASTRUCTURE & CLIMATE CHANGE,0,No Sick Leave Record,No Sick Leave Record,0,100372,100972,No Sick Leave Record,101293,0,24,10,31.5,17.5,11,8,5
100877,Live,PW,CO,SALARIES,Jeffrey Jacobson,No Grade,CLERICAL OFFICER,PLANNING & ECONOMIC DEVELOPMENT,HOUSING,0,No Sick Leave Record,0,No Sick Leave Record,101221,101092,0,100065,No Annual Leave Record,30,1,35,13,6.5,No Annual Leave Record,14
100315,Live,PW,CO,SALARIES,William Thompson,7,LIBRARY ASSISTANT,"COMMUNITY, CULTURAL SERVICES & PARKS",INFRASTRUCTURE & CLIMATE CHANGE,No Sick Leave Record,No Sick Leave Record,22,0,100829,100474,0,100554,0,17.5,0,No Annual Leave Record,15,10,3,13
100661,Live,PW,CO,SALARIES,Stacey Santiago,6,STAFF OFFICER,"COMMUNITY, CULTURAL SERVICES & PARKS",CORPORATE SERVICES,No Sick Leave Record,5.53,No Sick Leave Record,0,100402,101049,No Sick Leave Record,100365,0,31,5,34.5,17,30,3,6
100516,Live,PW,CO,SALARIES,Amy Clark,5,ASSISTANT PARKS & LANDSCAPE OFFICER,PLANNING & ECONOMIC DEVELOPMENT,HOUSING,No Sick Leave Record,No Sick Leave Record,0,No Sick Leave Record,100963,101327,No Sick Leave Record,100257,0,27,2.5,29,13,No Annual Leave Record,3,20
100036,Live,PW,CO,SALARIES,Ryan Ross,5,GENERAL OPERATIVE,PLANNING & ECONOMIC DEVELOPMENT,CULTURE,0,No Sick Leave Record,No Sick Leave Record,No Sick Leave Record,100698,100577,No Sick Leave Record,100648,0,29,5,18,16,8,No Annual Leave Record,11
101176,Live,PW,CO,FORTNIGHTLY WAGES - DLR,Kathryn Castro,4,SENIOR EXECUTIVE TECHNICIAN,PLANNING & ECONOMIC DEVELOPMENT,CULTURE,0,No Sick Leave Record,No Sick Leave Record,9,100348,101230,No Sick Leave Record,100040,No Annual Leave Record,30,0,32.5,12,No Annual Leave Record,3,21.5
100973,Live,PW,CO,SALARIES,Thomas Barnes,3,INSPECTOR GENERAL ROADS,INFRASTRUCTURE & CLIMATE CHANGE,PLANNING,0,0,No Sick Leave Record,0,100345,100569,0,100778,0,29,0,13.5,26,15,0,5.5
101274,Live,PW,CO,SALARIES,Michael Montoya,4,EXECUTIVE SOLICITOR,HOUSING,HOUSING,0,0,0,No Sick Leave Record,100415,101267,No Sick Leave Record,100356,0,30,No Annual Leave Record,No Annual Leave Record,1,14,No Annual Leave Record,5.5
100636,Live,PW,CO,FORTNIGHTLY WAGES - DLR,Adam Bell,No Grade,ASSISTANT PLANNER,INFRASTRUCTURE & CLIMATE CHANGE,PARKS,0,0,0,No Sick Leave Record,100299,100942,0,100433,0,No Annual Leave Record,No Annual Leave Record,32,23,No Annual Leave Record,0,16
100825,Live,PW,CO,FORTNIGHTLY WAGES - DLR,Mary Thomas,5,CLERICAL OFFICER,"COMMUNITY, CULTURAL SERVICES & PARKS",CULTURE,0,32.49,No Sick Leave Record,No Sick Leave Record,100469,100145,0,100155,0,30,No Annual Leave Record,30,24.5,15.5,3,24
100502,Live,PW,CO,FORTNIGHTLY WAGES - DLR,Cameron Vincent,6,EXECUTIVE SCIENTIST,HOUSING,INFRASTRUCTURE & CLIMATE CHANGE,No Sick Leave Record,0,2,5,101338,101122,2,101018,0,30,0.5,25,15.5,No Annual Leave Record,No Annual Leave Record,9
100975,Live,PW,CO,FORTNIGHTLY WAGES - DLR,Jacqueline Avery,6,STAFF OFFICER,FINANCE & WATER SERVICES,INFRASTRUCTURE & CLIMATE CHANGE,No Sick Leave Record,No Sick Leave Record,No Sick Leave Record,No Sick Leave Record,101296,101303,No Sick Leave Record,100527,0,25.5,0,34.5,No Annual Leave Record,No Annual Leave Record,0,4
100423,Live,PW,CO,SALARIES,Sheila Sandoval,6,GIS SYSTEMS OFFICER,PLANNING & ECONOMIC DEVELOPMENT,INFRASTRUCTURE & CLIMATE CHANGE,0,0.19,No Sick Leave Record,7,101253,100862,No Sick Leave Record,100299,No Annual Leave Record,30,5,30,18,15,0,8
100844,Live,PW,CO,SALARIES,Lisa Jones,No Grade,EXECUTIVE PARKS SUPERINTENDENT,HOUSING,INFRASTRUCTURE & CLIMATE CHANGE,No Sick Leave Record,No Sick Leave Record,0,0,101182,101193,No Sick Leave Record,100843,No Annual Leave Record,24,0,33,14,11.5,8,20.5
101063,Live,PW,CO,SALARIES,Katherine Williams,No Grade,LIBRARIAN,HOUSING,COMMUNITY,No Sick Leave Record,No Sick Leave Record,No Sick Leave Record,0,100045,101040,No Sick Leave Record,100183,0,20.5,0,No Annual Leave Record,6,21.5,3,12.5
100929,Live,TP,CO,FORTNIGHTLY WAGES - DLR,Charles Adams,3,SENIOR STAFF OFFICER,"COMMUNITY, CULTURAL SERVICES & PARKS",INFRASTRUCTURE & CLIMATE CHANGE,0,1.1,0,No Sick Leave Record,100593,100690,No Sick Leave Record,100003,0,No Annual Leave Record,4,27,25,22,0,10.5
100566,Live,PW,CO,SALARIES,Michael Phillips,6,SENIOR STAFF OFFICER,FINANCE & WATER SERVICES,ARCHITECTS,0,No Sick Leave Record,26,7,100721,100291,No Sick Leave Record,100481,0,14,0,No Annual Leave Record,10.5,31,0,18
101241,Live,PW,CO,SALARIES,Jennifer Garcia,No Grade,I.S. TECHNICAL OFFICER,"COMMUNITY, CULTURAL SERVICES & PARKS",PARKS,No Sick Leave Record,1.57,No Sick Leave Record,No Sick Leave Record,101237,101216,1,100250,0,24.5,7.5,30,No Annual Leave Record,19,3,8
100179,Live,PW,CO,SALARIES,Cindy Cline,6,SENIOR EXECUTIVE PARKS SUPERINTENDENT,PLANNING & ECONOMIC DEVELOPMENT,CORPORATE SERVICES,No Sick Leave Record,No Sick Leave Record,No Sick Leave Record,0,100365,100131,No Sick Leave Record,100915,0,30,5,28.5,16,No Annual Leave Record,3,14.5
100202,Live,TW,CO,SALARIES,Kyle Beck,3,LIBRARY ASSISTANT,INFRASTRUCTURE & CLIMATE CHANGE,PARKS,No Sick Leave Record,No Sick Leave Record,No Sick Leave Record,No Sick Leave Record,100507,100766,No Sick Leave Record,100479,0,17.5,No Annual Leave Record,No Annual Leave Record,11.5,13,3,0.5
100972,Live,PW,CO,SALARIES,Taylor Jones,6,SENIOR STAFF OFFICER,FINANCE & WATER SERVICES,INFRASTRUCTURE & CLIMATE CHANGE,No Sick Leave Record,No Sick Leave Record,No Sick Leave Record,No Sick Leave Record,100656,101102,No Sick Leave Record,101259,0,27,0,25.5,18,16,3,12
100953,Live,PW,CO,FORTNIGHTLY WAGES - DLR,Richard Wood,4,FOREMAN TRADESMAN,FORWARD PLANNING INFRASTRUCTURE,PARKS,0,No Sick Leave Record,0,No Sick Leave Record,101207,101093,0,100085,No Annual Leave Record,29,5,42.5,20,0,3,10
101066,Dormant,PW,CO,SALARIES,Shelly Wright,3,BUILDING INSPECTOR/ CLERK OF WORKS,"COMMUNITY, CULTURAL SERVICES & PARKS",HOUSING,0,No Sick Leave Record,No Sick Leave Record,No Sick Leave Record,100840,100907,0,100312,No Annual Leave Record,22,5,30,13.5,14,14,6
100576,Live,PW,CO,SALARIES,Shelley Rodriguez,6,CLERICAL OFFICER,ARCHITECTS,IT,0,No Sick Leave Record,0,No Sick Leave Record,100617,100604,No Sick Leave Record,100104,0,24,7,11.5,15,12,17.5,13
101091,Live,PW,CO,SALARIES,Melissa Alvarado,6,ASSISTANT STAFF OFFICER,LAW,WATER SERVICES,0,No Sick Leave Record,No Sick Leave Record,No Sick Leave Record,100500,100078,0,100994,0,30,2.5,35,26,14,3,12
100119,Live,PW,CO,SALARIES,Tanner Andrade,7,INTERVIEW BOARD MEMBERS,HOUSING,PARKS,0,No Sick Leave Record,0,No Sick Leave Record,100201,101009,0,101087,0,23.5,3,27,15.5,13,7,8.5
100885,Live,PW,CO,SALARIES,Kimberly Martinez,8,LIBRARY ASSISTANT,CORPORATE AFFAIRS,PLANNING,0,0,18,No Sick Leave Record,101104,100728,0,101080,No Annual Leave Record,24,3.5,24,25.5,8.5,0,3
101305,Live,PW,CO,SALARIES,Michele Edwards,No Grade,CLERICAL OFFICER,INFRASTRUCTURE & CLIMATE CHANGE,HOUSING,No Sick Leave Record,1.06,No Sick Leave Record,0,101132,100326,No Sick Leave Record,100340,No Annual Leave Record,30,5,30,21,11.5,3,1
101057,Live,PW,CO,FORTNIGHTLY WAGES - DLR,Mrs. Taylor Hodges MD,5,EXECUTIVE ARCHITECT,INFRASTRUCTURE & CLIMATE CHANGE,PARKS,No Sick Leave Record,No Sick Leave Record,No Sick Leave Record,No Sick Leave Record,101194,101323,No Sick Leave Record,101358,0,16.5,0,34.5,15,No Annual Leave Record,14,15
100449,Live,PW,CO,SALARIES,Kim Lee,No Grade,GANGER PARKS,PLANNING & ECONOMIC DEVELOPMENT,PLANNING,0,1,0,No Sick Leave Record,100193,101118,0,101160,0,18,5,29,15,15.5,7,9.5
100520,Live,PW,CO,SALARIES,Erika Ferguson DVM,No Grade,GRADUATE PLANNER,HOUSING,CHERRYWOOD,0,No Sick Leave Record,No Sick Leave Record,0,101281,100272,No Sick Leave Record,100439,0,30,0,34.5,24.5,25,9,2
100078,Live,PW,CO,SALARIES,Michelle Porter,No Grade,INSPECTOR BUILDING MAINTENANCE,FORWARD PLANNING INFRASTRUCTURE,INFRASTRUCTURE & CLIMATE CHANGE,No Sick Leave Record,No Sick Leave Record,No Sick Leave Record,0,101291,100638,4,100701,No Annual Leave Record,29,5,28,13,13,2,27
100631,Live,PW,CO,SALARIES,Alex Dickerson,No Grade,EXECUTIVE ENGINEER,INFRASTRUCTURE & CLIMATE CHANGE,HOUSING,0,0,No Sick Leave Record,No Sick Leave Record,100171,100004,0,100552,0,25,4,No Annual Leave Record,21,20,3,27
101003,Live,TW,CO,SALARIES,Douglas Mitchell,5,SPORTS CO-ORDINATOR TEMP,"COMMUNITY, CULTURAL SERVICES & PARKS",FINANCE,0,No Sick Leave Record,No Sick Leave Record,No Sick Leave Record,100634,100013,No Sick Leave Record,100823,0,30,-0.5,35,No Annual Leave Record,17.5,No Annual Leave Record,11
101049,Live,PW,CO,SALARIES,Kristopher Fields,5,WHEELED BIN SERV MAN,HOUSING,HOUSING,No Sick Leave Record,0,0,0,100592,100149,No Sick Leave Record,100125,No Annual Leave Record,No Annual Leave Record,3,27,16.5,15,0,5
100911,Live,PW,CO,SALARIES,Antonio Morrison,5,EXECUTIVE ENGINEER,"COMMUNITY, CULTURAL SERVICES & PARKS",INFRASTRUCTURE & CLIMATE CHANGE,No Sick Leave Record,No Sick Leave Record,0,No Sick Leave Record,100474,100158,No Sick Leave Record,101132,0,28.5,5,22,12.5,2.5,2.5,10.5
101232,Live,PW,CO,FORTNIGHTLY WAGES - DLR,Kimberly Curry,5,SCHOOL WARDEN,"COMMUNITY, CULTURAL SERVICES & PARKS",INFRASTRUCTURE & CLIMATE CHANGE,No Sick Leave Record,No Sick Leave Record,2,No Sick Leave Record,100844,100500,No Sick Leave Record,100661,0,29,No Annual Leave Record,33,21,10,3,20
100490,Live,PW,CO,FORTNIGHTLY WAGES - DLR,Debbie Reynolds DDS,6,I.S. TECHNICAL OFFICER,"COMMUNITY, CULTURAL SERVICES & PARKS",PARKS,0,0,0,No Sick Leave Record,100942,100105,0,100820,0,30,5,24,No Annual Leave Record,No Annual Leave Record,0,12.5
101150,Live,PW,CO,SALARIES,Marc Rosales,3,ASSISTANT STAFF OFFICER,INFRASTRUCTURE & CLIMATE CHANGE,IT,0,0.22,0,No Sick Leave Record,100233,101050,No Sick Leave Record,100591,0,24,0,33,17.5,4,3,5.5
100448,Live,TW,CO,SALARIES,Sandra Mcclure,3,STAFF OFFICER,CORPORATE AFFAIRS,INFRASTRUCTURE & CLIMATE CHANGE,0,49,No Sick Leave Record,No Sick Leave Record,100104,100948,No Sick Leave Record,100662,0,30,0,27,15.5,19.5,0,8
100004,Live,PW,CO,SALARIES,Lauren Phelps,No Grade,WHEELED BIN SERV MAN,FORWARD PLANNING INFRASTRUCTURE,INFRASTRUCTURE & CLIMATE CHANGE,0,0,0,1,100778,100622,No Sick Leave Record,100896,0,30,0,33.5,No Annual Leave Record,5,6,No Annual Leave Record
100765,Live,PW,CO,SALARIES,Patricia Adams,6,GENERAL OPERATIVE,PLANNING & ECONOMIC DEVELOPMENT,PLANNING,No Sick Leave Record,0.09,0,No Sick Leave Record,100910,100071,No Sick Leave Record,100387,0,No Annual Leave Record,1,19.5,13.5,No Annual Leave Record,No Annual Leave Record,10
101282,Live,PW,CO,SALARIES,Richard Cook,4,SCHOOL WARDEN,"COMMUNITY, CULTURAL SERVICES & PARKS",PARKS,No Sick Leave Record,No Sick Leave Record,No Sick Leave Record,No Sick Leave Record,101314,100279,No Sick Leave Record,100099,0,29,0,33,20,13,4,9
101354,Live,PW,CO,SALARIES,Aaron Spencer,No Grade,SCHOOL WARDEN,INFRASTRUCTURE & CLIMATE CHANGE,INFRASTRUCTURE & CLIMATE CHANGE,No Sick Leave Record,No Sick Leave Record,2,24,100246,100138,No Sick Leave Record,100301,0,27,No Annual Leave Record,29,26,25,13,7
100888,Live,PW,CO,SALARIES,Melanie Fuller,3,ASSISTANT STAFF OFFICER,PLANNING & ECONOMIC DEVELOPMENT,PLANNING,0,No Sick Leave Record,5.5,0,101029,100106,No Sick Leave Record,100415,0,24,5,37,12,25,0,16.5
100932,Live,PW,CO,SALARIES,Jamie Young,4,ASSISTANT STAFF OFFICER,"COMMUNITY, CULTURAL SERVICES & PARKS",CULTURE,0,No Sick Leave Record,No Sick Leave Record,0,100422,100368,No Sick Leave Record,100568,0,30,4,21,No Annual Leave Record,14.5,0,11.5
100645,Live,PW,CO,SALARIES,Miss Katherine Johnson,7,STAFF OFFICER,INFRASTRUCTURE & CLIMATE CHANGE,INFRASTRUCTURE & CLIMATE CHANGE,No Sick Leave Record,1,No Sick Leave Record,No Sick Leave Record,100497,100619,0,100024,No Annual Leave Record,30,5,25.5,22,6,3,9
100910,Live,PW,CO,SALARIES,Deanna Grant,3,GANGER PARKS,CORPORATE AFFAIRS,CORPORATE SERVICES,No Sick Leave Record,0,0,No Sick Leave Record,101073,101244,2,100423,0,24,5,30,No Annual Leave Record,4.5,3,14
100766,Live,PW,CO,FORTNIGHTLY WAGES - DLR,James Nelson,3,ADMINISTRATIVE OFFICER,INFRASTRUCTURE & CLIMATE CHANGE,COMMUNITY,No Sick Leave Record,No Sick Leave Record,21,0,100764,100570,2,100320,0,30,4,30,15,8,3,7.5
100963,Live,PW,CO,SALARIES,Jose Campbell,7,GENERAL OPERATIVE SHIFT,"COMMUNITY, CULTURAL SERVICES & PARKS",PLANNING,No Sick Leave Record,No Sick Leave Record,No Sick Leave Record,0,100502,100392,No Sick Leave Record,100763,No Annual Leave Record,24.5,0,26,24,10,3,No Annual Leave Record
100955,Live,PW,CO,SALARIES,Anna Howell,5,CLERICAL OFFICER,INFRASTRUCTURE & CLIMATE CHANGE,INFRASTRUCTURE & CLIMATE CHANGE,No Sick Leave Record,0.21,No Sick Leave Record,0,101328,100464,No Sick Leave Record,100980,0,24,1.5,29,No Annual Leave Record,10,0,11
100028,Live,PW,CO,SALARIES,Erika Schroeder,3,CLERICAL OFFICER,FINANCE & WATER SERVICES,ARCHITECTS,No Sick Leave Record,0,0,No Sick Leave Record,100952,100892,0,100230,0,30,1,32,19,7,No Annual Leave Record,11
100809,Live,PW,CO,FORTNIGHTLY WAGES - DLR,Caitlin Nash,5,GRADUATE ENGINEER,PLANNING & ECONOMIC DEVELOPMENT,INFRASTRUCTURE & CLIMATE CHANGE,0,No Sick Leave Record,No Sick Leave Record,No Sick Leave Record,100147,100526,0,101221,0,30,5,30,20,18.5,5.5,0
100547,Live,PW,CO,SALARIES,Joshua Hogan,6,ASSISTANT STAFF OFFICER,"COMMUNITY, CULTURAL SERVICES & PARKS",PLANNING,No Sick Leave Record,2,No Sick Leave Record,0,101043,100951,No Sick Leave Record,100330,0,29,1.5,31,4,0,No Annual Leave Record,11
101193,Live,PW,CO,SALARIES,John Bartlett,No Grade,LIBRARIAN,FINANCE & WATER SERVICES,ENTERPRISE,0,4.06,No Sick Leave Record,0,100327,101225,2,100101,0,30,3,29,20.5,8,0,4.5
100669,Live,PW,CO,FORTNIGHTLY WAGES - DLR,Gary Smith,4,SENIOR EXECUTIVE SOLICITOR,CORPORATE AFFAIRS,PLANNING,No Sick Leave Record,0,No Sick Leave Record,5,100979,100588,No Sick Leave Record,100898,0,30,4.5,29,0,No Annual Leave Record,8,4.5
100303,Live,PW,CO,SALARIES,Ashley Turner,3,FOREMAN GARDENER,"COMMUNITY, CULTURAL SERVICES & PARKS",HOUSING,0,4,0,0,100675,100983,No Sick Leave Record,101180,0,30,5,30,20.5,15,No Annual Leave Record,3
101291,Live,PW,CO,SALARIES,Sydney Ayers,No Grade,CLERICAL OFFICER,INFRASTRUCTURE & CLIMATE CHANGE,ARCHITECTS,0,No Sick Leave Record,0,No Sick Leave Record,100073,100438,No Sick Leave Record,100480,No Annual Leave Record,23.5,4,29,16,21,9,11
100405,Live,PW,CO,SALARIES,Annette Carey,No Grade,ASSISTANT STAFF OFFICER,FORWARD PLANNING INFRASTRUCTURE,INFRASTRUCTURE & CLIMATE CHANGE,No Sick Leave Record,No Sick Leave Record,No Sick Leave Record,0,101198,100918,0,101199,0,29,5,32,5,11.5,3,9
100734,Live,PW,CO,SALARIES,Walter Lam,No Grade,GENERAL OPERATIVE,INFRASTRUCTURE & CLIMATE CHANGE,PARKS,No Sick Leave Record,No Sick Leave Record,69.5,No Sick Leave Record,100558,101008,No Sick Leave Record,100431,0,30,5,24,17.5,No Annual Leave Record,5,5
100880,Live,PW,CO,SALARIES,Carrie Davis,5,STAFF OFFICER,PLANNING & ECONOMIC DEVELOPMENT,CULTURE,No Sick Leave Record,5.02,No Sick Leave Record,No Sick Leave Record,100859,100207,0,100894,0,24,5,27,24,10,8,13
100442,Live,PW,CO,SALARIES,Kevin Webb,3,DRIVER,PLANNING & ECONOMIC DEVELOPMENT,INFRASTRUCTURE & CLIMATE CHANGE,No Sick Leave Record,No Sick Leave Record,No Sick Leave Record,0,100576,100181,0,100337,0,23,1,35,0,17,3,23
100754,Live,PW,CO,SALARIES,Meredith Hendrix,5,SYSTEMS ANALYST,INFRASTRUCTURE & CLIMATE CHANGE,HOUSING,0,0,0,No Sick Leave Record,100751,100380,No Sick Leave Record,101281,0,24,5,24.5,20.5,23,8.5,17
100034,Live,PW,CO,FORTNIGHTLY WAGES - DLR,Brent Miller,7,RESIDENT ENGINEER TEMPORARY,PLANNING & ECONOMIC DEVELOPMENT,HUMAN RESOURCES,No Sick Leave Record,No Sick Leave Record,No Sick Leave Record,No Sick Leave Record,101263,100256,1,101164,0,30,0,29,No Annual Leave Record,8,No Annual Leave Record,14
101158,Live,PW,CO,SALARIES,Casey Bailey,No Grade,ASSISTANT STAFF OFFICER,INFRASTRUCTURE & CLIMATE CHANGE,FINANCE,0,1,No Sick Leave Record,13,100806,101024,No Sick Leave Record,100133,0,11.5,0,28,16,No Annual Leave Record,0,6
101311,Live,PW,CO,FORTNIGHTLY WAGES - DLR,Joshua Villanueva,No Grade,SENIOR STAFF OFFICER,INFRASTRUCTURE & CLIMATE CHANGE,INFRASTRUCTURE & CLIMATE CHANGE,0,No Sick Leave Record,No Sick Leave Record,0,100274,101239,0,100334,0,27,0,20.5,18,9,0,7
100226,Live,PW,CO,SALARIES,Patrick Gordon,5,CLERICAL OFFICER,PLANNING & ECONOMIC DEVELOPMENT,INFRASTRUCTURE & CLIMATE CHANGE,0,No Sick Leave Record,No Sick Leave Record,No Sick Leave Record,101271,100946,No Sick Leave Record,101028,0,30,0,22.5,19,No Annual Leave Record,4,7
100951,Live,PW,CO,FORTNIGHTLY WAGES - DLR,Mathew Smith,9,SENIOR STAFF OFFICER,INFRASTRUCTURE & CLIMATE CHANGE,PARKS,No Sick Leave Record,No Sick Leave Record,No Sick Leave Record,0,100236,100034,No Sick Leave Record,100108,0,27,2,29,18,3.5,3,6
100085,Live,PW,CO,FORTNIGHTLY WAGES - DLR,Derek Baker,No Grade,EXECUTIVE ARCHITECT,INFRASTRUCTURE & CLIMATE CHANGE,PARKS,0,0,No Sick Leave Record,0,100357,100202,No Sick Leave Record,100050,0,24,4,No Annual Leave Record,18.5,23.5,3,13
100134,Live,PW,CO,SALARIES,Jonathan Carter,No Grade,SCHOOL WARDEN,FINANCE & WATER SERVICES,INFRASTRUCTURE & CLIMATE CHANGE,No Sick Leave Record,0,0,0,100981,101226,1,100265,0,28.5,0.5,28.5,12,No Annual Leave Record,0,No Annual Leave Record
100613,Live,PW,CO,SALARIES,Jacob Murphy,No Grade,WHEELED BIN SERV MAN,"COMMUNITY, CULTURAL SERVICES & PARKS",INFRASTRUCTURE & CLIMATE CHANGE,0,No Sick Leave Record,0,No Sick Leave Record,100563,100708,No Sick Leave Record,100678,0,30,0,No Annual Leave Record,26,10,9,11
100620,Live,PW,CO,FORTNIGHTLY WAGES - DLR,James Perez,4,DIRECTOR OF SERVICE,"COMMUNITY, CULTURAL SERVICES & PARKS",INFRASTRUCTURE & CLIMATE CHANGE,No Sick Leave Record,144.56,1,No Sick Leave Record,101052,100984,0,100243,No Annual Leave Record,30,3.5,33.5,9.5,13.5,7,6
100914,Live,PW,CO,SALARIES,Shannon Ware,8,RATE COLLECTOR RATHDOWN,PLANNING & ECONOMIC DEVELOPMENT,CULTURE,0,No Sick Leave Record,No Sick Leave Record,No Sick Leave Record,100498,100899,No Sick Leave Record,101276,0,29,2,26,17.5,19,No Annual Leave Record,9.5
100916,Live,PW,CO,SALARIES,Nancy Sullivan,5,ASSISTANT STAFF OFFICER,PLANNING & ECONOMIC DEVELOPMENT,PARKS,0,0,0,0,101040,101155,No Sick Leave Record,101064,0,30,1,31,26.5,10,6,5
101007,Live,PW,CO,FORTNIGHTLY WAGES - DLR,Margaret Morgan,7,SCHOOL WARDEN,HOUSING,COMMUNITY,No Sick Leave Record,No Sick Leave Record,No Sick Leave Record,No Sick Leave Record,101012,100117,0,100811,0,30,1,34.5,7,8,4,13
101218,Live,PW,CO,SALARIES,Katherine Middleton,7,GRADUATE ENGINEER,FINANCE & WATER SERVICES,PARKS,0,6,0,No Sick Leave Record,100473,101196,No Sick Leave Record,101232,0,19.5,2.5,30,15,18.5,3,8
100353,Live,PW,CO,SALARIES,Richard Morris,No Grade,EXECUTIVE PARKS & LANDSCAPE OFFICER,ARCHITECTS,HOUSING,No Sick Leave Record,No Sick Leave Record,No Sick Leave Record,4,100638,101210,No Sick Leave Record,100692,0,30.5,0,29,25.5,19.5,9,20
101333,Live,PW,CO,FORTNIGHTLY WAGES - DLR,Andrew Oliver,No Grade,GENERAL OPERATIVE,"COMMUNITY, CULTURAL SERVICES & PARKS",CORPORATE SERVICES,No Sick Leave Record,7.01,0,No Sick Leave Record,100256,101030,No Sick Leave Record,100640,0,24,0,30,24,16,3,No Annual Leave Record
100223,Live,PW,CO,,Jeffrey Robinson,5,CLERICAL OFFICER,INFRASTRUCTURE & CLIMATE CHANGE,ENTERPRISE,0,2,0,No Sick Leave Record,100728,100174,No Sick Leave Record,100749,0,24,0,35,20.5,9,3,9.5
101132,Live,PW,CO,SALARIES,Corey Jones,5,ADMINISTRATIVE OFFICER,"COMMUNITY, CULTURAL SERVICES & PARKS",INFRASTRUCTURE & CLIMATE CHANGE,No Sick Leave Record,No Sick Leave Record,No Sick Leave Record,0,101334,100668,No Sick Leave Record,101349,0,30,1,24,11.5,3,3,0
100148,Live,TW,CO,SALARIES,Gregory Allen,No Grade,CLERICAL OFFICER,CORPORATE AFFAIRS,INFRASTRUCTURE & CLIMATE CHANGE,No Sick Leave Record,No Sick Leave Record,0,No Sick Leave Record,101136,101218,No Sick Leave Record,100556,0,30,0,33.5,11.5,14,0,30
101285,Live,PW,CO,SALARIES,Tiffany Nelson,3,GRADUATE PARKS & LANDSCAPE OFFICER,HOUSING,INFRASTRUCTURE & CLIMATE CHANGE,0,No Sick Leave Record,No Sick Leave Record,0,101255,100462,0,100143,0,17.5,1,No Annual Leave Record,No Annual Leave Record,29,8,3.5
101069,Live,PW,CO,SALARIES,Marisa Wilkinson,No Grade,GENERAL OPERATIVE,FORWARD PLANNING INFRASTRUCTURE,FINANCE,0,No Sick Leave Record,No Sick Leave Record,No Sick Leave Record,100850,101033,No Sick Leave Record,100849,No Annual Leave Record,30,0,12,24,14,3,9
100624,Live,TW,CO,SALARIES,Chad Rivera,No Grade,ASSISTANT ARTS OFFICER,CORPORATE AFFAIRS,CORPORATE SERVICES,0,No Sick Leave Record,No Sick Leave Record,No Sick Leave Record,100458,100334,No Sick Leave Record,100036,0,27,5,25,22,9.5,5,11
100101,Live,PW,CO,SALARIES,Paul Flores,7,ASST ENVIRONMENTAL AWARENESS OFFICER,"COMMUNITY, CULTURAL SERVICES & PARKS",WATER SERVICES,No Sick Leave Record,0,No Sick Leave Record,No Sick Leave Record,100442,100184,No Sick Leave Record,100884,0,30,5,24,17,3,0,No Annual Leave Record
100460,Live,PW,CO,SALARIES,Michael Sandoval,4,STAFF OFFICER,HOUSING,INFRASTRUCTURE & CLIMATE CHANGE,No Sick Leave Record,No Sick Leave Record,No Sick Leave Record,No Sick Leave Record,100686,100306,No Sick Leave Record,101022,0,9,5,33,22,No Annual Leave Record,9,14.5
100042,Live,TP,CO,FORTNIGHTLY WAGES - DLR,Corey Bell,No Grade,DRIVER SHIFT HARBOUR,"COMMUNITY, CULTURAL SERVICES & PARKS",INFRASTRUCTURE & CLIMATE CHANGE,0,No Sick Leave Record,No Sick Leave Record,No Sick Leave Record,100986,100666,No Sick Leave Record,101136,0,9,7.5,16.5,9,10,3,14
100783,Live,TP,CO,SALARIES,Mason Harris,4,SENIOR STAFF OFFICER,INFRASTRUCTURE & CLIMATE CHANGE,HOUSING,No Sick Leave Record,No Sick Leave Record,0,0,100195,101178,No Sick Leave Record,100444,0,30,2.5,30,0,12,3.5,8
101289,Live,PW,CO,FORTNIGHTLY WAGES - DLR,Susan Marshall,3,STAFF OFFICER,HOUSING,PARKS,0,1,No Sick Leave Record,3,101017,100486,No Sick Leave Record,100331,0,30,0,26.5,27,9.5,3,4.5
101161,Live,PW,CO,SALARIES,Matthew Bean,No Grade,LIBRARY ASSISTANT,INFRASTRUCTURE & CLIMATE CHANGE,PLANNING,No Sick Leave Record,No Sick Leave Record,0,No Sick Leave Record,100706,101366,No Sick Leave Record,100746,0,35,0,16,12,0,No Annual Leave Record,4.5
100013,Live,PW,CO,SALARIES,Ryan Robbins,8,CLERICAL OFFICER,ARCHITECTS,PLANNING,No Sick Leave Record,No Sick Leave Record,No Sick Leave Record,0,100972,100926,No Sick Leave Record,100506,0,30,2.5,31.5,9,11,0,21
101131,Live,PW,CO,FORTNIGHTLY WAGES - DLR,John Contreras,3,SENIOR EXECUTIVE ENGINEER,INFRASTRUCTURE & CLIMATE CHANGE,FINANCE,No Sick Leave Record,0,4,5,100758,100358,No Sick Leave Record,101007,0,24,2.5,24,9,24,0,13
100339,Live,PW,CO,SALARIES,Tammy Garcia,6,DRIVER,INFRASTRUCTURE & CLIMATE CHANGE,HOUSING,No Sick Leave Record,3,0,No Sick Leave Record,100216,100628,No Sick Leave Record,100235,0,27,No Annual Leave Record,33,14,23,0,14.5
101032,Live,PW,CO,FORTNIGHTLY WAGES - DLR,Andrew Miller,3,WAM GRADUATE,CORPORATE AFFAIRS,HARBOUR,No Sick Leave Record,No Sick Leave Record,1,11,100426,101292,No Sick Leave Record,100032,0,30,0,35,10.5,3,5,9
100174,Live,PW,CO,SALARIES,Sara White,3,SCHOOL WARDEN,CORPORATE AFFAIRS,LAW,No Sick Leave Record,0,No Sick Leave Record,No Sick Leave Record,100699,100242,No Sick Leave Record,100372,No Annual Leave Record,20,5,13,21.5,10,12,9.5
100587,Live,TW,CO,FORTNIGHTLY WAGES - DLR,Martin Simpson,3,CLERICAL OFFICER,"COMMUNITY, CULTURAL SERVICES & PARKS",HARBOUR,No Sick Leave Record,No Sick Leave Record,0,No Sick Leave Record,100360,100873,No Sick Leave Record,100652,0,30,No Annual Leave Record,31.5,13.5,No Annual Leave Record,3,No Annual Leave Record
100251,Live,PW,CO,SALARIES,Katherine Perez,5,STAFF OFFICER,"COMMUNITY, CULTURAL SERVICES & PARKS",HOUSING,0,0,No Sick Leave Record,No Sick Leave Record,101283,100098,0,101027,0,30,1,29,13,9,18.5,26
101310,Live,PW,CO,FORTNIGHTLY WAGES - DLR,Rodney Smith,6,ADMINISTRATIVE OFFICER,FINANCE & WATER SERVICES,CULTURE,No Sick Leave Record,0,No Sick Leave Record,No Sick Leave Record,100022,100473,0,101106,0,30,4.5,22,15,7,No Annual Leave Record,4.5
100922,Live,PW,CO,FORTNIGHTLY WAGES - DLR,Alan Madden,4,CLERICAL OFFICER,"COMMUNITY, CULTURAL SERVICES & PARKS",HARBOUR,0,No Sick Leave Record,No Sick Leave Record,0,100938,100125,0,101201,0,30,2,29,13,11,4,6
100472,Live,PW,CO,FORTNIGHTLY WAGES - DLR,Bryan Barber,6,GENERAL OPERATIVE,INFRASTRUCTURE & CLIMATE CHANGE,INFRASTRUCTURE & CLIMATE CHANGE,0,No Sick Leave Record,No Sick Leave Record,6,100740,100605,3,100164,No Annual Leave Record,No Annual Leave Record,1,35,18,9,0,8.5
100302,Live,PW,CO,SALARIES,Miguel Wyatt,3,BIODIVERSITY OFFICER,"COMMUNITY, CULTURAL SERVICES & PARKS",PARKS,No Sick Leave Record,No Sick Leave Record,0,No Sick Leave Record,101261,100751,No Sick Leave Record,101039,0,30,5,35,20,13.5,4,No Annual Leave Record
100812,Live,PW,CO,,Linda Williams,6,GRADUATE ENGINEER,FORWARD PLANNING INFRASTRUCTURE,INFRASTRUCTURE & CLIMATE CHANGE,No Sick Leave Record,0.03,0,No Sick Leave Record,100244,100191,No Sick Leave Record,100959,0,29,4.5,30,No Annual Leave Record,7.5,7,0.5
100110,Live,PW,CO,SALARIES,Misty Bailey,4,STAFF OFFICER,CORPORATE AFFAIRS,HOUSING,No Sick Leave Record,No Sick Leave Record,No Sick Leave Record,0,101268,100265,No Sick Leave Record,100298,0,30,No Annual Leave Record,28,7,14,3,11
100828,Live,PW,CO,FORTNIGHTLY WAGES - DLR,Sergio Brown,4,DIRECTOR OF FINANCE & RISK MANAGEMENT,INFRASTRUCTURE & CLIMATE CHANGE,CHERRYWOOD,0,0,3,No Sick Leave Record,100441,101130,0,100685,0,30,5,35,18,No Annual Leave Record,9,11
100777,Live,PW,CO,SALARIES,Sandra Bennett,No Grade,EXECUTIVE ENGINEER,FINANCE & WATER SERVICES,PLANNING,No Sick Leave Record,No Sick Leave Record,0,No Sick Leave Record,100505,100186,No Sick Leave Record,101073,0,9.5,5,34,27,1,3,5
100558,Live,PW,CO,SALARIES,Kristie Hernandez,No Grade,SCHOOL WARDEN,PLANNING & ECONOMIC DEVELOPMENT,INFRASTRUCTURE & CLIMATE CHANGE,0,4.57,No Sick Leave Record,0,100935,100703,No Sick Leave Record,100637,0,30,4,12.5,28,9,3,8.5
100522,Live,PW,CO,SALARIES,Christina Ortiz,6,SENIOR STAFF OFFICER,INFRASTRUCTURE & CLIMATE CHANGE,COMMUNITY,No Sick Leave Record,0,0,No Sick Leave Record,101180,100904,No Sick Leave Record,101306,0,30,0,32,21.5,3,3,0
100950,Live,PW,CO,FORTNIGHTLY WAGES - DLR,Ryan Sutton,8,COMMUNITY WORKER,HOUSING,PLANNING,0,2.13,No Sick Leave Record,No Sick Leave Record,100250,100631,0,101054,0,30,0,32.5,No Annual Leave Record,15,3,5.5
100467,Live,PW,CO,SALARIES,Jasmine Banks,7,GANGER,HOUSING,PLANNING,No Sick Leave Record,No Sick Leave Record,No Sick Leave Record,0,101266,100754,No Sick Leave Record,100281,0,32,0,32.5,0,13.5,3,11
100403,Live,PW,CO,FORTNIGHTLY WAGES - DLR,Christopher Estrada,5,ASSISTANT STAFF OFFICER,HOUSING,PLANNING,No Sick Leave Record,No Sick Leave Record,No Sick Leave Record,No Sick Leave Record,100486,101057,0,101320,0,30,No Annual Leave Record,36,9,12.5,0,7
100171,Live,PW,CO,SALARIES,Ruben Ruiz,7,DRIVER ROAD SWEEPER,HOUSING,HOUSING,0,No Sick Leave Record,13,No Sick Leave Record,100771,100792,0,100407,0,14.5,4,24.5,No Annual Leave Record,16,6,5
101080,Live,PW,CO,FORTNIGHTLY WAGES - DLR,Kayla Richard,7,SENIOR STAFF OFFICER,INFRASTRUCTURE & CLIMATE CHANGE,PARKS,No Sick Leave Record,No Sick Leave Record,No Sick Leave Record,No Sick Leave Record,100665,100797,0,100131,0,24,0,17.5,No Annual Leave Record,No Annual Leave Record,9,14
101363,Live,PW,CO,SALARIES,Tanya Irwin,7,EXECUTIVE PARKS SUPERINTENDENT,FINANCE & WATER SERVICES,INFRASTRUCTURE & CLIMATE CHANGE,No Sick Leave Record,0,No Sick Leave Record,0,100030,100178,0,100523,0,27,0,27,9,12,3,15
100269,Live,PW,CO,SALARIES,Jamie Adams,3,SCHOOL WARDEN,INFRASTRUCTURE & CLIMATE CHANGE,HOUSING,No Sick Leave Record,No Sick Leave Record,No Sick Leave Record,0,101124,100998,No Sick Leave Record,100988,0,30,5,35,No Annual Leave Record,24,3,No Annual Leave Record
100330,Live,TP,CO,FORTNIGHTLY WAGES - DLR,Brad Estrada,5,OPERATOR TRACTOR,PLANNING & ECONOMIC DEVELOPMENT,FINANCE,No Sick Leave Record,0,25,21,100630,100991,No Sick Leave Record,100389,0,24,1,28.5,19,20,No Annual Leave Record,1.5
101187,Live,PW,CO,,Clinton Perry,7,STAFF OFFICER,PLANNING & ECONOMIC DEVELOPMENT,HOUSING,0,No Sick Leave Record,0,0,100286,101354,0,101256,0,30,5,31,25.5,No Annual Leave Record,3,1
101286,Live,PW,CO,FORTNIGHTLY WAGES - DLR,Mario Cline,6,SENIOR LIBRARY ASSISTANT,INFRASTRUCTURE & CLIMATE CHANGE,HOUSING,No Sick Leave Record,No Sick Leave Record,3,14,100336,101123,0,100677,0,No Annual Leave Record,5,28.5,0,20.5,3,5
100338,Live,PW,CO,FORTNIGHTLY WAGES - DLR,Anthony Evans,3,SENIOR LIBRARIAN,INFRASTRUCTURE & CLIMATE CHANGE,INFRASTRUCTURE & CLIMATE CHANGE,No Sick Leave Record,No Sick Leave Record,No Sick Leave Record,0,100920,101052,No Sick Leave Record,100157,0,27,6,35,No Annual Leave Record,11,3,8
100895,Live,PW,CO,SALARIES,Chad Hernandez,6,SENIOR ARCHITECT,PLANNING & ECONOMIC DEVELOPMENT,FINANCE,No Sick Leave Record,1,0,No Sick Leave Record,100295,100124,0,101002,0,27,2,28,23.5,10,0,No Annual Leave Record
100277,Live,PW,CO,FORTNIGHTLY WAGES - DLR,Jasmine Harris,9.99,LIBRARY ASSISTANT,"COMMUNITY, CULTURAL SERVICES & PARKS",PARKS,No Sick Leave Record,No Sick Leave Record,No Sick Leave Record,0,100856,100063,No Sick Leave Record,100859,0,29,0,15,15.5,9.5,27,No Annual Leave Record
101314,Live,PW,CO,FORTNIGHTLY WAGES - DLR,Margaret Richardson,No Grade,STAFF OFFICER,"COMMUNITY, CULTURAL SERVICES & PARKS",ARCHITECTS,0,No Sick Leave Record,0,0,101323,101099,No Sick Leave Record,100191,0,30,1,26.5,20,19,5,No Annual Leave Record
100808,Live,PW,CO,FORTNIGHTLY WAGES - DLR,John Grimes,6,CHARGEHAND GARDEN,INFRASTRUCTURE & CLIMATE CHANGE,PARKS,No Sick Leave Record,0,No Sick Leave Record,No Sick Leave Record,100383,100057,0,100872,0,30,3.5,24,17,11,3,7
100869,Live,PW,CO,SALARIES,Amanda Byrd,7,WATER SERVICES INSPECTOR,HOUSING,PARKS,0,No Sick Leave Record,0,No Sick Leave Record,100504,100544,No Sick Leave Record,100755,0,30,-4,35,6,10,0,15
101141,Live,PW,CO,SALARIES,Joshua Christian,No Grade,LIBRARIAN,PLANNING & ECONOMIC DEVELOPMENT,IT,0,No Sick Leave Record,4,No Sick Leave Record,100106,100575,0,100570,0,30,0,33,20,10,6,0
100649,Live,PW,CO,SALARIES,Patricia Mcguire,7,STAFF OFFICER,INFRASTRUCTURE & CLIMATE CHANGE,PLANNING,No Sick Leave Record,No Sick Leave Record,11,No Sick Leave Record,100200,100308,No Sick Leave Record,100654,0,24,0,27,14.5,12,No Annual Leave Record,15.5
101035,Live,PW,CO,SALARIES,Dr. Scott Hanson,No Grade,GENERAL OPERATIVE,CORPORATE AFFAIRS,INFRASTRUCTURE & CLIMATE CHANGE,No Sick Leave Record,0,0,No Sick Leave Record,100438,100382,No Sick Leave Record,101341,No Annual Leave Record,32,0,29,21,11.5,3,5.5
101222,Live,TW,CO,SALARIES,Matthew Fernandez,No Grade,GENERAL OPERATIVE,CORPORATE AFFAIRS,PARKS,No Sick Leave Record,No Sick Leave Record,No Sick Leave Record,No Sick Leave Record,101140,100847,0,100577,0,24,0,27.5,No Annual Leave Record,9,No Annual Leave Record,12
101121,Live,PW,CO,FORTNIGHTLY WAGES - DLR,Kevin Scott,6,SENIOR STAFF OFFICER,"COMMUNITY, CULTURAL SERVICES & PARKS",HUMAN RESOURCES,No Sick Leave Record,No Sick Leave Record,0,No Sick Leave Record,101004,100252,No Sick Leave Record,101103,0,28,5,29,14,12.5,3,17
100143,Live,PW,CO,SALARIES,Adam Banks,6,STAFF OFFICER,INFRASTRUCTURE & CLIMATE CHANGE,INFRASTRUCTURE & CLIMATE CHANGE,No Sick Leave Record,0,1,No Sick Leave Record,100501,101054,No Sick Leave Record,101309,No Annual Leave Record,30,5,26,15,15.5,5,14.5
100843,Live,PW,CO,FORTNIGHTLY WAGES - DLR,Cynthia Malone,No Grade,STAFF OFFICER,"COMMUNITY, CULTURAL SERVICES & PARKS",INFRASTRUCTURE & CLIMATE CHANGE,No Sick Leave Record,No Sick Leave Record,No Sick Leave Record,0,101022,100677,No Sick Leave Record,100921,0,No Annual Leave Record,No Annual Leave Record,35,14,14.5,3,16.5
100379,Live,PW,CO,FORTNIGHTLY WAGES - DLR,Frank Donovan,No Grade,COMMUNITY WORKER,INFRASTRUCTURE & CLIMATE CHANGE,INFRASTRUCTURE & CLIMATE CHANGE,No Sick Leave Record,No Sick Leave Record,No Sick Leave Record,No Sick Leave Record,100543,100962,No Sick Leave Record,100967,0,30,0,28.5,23,30,7,0
100840,Live,PW,CO,SALARIES,Lori Carlson,No Grade,CLERICAL OFFICER,FINANCE & WATER SERVICES,CULTURE,0,16.51,0,No Sick Leave Record,100449,100985,No Sick Leave Record,100594,0,No Annual Leave Record,No Annual Leave Record,32,No Annual Leave Record,5,1,5
100879,Live,PW,CO,SALARIES,Thomas Drake,No Grade,GENERAL OPERATIVE,INFRASTRUCTURE & CLIMATE CHANGE,IT,No Sick Leave Record,0,No Sick Leave Record,3,100302,100915,No Sick Leave Record,100521,0,30,0,34.5,25.5,13,6,6.5
100008,Live,PW,CO,FORTNIGHTLY WAGES - DLR,Casey Young,No Grade,SENIOR STAFF OFFICER,HOUSING,INFRASTRUCTURE & CLIMATE CHANGE,No Sick Leave Record,No Sick Leave Record,No Sick Leave Record,0,100163,100493,No Sick Leave Record,100354,0,30,0,28.5,6,14.5,2,No Annual Leave Record
100000,Live,PW,CO,SALARIES,Brittany Jensen,3,STAFF OFFICER,PLANNING & ECONOMIC DEVELOPMENT,INFRASTRUCTURE & CLIMATE CHANGE,0,0,No Sick Leave Record,0,100369,100059,No Sick Leave Record,100175,0,27,5,35,No Annual Leave Record,6,2,2.5
100954,Live,PW,CO,SALARIES,Rebecca Thomas,5,ASSISTANT STAFF OFFICER,CORPORATE AFFAIRS,PARKS,0,No Sick Leave Record,0,No Sick Leave Record,100051,100245,4,100244,0,No Annual Leave Record,0,30,9.5,8,8,13
101240,Live,PW,CO,FORTNIGHTLY WAGES - DLR,George Simpson,6,ASSISTANT STAFF OFFICER,HOUSING,COMMUNITY,No Sick Leave Record,0,No Sick Leave Record,No Sick Leave Record,100600,100323,No Sick Leave Record,100256,0,29.5,No Annual Leave Record,30,18,20,0,2
101302,Live,PW,CO,SALARIES,Alfred Wilson,5,STAFF OFFICER,INFRASTRUCTURE & CLIMATE CHANGE,WATER SERVICES,0,No Sick Leave Record,No Sick Leave Record,9,101285,100343,1,100752,0,30,3.5,27.5,20.5,12,No Annual Leave Record,12
100495,Live,PW,CO,FORTNIGHTLY WAGES - DLR,Adam Nelson,No Grade,DRIVER,CORPORATE AFFAIRS,HOUSING,0,0,No Sick Leave Record,No Sick Leave Record,100396,100466,0,100228,0,30,0,37,12,11.5,3,3.5
101144,Live,PW,CO,SALARIES,Faith Smith,3,SENIOR LIBRARIAN,FINANCE & WATER SERVICES,CULTURE,No Sick Leave Record,2,No Sick Leave Record,0,100410,100017,1,100893,0,23,0,35,21,18,3,1.5
101160,Live,TP,CO,SALARIES,Gary Peters,7,SENIOR LIBRARY ASSISTANT,FINANCE & WATER SERVICES,FINANCE,0,0,No Sick Leave Record,No Sick Leave Record,100746,101353,0,101234,0,24,4,30,25,20,0,No Annual Leave Record
100551,Live,PW,CO,FORTNIGHTLY WAGES - DLR,Janet Gonzales,7,ASSISTANT STAFF OFFICER,CORPORATE AFFAIRS,ARCHITECTS,No Sick Leave Record,No Sick Leave Record,No Sick Leave Record,0,100031,100743,0,101230,0,30,3.5,32,13,11.5,No Annual Leave Record,No Annual Leave Record
100266,Live,PW,CO,SALARIES,Michelle Rivera,4,SCHOOL WARDEN,FINANCE & WATER SERVICES,FINANCE,0,1,No Sick Leave Record,2,101002,101106,0,101061,0,29,0,No Annual Leave Record,25,12,4,6
101105,Live,PW,CO,SALARIES,Jack Ray,No Grade,CLERICAL OFFICER,INFRASTRUCTURE & CLIMATE CHANGE,CHERRYWOOD,No Sick Leave Record,0,No Sick Leave Record,No Sick Leave Record,101304,100406,0,100942,0,24,No Annual Leave Record,30,19.5,8,3,10
100249,Live,PW,CO,SALARIES,Michael Hahn,5,CLERICAL OFFICER,"COMMUNITY, CULTURAL SERVICES & PARKS",CORPORATE SERVICES,No Sick Leave Record,3,No Sick Leave Record,No Sick Leave Record,100957,101191,No Sick Leave Record,100754,0,32,4.5,30,5,13,6,15
100066,Live,PW,CO,SALARIES,Jane Good,3,SENIOR LIBRARY ASSISTANT,PLANNING & ECONOMIC DEVELOPMENT,IT,0,No Sick Leave Record,0,0,101349,100753,3,101175,0,29,5,35,18,11,3.5,15.5
101099,Live,PW,CO,SALARIES,Jenna Cain,3,SENIOR STAFF OFFICER,INFRASTRUCTURE & CLIMATE CHANGE,PARKS,0,No Sick Leave Record,0,0,100572,100153,0,101238,0,30,3,34,9,14,3,1.5
100387,Live,PW,CO,SALARIES,Michael Phelps,No Grade,GENERAL OPERATIVE,"COMMUNITY, CULTURAL SERVICES & PARKS",INFRASTRUCTURE & CLIMATE CHANGE,0,5.01,0,No Sick Leave Record,100713,100879,No Sick Leave Record,100258,0,28,No Annual Leave Record,No Annual Leave Record,15,27,22,10
100100,Live,PW,CO,FORTNIGHTLY WAGES - DLR,Amber Silva,6,COMMUNICATIONS SPECIALIST (VII),"COMMUNITY, CULTURAL SERVICES & PARKS",INFRASTRUCTURE & CLIMATE CHANGE,No Sick Leave Record,No Sick Leave Record,45,No Sick Leave Record,100841,100641,No Sick Leave Record,100327,0,24,0,34,21,1,8,5
100065,Live,PW,CO,SALARIES,Sherri Henderson,No Grade,DRIVER,LAW,CHERRYWOOD,No Sick Leave Record,13.02,No Sick Leave Record,0,100994,100213,0,100145,0,9,0,No Annual Leave Record,20,No Annual Leave Record,0,12
100026,Live,PW,CO,SALARIES,Elizabeth Boyer,4,LIFEGUARD,CORPORATE AFFAIRS,CULTURE,0,No Sick Leave Record,0,0,100858,100227,0,101303,No Annual Leave Record,No Annual Leave Record,4,31,15.5,8,3,9.5
100121,Live,PW,CO,SALARIES,Mr. Jason Alexander,4,PORTER HALL/ MSG,HOUSING,CULTURE,0,13,13.5,No Sick Leave Record,101293,101355,0,100718,0,No Annual Leave Record,1,35,15,12,3,8
100908,Live,PW,CO,SALARIES,Cody Adams,5,I.S. TECHNICAL OFFICER,HOUSING,CORPORATE SERVICES,No Sick Leave Record,0,No Sick Leave Record,0,101076,100593,No Sick Leave Record,101091,0,24,0,30,16.5,12,7,9.5
100144,Live,PW,CO,SALARIES,Trevor Ellis MD,3,ASSISTANT STAFF OFFICER,"COMMUNITY, CULTURAL SERVICES & PARKS",LAW,0,43.01,20,No Sick Leave Record,100027,100440,No Sick Leave Record,100318,0,29.5,5,37.5,20,15,3,5.5
100918,Live,PW,CO,SALARIES,Carol Edwards,5,GANGER,HOUSING,HOUSING,No Sick Leave Record,No Sick Leave Record,0,0,100826,100678,No Sick Leave Record,100912,0,27,5,9,17.5,No Annual Leave Record,No Annual Leave Record,1.5
100790,Live,PW,CO,SALARIES,Brent Newman,No Grade,ASSISTANT STAFF OFFICER,INFRASTRUCTURE & CLIMATE CHANGE,HOUSING,No Sick Leave Record,5,18,No Sick Leave Record,100293,100167,No Sick Leave Record,100296,0,24,5,30,20.5,13.5,4,8.5
101117,Live,PW,CO,SALARIES,Mario Campbell,No Grade,SENIOR EXECUTIVE ENGINEER,PLANNING & ECONOMIC DEVELOPMENT,INFRASTRUCTURE & CLIMATE CHANGE,No Sick Leave Record,15.71,0,0,101264,100048,No Sick Leave Record,100042,No Annual Leave Record,29,5,37,23,5.5,7,6.5
100569,Live,PW,CO,SALARIES,Andrew Gregory,7,OPERATOR TRACTOR,"COMMUNITY, CULTURAL SERVICES & PARKS",FINANCE,0,No Sick Leave Record,0,No Sick Leave Record,101188,100507,0,101321,0,30,0,36,No Annual Leave Record,16,10,5.5
100289,Live,PW,CO,FORTNIGHTLY WAGES - DLR,Aaron Myers,7,ASSISTANT STAFF OFFICER,PLANNING & ECONOMIC DEVELOPMENT,HUMAN RESOURCES,No Sick Leave Record,No Sick Leave Record,9,No Sick Leave Record,100113,100559,0,100887,0,30,4.5,34,14,14.5,No Annual Leave Record,5
100974,Live,TW,CO,SALARIES,Karen Gill,6,SENIOR ENTERPRISE DEVELOPMENT OFFICER,HOUSING,INFRASTRUCTURE & CLIMATE CHANGE,0,0.01,0,3,101141,100432,No Sick Leave Record,100941,0,30,No Annual Leave Record,29,23,21.5,4,No Annual Leave Record
100173,Live,PW,CO,SALARIES,James Solomon,6,SENIOR EXECUTIVE ENGINEER,"COMMUNITY, CULTURAL SERVICES & PARKS",INFRASTRUCTURE & CLIMATE CHANGE,0,No Sick Leave Record,4,No Sick Leave Record,100976,100561,No Sick Leave Record,100366,0,No Annual Leave Record,0,29,18,4,3,5.5
100332,Live,PW,CO,SALARIES,Brandon Wilson,7,FOREMAN WATER + DRAINAGE,FINANCE & WATER SERVICES,CULTURE,No Sick Leave Record,0,No Sick Leave Record,0,100056,101180,No Sick Leave Record,100503,No Annual Leave Record,26,No Annual Leave Record,33,No Annual Leave Record,10,3,0
100690,Live,PW,CO,SALARIES,Isabel Johnston,No Grade,EXECUTIVE PLANNER,HOUSING,FINANCE,No Sick Leave Record,No Sick Leave Record,No Sick Leave Record,No Sick Leave Record,100140,100806,No Sick Leave Record,100096,0,24,0,30,21.5,16.5,3,5.5
100610,Live,PW,CO,FORTNIGHTLY WAGES - DLR,Mr. Bob Welch,4,LIBRARY ASSISTANT,INFRASTRUCTURE & CLIMATE CHANGE,WATER SERVICES,No Sick Leave Record,No Sick Leave Record,No Sick Leave Record,3,100342,100428,0,100190,0,No Annual Leave Record,5,30,18.5,25,6,10
101101,Live,PW,CO,FORTNIGHTLY WAGES - DLR,Natasha Moran,6,EXECUTIVE ENGINEER,PLANNING & ECONOMIC DEVELOPMENT,HOUSING,No Sick Leave Record,No Sick Leave Record,No Sick Leave Record,No Sick Leave Record,100932,101309,No Sick Leave Record,100880,No Annual Leave Record,32,0,No Annual Leave Record,14,4,0,0.5
101364,Live,PW,CO,SALARIES,Lori Smith,No Grade,STAFF OFFICER,PLANNING & ECONOMIC DEVELOPMENT,IT,No Sick Leave Record,0.06,No Sick Leave Record,3.5,100985,100684,1,100590,0,30,4,31,19,19,3,8.5
101287,Live,PW,CO,SALARIES,Mrs. Lori Lee,3,CLEANER,HOUSING,INFRASTRUCTURE & CLIMATE CHANGE,0,0,0,7,101363,101331,No Sick Leave Record,101210,0,12,No Annual Leave Record,31,20,1,13,0
100146,Live,PW,CO,SALARIES,Mrs. Yolanda Oconnor,6,ASSISTANT STAFF OFFICER,FINANCE & WATER SERVICES,WATER SERVICES,0,0,No Sick Leave Record,0,100553,100086,0,101343,0,21,No Annual Leave Record,29,19,21,3,10
100014,Live,TP,CO,FORTNIGHTLY WAGES - DLR,Margaret Hardin,No Grade,SCHOOL WARDEN,INFRASTRUCTURE & CLIMATE CHANGE,HOUSING,No Sick Leave Record,No Sick Leave Record,4,No Sick Leave Record,100890,101280,No Sick Leave Record,100951,0,29,No Annual Leave Record,11,13.5,13,3,5
100726,Live,PW,CO,SALARIES,Gilbert Lee,No Grade,GENERAL OPERATIVE,HOUSING,HARBOUR,No Sick Leave Record,No Sick Leave Record,No Sick Leave Record,No Sick Leave Record,100119,100876,No Sick Leave Record,100465,0,24,5,10,No Annual Leave Record,10.5,3,No Annual Leave Record
100904,Live,PW,CO,SALARIES,Peggy Washington,5,LIBRARY ASSISTANT,HOUSING,INFRASTRUCTURE & CLIMATE CHANGE,No Sick Leave Record,0,0,0,101230,100325,No Sick Leave Record,100035,0,30,No Annual Leave Record,24,10.5,9,3,13
101234,Live,TW,CO,SALARIES,Dr. Grace Bradley MD,5,ASSISTANT PLANNER,PLANNING & ECONOMIC DEVELOPMENT,HOUSING,0,3,No Sick Leave Record,0,100485,100022,3,101366,0,26.5,5,35,10,No Annual Leave Record,No Annual Leave Record,16
100995,Live,PW,CO,SALARIES,Sara Wells,6,SENIOR EXECUTIVE TECHNICIAN,"COMMUNITY, CULTURAL SERVICES & PARKS",WATER SERVICES,0,4.02,No Sick Leave Record,No Sick Leave Record,100211,100720,No Sick Leave Record,100198,0,24,0,No Annual Leave Record,17.5,14,3,9
101118,Live,PW,CO,SALARIES,Heather Ward,5,SPORTS DEVELOPMENT OFFICER,"COMMUNITY, CULTURAL SERVICES & PARKS",INFRASTRUCTURE & CLIMATE CHANGE,0,3,No Sick Leave Record,0,100641,100459,0,100589,0,29,5,30,18.5,3.5,9.5,8
101173,Live,PW,CO,SALARIES,Kimberly Gordon,8,INSPECTOR PLANNING,CORPORATE AFFAIRS,PLANNING,No Sick Leave Record,0,No Sick Leave Record,0,100705,100967,No Sick Leave Record,100815,0,29,5,29,22.5,No Annual Leave Record,3,8.5
101047,Live,TW,CO,SALARIES,Lauren Carroll,3,ADMINISTRATIVE OFFICER,INFRASTRUCTURE & CLIMATE CHANGE,CORPORATE SERVICES,No Sick Leave Record,No Sick Leave Record,0,No Sick Leave Record,101206,101046,No Sick Leave Record,101351,No Annual Leave Record,24,5,36,10.5,No Annual Leave Record,7,5
100054,Live,PW,CO,SALARIES,Christina Weber,6,SCHOOL WARDEN,"COMMUNITY, CULTURAL SERVICES & PARKS",HOUSING,No Sick Leave Record,0,No Sick Leave Record,0,101312,101264,No Sick Leave Record,101339,0,24,1.5,19.5,19.5,11.5,0,9
100584,Live,PW,CO,SALARIES,Leah Bruce,3,ASSISTANT STAFF OFFICER,INFRASTRUCTURE & CLIMATE CHANGE,HARBOUR,0,0,0,No Sick Leave Record,101309,100595,0,100367,0,14,4,24,0,12,3,No Annual Leave Record
100742,Live,PW,CO,SALARIES,Robert Davis,6,CLERICAL OFFICER,FINANCE & WATER SERVICES,INFRASTRUCTURE & CLIMATE CHANGE,No Sick Leave Record,No Sick Leave Record,No Sick Leave Record,No Sick Leave Record,101105,101020,No Sick Leave Record,101312,0,24,5,35,0.5,17,3,2
100697,Live,PW,CO,FORTNIGHTLY WAGES - DLR,Manuel Stokes,3,ASSISTANT STAFF OFFICER,"COMMUNITY, CULTURAL SERVICES & PARKS",ARCHITECTS,No Sick Leave Record,2,3,No Sick Leave Record,100017,100029,0,101313,0,30,0,16.5,20.5,16.5,3,19.5
100917,Live,PW,CO,SALARIES,Seth Fuller,7,SCHOOL WARDEN,INFRASTRUCTURE & CLIMATE CHANGE,CULTURE,No Sick Leave Record,No Sick Leave Record,No Sick Leave Record,No Sick Leave Record,100057,100094,No Sick Leave Record,101192,0,27.5,0,24,19,4,0,0
101172,Live,PW,CO,SALARIES,Kenneth Carter,3,GENERAL OPERATIVE,INFRASTRUCTURE & CLIMATE CHANGE,PLANNING,0,No Sick Leave Record,No Sick Leave Record,No Sick Leave Record,101242,101236,No Sick Leave Record,100965,0,27,5,28,17,19,3,11.5
101059,Live,PW,CO,SALARIES,Julie Cooper,6,PICK UP DRIVER SHIFT,HOUSING,PARKS,0,No Sick Leave Record,No Sick Leave Record,15,100117,100917,0,100731,0,30,3.5,No Annual Leave Record,15,17,3,2.5
100246,Live,PW,CO,SALARIES,David Wilson,5,SCHOOL WARDEN,INFRASTRUCTURE & CLIMATE CHANGE,INFRASTRUCTURE & CLIMATE CHANGE,0,No Sick Leave Record,No Sick Leave Record,No Sick Leave Record,100875,100379,0,100795,0,30,0,34.5,19,No Annual Leave Record,3,1
101329,Live,PW,CO,FORTNIGHTLY WAGES - DLR,Scott Rubio,No Grade,I.S. PROJECT LEADER,CORPORATE AFFAIRS,PLANNING,0,No Sick Leave Record,No Sick Leave Record,No Sick Leave Record,100672,100410,No Sick Leave Record,100571,0,30,No Annual Leave Record,29,16.5,9.5,5,11
100692,Live,PW,CO,FORTNIGHTLY WAGES - DLR,Vincent Parker,No Grade,STAFF OFFICER,HOUSING,INFRASTRUCTURE & CLIMATE CHANGE,No Sick Leave Record,2.21,No Sick Leave Record,No Sick Leave Record,100085,100828,1,101314,0,No Annual Leave Record,5,17.5,9,15.5,3,8
100069,Live,PW,CO,SALARIES,Melinda Reed,No Grade,CLERICAL OFFICER,CORPORATE AFFAIRS,PARKS,0,No Sick Leave Record,0,No Sick Leave Record,100448,100198,0,100535,0,27,0,27,16.5,No Annual Leave Record,14,No Annual Leave Record
100933,Live,PW,CO,SALARIES,Daniel Andersen,5,SCHOOL WARDEN,INFRASTRUCTURE & CLIMATE CHANGE,PLANNING,0,4.04,No Sick Leave Record,No Sick Leave Record,100966,100633,No Sick Leave Record,100974,0,30,No Annual Leave Record,14.5,16,6.5,3,0
100390,Live,PW,CO,SALARIES,Alison Solis,6,CE SCHEME,ARCHITECTS,ENTERPRISE,No Sick Leave Record,No Sick Leave Record,49,No Sick Leave Record,100186,100123,0,100457,No Annual Leave Record,24,0.5,24,19,11.5,3,4.5
100195,Live,PW,CO,SALARIES,Karen Lamb,6,ASSISTANT ENGINEER,"COMMUNITY, CULTURAL SERVICES & PARKS",INFRASTRUCTURE & CLIMATE CHANGE,No Sick Leave Record,No Sick Leave Record,0,No Sick Leave Record,100033,100348,No Sick Leave Record,100478,0,32,12,12.5,No Annual Leave Record,11,No Annual Leave Record,18.5
101280,Live,PW,CO,FORTNIGHTLY WAGES - DLR,Brittany Gutierrez DVM,No Grade,CLERICAL OFFICER,HOUSING,INFRASTRUCTURE & CLIMATE CHANGE,No Sick Leave Record,No Sick Leave Record,66,No Sick Leave Record,100757,100359,1,100954,0,22,2.5,38,0,11,3,12
101326,Live,PW,CO,SALARIES,Faith Baxter,6,WHEELED BIN SERV MAN,INFRASTRUCTURE & CLIMATE CHANGE,PLANNING,0,No Sick Leave Record,No Sick Leave Record,0,101325,100250,0,100910,No Annual Leave Record,11.5,4.5,33.5,18,3.5,0,No Annual Leave Record
100713,Live,PW,CO,SALARIES,Robert Herring,4,ASSISTANT PARKS & LANDSCAPE OFFICER,PLANNING & ECONOMIC DEVELOPMENT,PLANNING,No Sick Leave Record,No Sick Leave Record,0,No Sick Leave Record,100702,100330,No Sick Leave Record,101268,No Annual Leave Record,30,0,24,19,8,8,12.5
100256,Live,PW,CO,SALARIES,Anna Herrera,9,SENIOR STAFF OFFICER,HOUSING,CULTURE,0,No Sick Leave Record,No Sick Leave Record,0,101065,100008,0,100529,No Annual Leave Record,30,0,34,No Annual Leave Record,20,5,1.5
101077,Live,PW,CO,SALARIES,Michael Gonzalez,3,CLERICAL OFFICER,FINANCE & WATER SERVICES,PLANNING,No Sick Leave Record,No Sick Leave Record,No Sick Leave Record,0,100375,101237,No Sick Leave Record,100606,0,22,0,33,18,10.5,4,11
100102,Live,PW,CO,SALARIES,Steven Morales,3,LIBRARY ASSISTANT,PLANNING & ECONOMIC DEVELOPMENT,CHERRYWOOD,No Sick Leave Record,No Sick Leave Record,No Sick Leave Record,24,100151,101056,No Sick Leave Record,100325,0,24,0,31,13,13.5,3,3
100991,Live,TW,CO,SALARIES,Steven Johnson,No Grade,STAFF OFFICER,HOUSING,HOUSING,0,No Sick Leave Record,No Sick Leave Record,0,100189,100490,No Sick Leave Record,100614,0,30,0,24,16,20,3,8
100172,Live,PW,CO,SALARIES,Brian Moreno,7,ASSISTANT STAFF OFFICER,CORPORATE AFFAIRS,CULTURE,0,No Sick Leave Record,No Sick Leave Record,No Sick Leave Record,100865,101182,0,100132,0,30,0,30,17,9.5,6,No Annual Leave Record
101155,Live,PW,CO,SALARIES,Melissa Bradshaw,No Grade,CLERICAL OFFICER,"COMMUNITY, CULTURAL SERVICES & PARKS",CULTURE,0,7,5,0,101267,100096,0,101102,0,24,1,35,No Annual Leave Record,14.5,0,3.5
100632,Live,TP,CO,SALARIES,Tammy Williams,4,GARDENER,INFRASTRUCTURE & CLIMATE CHANGE,CORPORATE SERVICES,0,0.05,0,0,100878,100940,No Sick Leave Record,100786,No Annual Leave Record,No Annual Leave Record,2,29,22,7,3,No Annual Leave Record
101062,Live,PW,CO,FORTNIGHTLY WAGES - DLR,Maria Knapp,8,GANGER PARKS,INFRASTRUCTURE & CLIMATE CHANGE,PARKS,No Sick Leave Record,No Sick Leave Record,No Sick Leave Record,0,100632,100820,No Sick Leave Record,100138,0,29,0,10,23.5,5.5,3,6.5
100853,Live,PW,CO,SALARIES,Joel Little,7,CLERICAL OFFICER,HOUSING,INFRASTRUCTURE & CLIMATE CHANGE,0,0,No Sick Leave Record,No Sick Leave Record,101330,100120,0,100881,0,No Annual Leave Record,0,14,No Annual Leave Record,17,0,25.5
101177,Live,PW,CO,SALARIES,Isaiah Lee,8.5,CLERICAL OFFICER,CORPORATE AFFAIRS,INFRASTRUCTURE & CLIMATE CHANGE,No Sick Leave Record,0,1,0,101272,100660,No Sick Leave Record,100595,0,30,No Annual Leave Record,30.5,14,8.5,14,3.5
100242,Live,PW,CO,FORTNIGHTLY WAGES - DLR,Timothy Mueller,6,CRAFTSMAN,PLANNING & ECONOMIC DEVELOPMENT,PLANNING,No Sick Leave Record,No Sick Leave Record,No Sick Leave Record,0,101063,100716,No Sick Leave Record,100949,0,24,0,35,17,9,13,2
101335,Live,PW,CO,SALARIES,Sarah Ball,3,PLUMBER,INFRASTRUCTURE & CLIMATE CHANGE,CULTURE,0,11,No Sick Leave Record,No Sick Leave Record,101227,100166,No Sick Leave Record,100392,0,30,0,35,22,19.5,3,11
101253,Live,TW,CO,SALARIES,Cindy Wright,7,ASSISTANT STAFF OFFICER,CORPORATE AFFAIRS,INFRASTRUCTURE & CLIMATE CHANGE,0,No Sick Leave Record,No Sick Leave Record,No Sick Leave Record,100945,100573,No Sick Leave Record,100284,0,30,0,24,16.5,16,No Annual Leave Record,15
101033,Live,PW,CO,SALARIES,Laura Knapp,3,SENIOR EXECUTIVE ARCHITECT,HOUSING,CULTURE,0,8.01,0,0,100671,101368,No Sick Leave Record,100445,0,30,0,27,10.5,13,0,17.5
100774,Live,PW,CO,SALARIES,Tyler Bowers,No Grade,SENIOR EXECUTIVE ENGINEER,FINANCE & WATER SERVICES,HOUSING,0,No Sick Leave Record,No Sick Leave Record,No Sick Leave Record,100464,101071,No Sick Leave Record,100517,0,24,3,23,No Annual Leave Record,8,0,10
100664,Live,PW,CO,FORTNIGHTLY WAGES - DLR,Ronnie Owens,6,CLERICAL OFFICER,INFRASTRUCTURE & CLIMATE CHANGE,PLANNING,No Sick Leave Record,No Sick Leave Record,No Sick Leave Record,0,100047,101101,No Sick Leave Record,100090,0,30,5,24,25,7,0,5.5
101233,Live,PW,CO,SALARIES,Jessica Mills,8,SENIOR EXECUTIVE ARCHITECT,PLANNING & ECONOMIC DEVELOPMENT,PLANNING,0,No Sick Leave Record,No Sick Leave Record,0,100215,100952,0,101265,0,11,0,35,18,12.5,3,23.5
100411,Live,PW,CO,FORTNIGHTLY WAGES - DLR,Matthew Smith,7,GENERAL OPERATIVE,CORPORATE AFFAIRS,PLANNING,No Sick Leave Record,No Sick Leave Record,No Sick Leave Record,No Sick Leave Record,100958,100068,No Sick Leave Record,100030,0,29,0.5,16,17.5,14,3,5
100103,,TP,CO,SALARIES,Clinton Gonzalez,4,BUILDING INSPECTOR/ CLERK OF WORKS MECH,HOUSING,INFRASTRUCTURE & CLIMATE CHANGE,0,No Sick Leave Record,33,No Sick Leave Record,100424,101245,No Sick Leave Record,100935,0,24,3.5,30,22,9.5,3,6
101164,Live,PW,CO,SALARIES,Dean Cross,No Grade,STAFF OFFICER,PLANNING & ECONOMIC DEVELOPMENT,INFRASTRUCTURE & CLIMATE CHANGE,0,No Sick Leave Record,5,0,100896,100074,No Sick Leave Record,101047,0,24,4.5,31,26,15.5,3,13
101309,Live,TP,CO,SALARIES,Michelle Ortiz,8,STAFF OFFICER,PLANNING & ECONOMIC DEVELOPMENT,INFRASTRUCTURE & CLIMATE CHANGE,0,No Sick Leave Record,No Sick Leave Record,No Sick Leave Record,100363,101084,0,100450,0,13,No Annual Leave Record,30,19.5,14,3,14
101209,Live,PW,CO,SALARIES,Micheal Carter,6,ASSISTANT STAFF OFFICER,INFRASTRUCTURE & CLIMATE CHANGE,HOUSING,No Sick Leave Record,4.16,No Sick Leave Record,0,100530,100315,0,100631,0,30,0.5,37,17,3.5,9,No Annual Leave Record
100295,Live,PW,CO,SALARIES,Bethany Young,No Grade,SENIOR COMMUNITY OFFICER,PLANNING & ECONOMIC DEVELOPMENT,HOUSING,No Sick Leave Record,1.15,No Sick Leave Record,0,101057,100832,0,100484,0,27.5,4,37,11,11.5,12,12
100335,Live,PW,CO,SALARIES,Greg Alvarado,No Grade,FOREMAN GARDENER,FINANCE & WATER SERVICES,INFRASTRUCTURE & CLIMATE CHANGE,0,No Sick Leave Record,No Sick Leave Record,1,101289,100341,0,100924,0,30,0,29.5,21,12,3,18
100366,Live,PW,CO,FORTNIGHTLY WAGES - DLR,David Gibbs,No Grade,STAFF OFFICER,ARCHITECTS,PLANNING,0,No Sick Leave Record,0,No Sick Leave Record,101210,101356,4,100351,0,25,5,35,10,16,0,1
101276,Live,PW,CO,SALARIES,Jeffrey Carter,3,SCHOOL WARDEN,CORPORATE AFFAIRS,HOUSING,No Sick Leave Record,8.23,No Sick Leave Record,0,101031,100861,No Sick Leave Record,100060,No Annual Leave Record,30,1,21.5,20.5,20.5,3,4.5
101226,Live,PW,CO,SALARIES,Larry Richards,No Grade,ASSISTANT STAFF OFFICER,PLANNING & ECONOMIC DEVELOPMENT,PLANNING,No Sick Leave Record,No Sick Leave Record,No Sick Leave Record,No Sick Leave Record,100566,100801,0,100006,No Annual Leave Record,30,5,30.5,19.5,No Annual Leave Record,0,2
101073,Live,PW,CO,FORTNIGHTLY WAGES - DLR,Jacqueline Moore DDS,3,GRADUATE PROGRAMME,CORPORATE AFFAIRS,INFRASTRUCTURE & CLIMATE CHANGE,No Sick Leave Record,No Sick Leave Record,No Sick Leave Record,88,100455,100157,No Sick Leave Record,100163,0,28,0,26,15,16.5,0,21
100369,Live,PW,CO,SALARIES,Corey Freeman,3,SENIOR STAFF OFFICER,FORWARD PLANNING INFRASTRUCTURE,PARKS,No Sick Leave Record,4.34,0,15.5,101051,100451,No Sick Leave Record,101187,0,28.5,2,30,No Annual Leave Record,23,3,2
100822,Live,PW,CO,FORTNIGHTLY WAGES - DLR,Brandi Sanchez,No Grade,GENERAL OPERATIVE,HOUSING,ARCHITECTS,No Sick Leave Record,No Sick Leave Record,No Sick Leave Record,No Sick Leave Record,100371,101117,No Sick Leave Record,101283,0,18,0,26,7.5,8,No Annual Leave Record,9
101219,Live,PW,CO,SALARIES,Crystal Douglas,7,GENERAL OPERATIVE,"COMMUNITY, CULTURAL SERVICES & PARKS",INFRASTRUCTURE & CLIMATE CHANGE,0,No Sick Leave Record,No Sick Leave Record,No Sick Leave Record,100108,101241,3.5,100627,0,29,0,33.5,13.5,17,3,14
101102,Live,PS,CO,SALARIES,Amanda Young,3,SCHOOL WARDEN,"COMMUNITY, CULTURAL SERVICES & PARKS",CORPORATE SERVICES,No Sick Leave Record,3.07,No Sick Leave Record,No Sick Leave Record,100707,100137,0,100947,0,27,5,30,No Annual Leave Record,4,1,5
100482,Live,PW,CO,SALARIES,William Rowe,6,CLERICAL OFFICER,INFRASTRUCTURE & CLIMATE CHANGE,INFRASTRUCTURE & CLIMATE CHANGE,No Sick Leave Record,0,No Sick Leave Record,No Sick Leave Record,100178,100433,0,100072,0,24,0,29,7,10.5,No Annual Leave Record,9
100513,Live,TW,CO,FORTNIGHTLY WAGES - DLR,Renee Moss,3,SENIOR EXECUTIVE PARKS & LANDSCAPE OFFIC,PLANNING & ECONOMIC DEVELOPMENT,HOUSING,No Sick Leave Record,No Sick Leave Record,No Sick Leave Record,No Sick Leave Record,100021,100467,0,100015,0,13.5,3,30,26.5,12.5,3,No Annual Leave Record
100994,Live,PW,CO,SALARIES,Wendy Kane,No Grade,GRADUATE PROGRAMME,INFRASTRUCTURE & CLIMATE CHANGE,PLANNING,0,No Sick Leave Record,No Sick Leave Record,No Sick Leave Record,100320,100200,No Sick Leave Record,100345,0,30,No Annual Leave Record,30.5,14.5,11,3,12.5
100352,Live,PW,CO,SALARIES,Dana Reeves,4,STAFF OFFICER,PLANNING & ECONOMIC DEVELOPMENT,HOUSING,0,No Sick Leave Record,No Sick Leave Record,No Sick Leave Record,100517,100856,0,100944,0,11.5,0,29.5,14,11,3,15.5
100699,Live,TW,CO,FORTNIGHTLY WAGES - DLR,Juan Anderson PhD,No Grade,LIBRARY ASSISTANT,FINANCE & WATER SERVICES,FINANCE,No Sick Leave Record,No Sick Leave Record,No Sick Leave Record,No Sick Leave Record,101332,100943,0,101191,No Annual Leave Record,29,5,27.5,9,9,3,12.5
100555,Live,TP,CO,SALARIES,Jocelyn Baxter,No Grade,ANALYST PROGRAMMER,"COMMUNITY, CULTURAL SERVICES & PARKS",COMMUNITY,0,No Sick Leave Record,13,4,101251,100698,No Sick Leave Record,100319,0,29,0,34.5,18,24,6,6.5
100988,Live,PW,CO,FORTNIGHTLY WAGES - DLR,Nancy Johnson,7,OPERATIONS MANAGER - HARBOUR,CORPORATE AFFAIRS,INFRASTRUCTURE & CLIMATE CHANGE,No Sick Leave Record,No Sick Leave Record,No Sick Leave Record,No Sick Leave Record,100322,100065,1,101266,0,26,1.5,32,24,5,3,9
100864,Live,PW,CO,FORTNIGHTLY WAGES - DLR,Brianna Jackson,4,EXECUTIVE PLANNER,"COMMUNITY, CULTURAL SERVICES & PARKS",INFRASTRUCTURE & CLIMATE CHANGE,No Sick Leave Record,No Sick Leave Record,0,0,100445,100276,No Sick Leave Record,100026,0,12,No Annual Leave Record,32,No Annual Leave Record,11,3,5
100870,Live,PW,CO,SALARIES,Wesley Cardenas,7,SENIOR EXECUTIVE PLANNER,"COMMUNITY, CULTURAL SERVICES & PARKS",PARKS,No Sick Leave Record,31.81,No Sick Leave Record,7,101164,100626,0,100109,0,30,12,29,19,No Annual Leave Record,8,13.5
101112,Live,PW,CO,SALARIES,Kristopher Cole,No Grade,ADMINISTRATIVE OFFICER,PLANNING & ECONOMIC DEVELOPMENT,ARCHITECTS,No Sick Leave Record,2.13,No Sick Leave Record,No Sick Leave Record,100927,101061,No Sick Leave Record,100734,0,31,0,31.5,No Annual Leave Record,21.5,3,17
100653,Live,PW,CO,SALARIES,William Roth,5,CLERICAL OFFICER,INFRASTRUCTURE & CLIMATE CHANGE,INFRASTRUCTURE & CLIMATE CHANGE,0,18.77,15.5,No Sick Leave Record,100923,101362,0,101260,0,30,2,34,14.5,15,No Annual Leave Record,5
100542,Live,PW,CO,FORTNIGHTLY WAGES - DLR,Ryan Macias,5,GENERAL OPERATIVE,INFRASTRUCTURE & CLIMATE CHANGE,INFRASTRUCTURE & CLIMATE CHANGE,0,No Sick Leave Record,7.5,No Sick Leave Record,100225,101140,No Sick Leave Record,100868,0,24,0.5,26.5,14,10.5,3,1
100038,Live,PW,CO,SALARIES,James Lucero,4,CRAFTSMAN,INFRASTRUCTURE & CLIMATE CHANGE,INFRASTRUCTURE & CLIMATE CHANGE,No Sick Leave Record,0.01,No Sick Leave Record,No Sick Leave Record,100350,100484,No Sick Leave Record,101206,0,30,No Annual Leave Record,12,0,1.5,3,13
100435,Live,TP,CO,SALARIES,Robert Rodriguez,No Grade,ADMINISTRATIVE OFFICER,INFRASTRUCTURE & CLIMATE CHANGE,CULTURE,No Sick Leave Record,5.51,No Sick Leave Record,No Sick Leave Record,100278,100597,0,100717,0,29,10,33.5,11,8,3,12
100913,Live,PW,CO,SALARIES,Suzanne Gonzalez,No Grade,SUPERVISOR INSPECTOR MAINTENANCE/CLEAN,HOUSING,PARKS,No Sick Leave Record,No Sick Leave Record,4.5,5.5,100368,101105,0,100816,0,24,3.5,29,18.5,10,3,16
101046,Live,PW,CO,FORTNIGHTLY WAGES - DLR,Alex Vasquez,4,SENIOR STAFF OFFICER,HOUSING,CHERRYWOOD,0,No Sick Leave Record,No Sick Leave Record,No Sick Leave Record,100660,100400,1,100197,No Annual Leave Record,30,5,32,1,23.5,3,14.5
100883,Live,PW,CO,SALARIES,Henry Velasquez,5,LIBRARY ASSISTANT,"COMMUNITY, CULTURAL SERVICES & PARKS",INFRASTRUCTURE & CLIMATE CHANGE,0,No Sick Leave Record,No Sick Leave Record,No Sick Leave Record,100279,101324,0,101157,0,30,5,27,21.5,14.5,3,8
100135,Live,PW,CO,SALARIES,Selena Dyer,5,EXECUTIVE ENGINEER,CORPORATE AFFAIRS,HOUSING,0,No Sick Leave Record,0,0,101232,101240,2.5,100314,0,30,0,35,21.5,No Annual Leave Record,0,18
100385,Live,PW,CO,SALARIES,Jacqueline Davis,6,GRADUATE PLANNER,"COMMUNITY, CULTURAL SERVICES & PARKS",PARKS,No Sick Leave Record,No Sick Leave Record,0,12,100078,100909,0,100134,0,30,4,No Annual Leave Record,20.5,8,No Annual Leave Record,10.5
100874,Live,PW,CO,FORTNIGHTLY WAGES - DLR,George Garcia,5,STAFF OFFICER,"COMMUNITY, CULTURAL SERVICES & PARKS",FINANCE,0,No Sick Leave Record,24.5,4,100796,100807,0,101204,0,30,0,31.5,5,6.5,13,8
100073,Dormant,PW,CO,FORTNIGHTLY WAGES - DLR,Teresa Wilson,4,STAFF OFFICER,CORPORATE AFFAIRS,INFRASTRUCTURE & CLIMATE CHANGE,No Sick Leave Record,3.57,No Sick Leave Record,0,100684,100993,No Sick Leave Record,100611,0,30,0,34,10,13,0,17
100194,Live,PW,CO,SALARIES,Carlos Orr,7,OPERATOR TRACTOR,"COMMUNITY, CULTURAL SERVICES & PARKS",HUMAN RESOURCES,0,No Sick Leave Record,0,No Sick Leave Record,100245,101311,1,100496,0,30,5,35,No Annual Leave Record,19,No Annual Leave Record,17.5
100648,Live,PW,CO,FORTNIGHTLY WAGES - DLR,Chad Odonnell,5,SENIOR STAFF OFFICER,INFRASTRUCTURE & CLIMATE CHANGE,INFRASTRUCTURE & CLIMATE CHANGE,0,No Sick Leave Record,0,No Sick Leave Record,100724,101045,No Sick Leave Record,101359,No Annual Leave Record,30,5,30.5,2,6,No Annual Leave Record,9
100465,Live,PW,CO,SALARIES,Juan Mayer,No Grade,CLERICAL OFFICER,INFRASTRUCTURE & CLIMATE CHANGE,INFRASTRUCTURE & CLIMATE CHANGE,0,0,0,0,101200,101198,No Sick Leave Record,100477,0,12,0,29,16,13.5,3,1
100011,Live,PW,CO,SALARIES,Jonathan Stevens,8.5,CLERICAL REASSIGNMENT WATER SERVICES,FINANCE & WATER SERVICES,ARCHITECTS,No Sick Leave Record,0.5,No Sick Leave Record,No Sick Leave Record,101015,100934,1,100234,0,30,5,28,19.5,13,11.5,3
101278,Live,PW,CO,SALARIES,Jared Mccann,6,ASSISTANT FOREMAN GARDENER,HOUSING,CORPORATE SERVICES,No Sick Leave Record,No Sick Leave Record,No Sick Leave Record,0,100627,101232,No Sick Leave Record,100681,0,24.5,4.5,24,16,8.5,2,10
100060,Live,PW,CO,FORTNIGHTLY WAGES - DLR,Raymond Willis,7,SCHOOL WARDEN,"COMMUNITY, CULTURAL SERVICES & PARKS",WATER SERVICES,0,No Sick Leave Record,2.5,No Sick Leave Record,100754,100335,No Sick Leave Record,100605,No Annual Leave Record,30,0,33,18.5,5,3,15.5
100473,Live,PW,CO,SALARIES,Mark Collins PhD,No Grade,SUPERVISOR CEMETERIES,"COMMUNITY, CULTURAL SERVICES & PARKS",WATER SERVICES,No Sick Leave Record,No Sick Leave Record,0,7,100775,100777,0,100575,No Annual Leave Record,27,5,33.5,14.5,4.5,3,12.5
100751,Live,PW,CO,FORTNIGHTLY WAGES - DLR,Derek Green,3,ASSISTANT STAFF OFFICER,INFRASTRUCTURE & CLIMATE CHANGE,PLANNING,No Sick Leave Record,No Sick Leave Record,No Sick Leave Record,No Sick Leave Record,101189,101176,0,101346,0,27,4.5,28.5,20.5,18,8,5
101247,Live,PW,CO,SALARIES,Brittany Gray,No Grade,GENERAL OPERATIVE,PLANNING & ECONOMIC DEVELOPMENT,HUMAN RESOURCES,No Sick Leave Record,3,No Sick Leave Record,No Sick Leave Record,100304,101318,3,100442,0,23.5,0,34,10.5,6.5,10,4.5
101238,Live,TW,CO,SALARIES,Tiffany Miranda MD,6,EXECUTIVE ENGINEER,INFRASTRUCTURE & CLIMATE CHANGE,HOUSING,No Sick Leave Record,No Sick Leave Record,No Sick Leave Record,No Sick Leave Record,100709,101278,0,100119,0,27,0,10,21,15,3.5,12
100208,Live,PW,CO,FORTNIGHTLY WAGES - DLR,David Clark,3,GRADUATE ENGINEER,CORPORATE AFFAIRS,PLANNING,No Sick Leave Record,2.25,0,0,100549,100456,0,100742,No Annual Leave Record,No Annual Leave Record,0,31.5,12,7.5,3,9
100104,Live,PW,CO,FORTNIGHTLY WAGES - DLR,Tammie Mckinney,No Grade,PLUMBER,INFRASTRUCTURE & CLIMATE CHANGE,PLANNING,0,No Sick Leave Record,No Sick Leave Record,No Sick Leave Record,100868,101262,0,100086,0,11,0,24,20.5,16.5,3,7.5
101048,Live,PW,CO,SALARIES,David Nguyen,5,ASSISTANT STAFF OFFICER,CORPORATE AFFAIRS,INFRASTRUCTURE & CLIMATE CHANGE,No Sick Leave Record,No Sick Leave Record,0,0,100622,100732,0,100158,0,30,4,11.5,27,5,No Annual Leave Record,No Annual Leave Record
101138,Live,TW,CO,FORTNIGHTLY WAGES - DLR,Sally Moore,No Grade,ASSISTANT STAFF OFFICER,HOUSING,INFRASTRUCTURE & CLIMATE CHANGE,0,1,No Sick Leave Record,0,101071,100121,No Sick Leave Record,100097,0,23.5,5,34,0,No Annual Leave Record,5,3
100427,Live,PW,CO,SALARIES,Sharon Melton,No Grade,STAFF OFFICER,CORPORATE AFFAIRS,CORPORATE SERVICES,0,34,8,0,101133,100385,1,100660,0,No Annual Leave Record,0,41,15,18,2,3.5
100092,Live,PW,CO,FORTNIGHTLY WAGES - DLR,Tammy Kent,No Grade,CE SCHEME,INFRASTRUCTURE & CLIMATE CHANGE,WATER SERVICES,0,1,No Sick Leave Record,0,100837,100896,0,100397,0,32,5,36,22,23.5,0,7
101127,Live,PW,CO,SALARIES,Melanie Santana,6,EXECUTIVE PLANNER,CORPORATE AFFAIRS,INFRASTRUCTURE & CLIMATE CHANGE,0,0,0,0,100466,101195,0,100687,0,24,3,33.5,14.5,12,3,7
100599,Live,PW,CO,SALARIES,Troy Terry,6,GENERAL OPERATIVE,"COMMUNITY, CULTURAL SERVICES & PARKS",ARCHITECTS,No Sick Leave Record,No Sick Leave Record,No Sick Leave Record,No Sick Leave Record,100182,101094,No Sick Leave Record,101036,0,7.5,5,32.5,20,8,3,17.5
100364,Live,PW,CO,SALARIES,Kyle Jones,No Grade,SCHOOL WARDEN,FINANCE & WATER SERVICES,PARKS,No Sick Leave Record,No Sick Leave Record,0,0,100228,100805,No Sick Leave Record,100878,0,30,0,34,20,10.5,3,4
101072,Live,TW,CO,SALARIES,Nicole Nichols,3,ASSISTANT STAFF OFFICER,"COMMUNITY, CULTURAL SERVICES & PARKS",PARKS,No Sick Leave Record,No Sick Leave Record,6,0,100366,101272,No Sick Leave Record,100045,0,24,No Annual Leave Record,31,20,13,3,7
101273,Live,PW,CO,FORTNIGHTLY WAGES - DLR,Louis Walker,5,BUILDING INSPECTOR/ CLERK OF WORKS,ARCHITECTS,PARKS,0,0,No Sick Leave Record,3,100819,101317,0,100791,0,30,4,16.5,16,15,0,16
100292,Live,PW,CO,SALARIES,Gary Hayes,3,CLERICAL OFFICER,"COMMUNITY, CULTURAL SERVICES & PARKS",CULTURE,No Sick Leave Record,No Sick Leave Record,No Sick Leave Record,No Sick Leave Record,101233,100974,No Sick Leave Record,100787,0,32,2,26,14.5,18,0,18.5
101166,Live,PW,CO,FORTNIGHTLY WAGES - DLR,Lori Rogers,7,CLERICAL OFFICER,CORPORATE AFFAIRS,CORPORATE SERVICES,No Sick Leave Record,0.05,0,0,100822,101204,No Sick Leave Record,100212,0,24,4,28,16,No Annual Leave Record,12,No Annual Leave Record
101145,Live,PW,CO,SALARIES,Ryan Cochran,No Grade,SCHOOL WARDEN,CORPORATE AFFAIRS,HOUSING,No Sick Leave Record,No Sick Leave Record,0,0,100136,100574,0,101233,0,17.5,4,29,19,19,0,6
101290,Live,TW,CO,SALARIES,Richard Armstrong,7,SENIOR EXECUTIVE ENGINEER,INFRASTRUCTURE & CLIMATE CHANGE,HOUSING,No Sick Leave Record,No Sick Leave Record,No Sick Leave Record,No Sick Leave Record,100044,100825,No Sick Leave Record,100167,0,30,2,35,7,8.5,0,18
100761,Live,PW,CO,SALARIES,Jared Chan,No Grade,SENIOR LIFEGUARD,CORPORATE AFFAIRS,COMMUNITY,0,No Sick Leave Record,1,No Sick Leave Record,101061,100524,0,101284,0,24,0,31,16,14,0,11.5
100588,Live,PW,CO,SALARIES,Amanda Rodriguez,No Grade,GRADUATE PROGRAMME,FINANCE & WATER SERVICES,PARKS,No Sick Leave Record,0.09,11,No Sick Leave Record,100080,101302,No Sick Leave Record,100766,0,24,2,27,11.5,No Annual Leave Record,3,16
101295,Live,PW,CO,SALARIES,Richard Richard,3,GENERAL OPERATIVE,ARCHITECTS,HARBOUR,0,No Sick Leave Record,No Sick Leave Record,No Sick Leave Record,100605,100821,2,100359,0,30,4,30.5,23.5,23,3,5.5
100891,Live,PW,CO,FORTNIGHTLY WAGES - DLR,Martha Taylor,No Grade,ASSISTANT STAFF OFFICER,PLANNING & ECONOMIC DEVELOPMENT,ENTERPRISE,No Sick Leave Record,6,6,No Sick Leave Record,100518,101031,0,100969,0,27,4,26,16,14,3,2
101195,Live,PW,CO,SALARIES,Sara Jennings,8,STAFF OFFICER,PLANNING & ECONOMIC DEVELOPMENT,CULTURE,No Sick Leave Record,1.58,0.5,No Sick Leave Record,100579,100897,No Sick Leave Record,101273,0,15,4,24,17,3,9,7.5
100077,Live,PW,CO,SALARIES,Matthew Schneider,No Grade,WHEELED BIN SERV MAN,PLANNING & ECONOMIC DEVELOPMENT,PARKS,No Sick Leave Record,0,0,0,100407,100075,No Sick Leave Record,101365,0,24,5,24,0.5,12,0,No Annual Leave Record
100770,Live,PW,CO,SALARIES,Christopher Rodriguez,6,LIBRARY ASSISTANT,INFRASTRUCTURE & CLIMATE CHANGE,PLANNING,0,No Sick Leave Record,No Sick Leave Record,No Sick Leave Record,100359,100267,0,100251,0,30,No Annual Leave Record,30,No Annual Leave Record,7,3,7.5
101343,Live,PW,CO,FORTNIGHTLY WAGES - DLR,Daniel Oliver,7,ADMINISTRATIVE OFFICER,INFRASTRUCTURE & CLIMATE CHANGE,PARKS,0,2.13,9.5,1,100069,100601,No Sick Leave Record,100242,0,No Annual Leave Record,0,13.5,10,13,0,11
100554,Live,PW,CO,SALARIES,Jamie Kennedy,4,EXECUTIVE TECHNICIAN,FINANCE & WATER SERVICES,HOUSING,No Sick Leave Record,No Sick Leave Record,No Sick Leave Record,0,101277,100654,No Sick Leave Record,100428,No Annual Leave Record,30,0,27.5,21,6,3,6.5
100485,Live,PW,CO,SALARIES,Robert Adams,4,SENIOR STAFF OFFICER,CORPORATE AFFAIRS,INFRASTRUCTURE & CLIMATE CHANGE,0,No Sick Leave Record,No Sick Leave Record,18,100280,100956,0,101100,0,30,3.5,33,23.5,6.5,No Annual Leave Record,11.5
100367,Live,PW,CO,SALARIES,John Espinoza,5,CONSERVATION OFFICER,INFRASTRUCTURE & CLIMATE CHANGE,PARKS,No Sick Leave Record,6.05,No Sick Leave Record,0,100922,100803,No Sick Leave Record,101189,0,No Annual Leave Record,4.5,35,10,10,0,8
101308,Live,PW,CO,SALARIES,Julie Morales,No Grade,SCHOOL WARDEN,INFRASTRUCTURE & CLIMATE CHANGE,INFRASTRUCTURE & CLIMATE CHANGE,No Sick Leave Record,1.57,0,0,100313,101053,0,100876,0,24,4,30,17,6,8,8.5
101109,Live,TW,CO,FORTNIGHTLY WAGES - DLR,Thomas West,6,GANGER,"COMMUNITY, CULTURAL SERVICES & PARKS",INFRASTRUCTURE & CLIMATE CHANGE,No Sick Leave Record,No Sick Leave Record,0,No Sick Leave Record,100306,100737,No Sick Leave Record,101011,0,30,0,No Annual Leave Record,21.5,19,4,No Annual Leave Record
101366,Live,PW,CO,SALARIES,Michele Anderson,7,GENERAL OPERATIVE,"COMMUNITY, CULTURAL SERVICES & PARKS",PARKS,No Sick Leave Record,No Sick Leave Record,0,No Sick Leave Record,100696,100472,0,100783,0,30,4.5,No Annual Leave Record,21,10.5,13,17
101200,Live,PW,CO,SALARIES,John Moore,5,CLERICAL OFFICER,LAW,HOUSING,No Sick Leave Record,2.43,No Sick Leave Record,No Sick Leave Record,100218,100060,0,101150,0,30,No Annual Leave Record,12,23.5,12.5,2,No Annual Leave Record
100890,Live,TW,CO,SALARIES,Crystal Ramirez,No Grade,SENIOR STAFF OFFICER,ARCHITECTS,CORPORATE SERVICES,0,No Sick Leave Record,No Sick Leave Record,No Sick Leave Record,101023,100396,No Sick Leave Record,100485,No Annual Leave Record,30,0.5,24,No Annual Leave Record,15,3,7
100794,,PW,CO,SALARIES,Michael Bates,No Grade,SCHOOL WARDEN,"COMMUNITY, CULTURAL SERVICES & PARKS",PARKS,0,No Sick Leave Record,No Sick Leave Record,No Sick Leave Record,100133,101349,0,101168,0,24,5,27,No Annual Leave Record,13,3,1
100441,Live,PW,CO,SALARIES,Lawrence Johnson,3,STAFF OFFICER,"COMMUNITY, CULTURAL SERVICES & PARKS",INFRASTRUCTURE & CLIMATE CHANGE,0,0,No Sick Leave Record,No Sick Leave Record,100241,100128,0,100891,0,24,0,32,8,17,0,11
100294,Live,PW,CO,SALARIES,Tina Thomas,3,SENIOR PLANNER,INFRASTRUCTURE & CLIMATE CHANGE,INFRASTRUCTURE & CLIMATE CHANGE,0,No Sick Leave Record,0,No Sick Leave Record,100633,100923,0,100116,0,No Annual Leave Record,5,27,16,No Annual Leave Record,7,3.5
100997,Live,PW,CO,FORTNIGHTLY WAGES - DLR,Brittany Brown,No Grade,SCHOOL WARDEN,INFRASTRUCTURE & CLIMATE CHANGE,PLANNING,0,0,0,0,100956,100170,0,100538,No Annual Leave Record,27,0,No Annual Leave Record,14,8,0,6.5
101179,Live,PW,CO,FORTNIGHTLY WAGES - DLR,Jonathan Navarro,6,STAFF OFFICER,FINANCE & WATER SERVICES,WATER SERVICES,No Sick Leave Record,No Sick Leave Record,No Sick Leave Record,5,100427,100780,No Sick Leave Record,100960,0,12.5,5,No Annual Leave Record,No Annual Leave Record,12,3,10
101324,Live,PW,CO,SALARIES,Margaret Carter,No Grade,SENIOR RESIDENT ENGINEER TEMP,CORPORATE AFFAIRS,PLANNING,No Sick Leave Record,No Sick Leave Record,0,No Sick Leave Record,100231,101065,2,100702,0,28.5,0,13.5,18.5,23,7,4.5
100098,Live,PW,CO,SALARIES,Rachel Soto,No Grade,STAFF OFFICER,CORPORATE AFFAIRS,HARBOUR,No Sick Leave Record,1.01,2,No Sick Leave Record,100903,100679,0,100064,0,24,0,No Annual Leave Record,1,12.5,0,2
100491,Live,PW,CO,SALARIES,Patricia Ramos,6,GANGER PARKS,FINANCE & WATER SERVICES,CORPORATE SERVICES,No Sick Leave Record,0.36,36,0,100249,100910,0,100289,0,30,5,29.5,0,12,13,0.5
100858,Live,PW,CO,SALARIES,Jesse Parker,No Grade,HOUSING LIAISON OFFICER,"COMMUNITY, CULTURAL SERVICES & PARKS",HOUSING,No Sick Leave Record,No Sick Leave Record,No Sick Leave Record,No Sick Leave Record,100692,100930,0,100311,0,29,2,30,22,14.5,0,No Annual Leave Record
100609,Live,TP,CO,SALARIES,Jose Maxwell,7,ASSISTANT STAFF OFFICER,INFRASTRUCTURE & CLIMATE CHANGE,CORPORATE SERVICES,No Sick Leave Record,0,No Sick Leave Record,No Sick Leave Record,100272,100427,No Sick Leave Record,100137,0,32,3.5,No Annual Leave Record,17,7,No Annual Leave Record,13.5
100892,Live,PW,CO,SALARIES,Laura Johnson,5,DRIVER,"COMMUNITY, CULTURAL SERVICES & PARKS",HOUSING,0,4,3,No Sick Leave Record,101143,100135,No Sick Leave Record,100578,0,30,2,34,22.5,13,No Annual Leave Record,10
100238,Live,PW,CO,SALARIES,Samantha Morris,6,ASSISTANT STAFF OFFICER,FORWARD PLANNING INFRASTRUCTURE,INFRASTRUCTURE & CLIMATE CHANGE,0,0,No Sick Leave Record,0,100254,100321,No Sick Leave Record,100092,0,30,1,30,11,13,13.5,19
100175,Live,PW,CO,FORTNIGHTLY WAGES - DLR,Karen Johnson,6,GENERAL OPERATIVE,HOUSING,INFRASTRUCTURE & CLIMATE CHANGE,0,0,1,0,100351,100175,0,101247,0,24,4.5,30,20,18,4,5
100477,Live,PW,CO,SALARIES,Heather Riddle,No Grade,ASSISTANT ENGINEER,FINANCE & WATER SERVICES,WATER SERVICES,0,0.13,No Sick Leave Record,No Sick Leave Record,100580,101039,No Sick Leave Record,101263,0,No Annual Leave Record,5,28,23.5,16.5,3,No Annual Leave Record
101183,Live,PW,CO,SALARIES,Kyle Baker,No Grade,STAFF OFFICER,"COMMUNITY, CULTURAL SERVICES & PARKS",CORPORATE SERVICES,0,17.01,No Sick Leave Record,No Sick Leave Record,101087,100759,0,100812,0,23.5,0,31,10,17,6,17
100704,Live,TW,CO,SALARIES,Sarah Reed,4,ASSISTANT PLANNER,CORPORATE AFFAIRS,COMMUNITY,0,No Sick Leave Record,No Sick Leave Record,No Sick Leave Record,100789,100771,No Sick Leave Record,101156,0,30,0,27.5,No Annual Leave Record,2.5,3,11
101190,Live,PW,CO,SALARIES,Candice Knight,No Grade,SENIOR LIBRARIAN,PLANNING & ECONOMIC DEVELOPMENT,PLANNING,0,5,1,3,100541,100587,No Sick Leave Record,100046,No Annual Leave Record,24,5,31.5,No Annual Leave Record,8,3,0
100848,,PW,CO,FORTNIGHTLY WAGES - DLR,Shelley Clarke,No Grade,SENIOR EXECUTIVE PLANNER,PLANNING & ECONOMIC DEVELOPMENT,FINANCE,No Sick Leave Record,No Sick Leave Record,No Sick Leave Record,No Sick Leave Record,100974,101006,0,100339,No Annual Leave Record,30,No Annual Leave Record,26,20,No Annual Leave Record,3,1
100108,Live,PW,CO,SALARIES,Brian Beard,No Grade,SUPERVISOR INSPECTOR MAINTENANCE/CLEAN,HOUSING,PLANNING,No Sick Leave Record,0,4,0,100919,101179,No Sick Leave Record,100922,0,30,2.5,13,19,12,4,No Annual Leave Record
100342,Live,PW,CO,SALARIES,Wesley Hill,No Grade,SENIOR STAFF OFFICER,CORPORATE AFFAIRS,HOUSING,No Sick Leave Record,No Sick Leave Record,0,No Sick Leave Record,101059,101219,0,101032,0,29,5,No Annual Leave Record,19,8.5,3,1.5
100487,Live,PW,CO,SALARIES,Billy Dunn,No Grade,CLERICAL OFFICER,"COMMUNITY, CULTURAL SERVICES & PARKS",INFRASTRUCTURE & CLIMATE CHANGE,0,1,No Sick Leave Record,0,100817,100416,2,100865,0,No Annual Leave Record,5,29,24,8,3,10.5
100614,Live,PW,CO,FORTNIGHTLY WAGES - DLR,Monica Aguilar,3,CLERICAL OFFICER,FINANCE & WATER SERVICES,HOUSING,No Sick Leave Record,No Sick Leave Record,No Sick Leave Record,No Sick Leave Record,100695,100154,No Sick Leave Record,100260,0,28.5,5,18,20,18,3,7
100431,Live,PW,CO,FORTNIGHTLY WAGES - DLR,Sarah Thompson,No Grade,LIBRARY ASSISTANT,HOUSING,ENTERPRISE,0,No Sick Leave Record,0,4,100537,101199,No Sick Leave Record,100194,0,No Annual Leave Record,5,14,No Annual Leave Record,16,3,3
100159,Live,PW,CO,SALARIES,Raymond Vazquez,6,GENERAL OPERATIVE,INFRASTRUCTURE & CLIMATE CHANGE,PLANNING,No Sick Leave Record,No Sick Leave Record,0,No Sick Leave Record,100857,100550,0,100945,0,No Annual Leave Record,5,32,18.5,21,3,23
100581,Live,PW,CO,SALARIES,Faith Thomas,5,ENVIRONMENTAL ENFORCEMENT WARDEN,PLANNING & ECONOMIC DEVELOPMENT,CHERRYWOOD,No Sick Leave Record,No Sick Leave Record,0,1,100061,100844,No Sick Leave Record,100452,0,No Annual Leave Record,0,35,15.5,14,6,7
100383,Live,PW,CO,SALARIES,Misty Jensen,No Grade,STAFF OFFICER,"COMMUNITY, CULTURAL SERVICES & PARKS",HOUSING,No Sick Leave Record,1,No Sick Leave Record,16,101250,100648,No Sick Leave Record,100526,0,30,0,32.5,9,11,4,No Annual Leave Record
101092,Live,PW,CO,SALARIES,Cindy Espinoza,No Grade,PARK RANGER 2001,CORPORATE AFFAIRS,PARKS,No Sick Leave Record,No Sick Leave Record,No Sick Leave Record,0,101067,100761,No Sick Leave Record,100203,0,No Annual Leave Record,0,29,21.5,16,20,2
100987,Live,PW,CO,SALARIES,Justin Tyler,6,SCHOOL WARDEN,FORWARD PLANNING INFRASTRUCTURE,INFRASTRUCTURE & CLIMATE CHANGE,0,0,No Sick Leave Record,3,100772,101085,No Sick Leave Record,101360,0,23,3,30,15,12,6,7.5
100438,Live,PW,CO,FORTNIGHTLY WAGES - DLR,Annette Mcgee,5,SENIOR EXECUTIVE PLANNER,HOUSING,ENTERPRISE,No Sick Leave Record,No Sick Leave Record,4.5,No Sick Leave Record,100296,100989,No Sick Leave Record,100860,0,16.5,0,24,No Annual Leave Record,22,3,16
100539,Live,PW,CO,SALARIES,Steven Wilkerson,5,DIRECTOR OF SERVICE,INFRASTRUCTURE & CLIMATE CHANGE,PLANNING,0,No Sick Leave Record,0,0,100301,100271,0,100796,0,30,0,24,25.5,13.5,0,13
100906,Live,PW,CO,FORTNIGHTLY WAGES - DLR,Kelsey Baldwin,No Grade,GENERAL OPERATIVE,"COMMUNITY, CULTURAL SERVICES & PARKS",PLANNING,0,0,0,No Sick Leave Record,100917,101064,No Sick Leave Record,100221,0,No Annual Leave Record,5,15.5,19.5,17,3,5
101359,Live,PW,CO,SALARIES,Edward Bradford,4,ASSISTANT PLANNER,INFRASTRUCTURE & CLIMATE CHANGE,INFRASTRUCTURE & CLIMATE CHANGE,0,4.62,No Sick Leave Record,No Sick Leave Record,100020,100165,0,100008,0,30,2.5,38,19.5,8,3,5.5
100733,Live,PW,CO,SALARIES,Joanna Harvey DDS,7,COMMUNITY SPORTS DEVELOPMENT OFFICER,FINANCE & WATER SERVICES,INFRASTRUCTURE & CLIMATE CHANGE,0,0.01,0,0,101276,100651,0,100110,0,32,5,32.5,10,No Annual Leave Record,3,11
100603,Live,TP,CO,SALARIES,Dr. Donald Hamilton,No Grade,SENIOR STAFF OFFICER,"COMMUNITY, CULTURAL SERVICES & PARKS",CULTURE,0,5,No Sick Leave Record,0,100032,101357,0,100178,0,24,2,33,12.5,14,3,24.5
100340,Live,PW,CO,SALARIES,Gregory Clay,4,LIBRARY ASSISTANT,HOUSING,PARKS,No Sick Leave Record,0,5,No Sick Leave Record,100235,101047,No Sick Leave Record,100468,0,29,4,No Annual Leave Record,14.5,10,3,8.5
100815,Live,PW,CO,FORTNIGHTLY WAGES - DLR,Mary Hunter,No Grade,SENIOR EXECUTIVE OFFICER,INFRASTRUCTURE & CLIMATE CHANGE,INFRASTRUCTURE & CLIMATE CHANGE,No Sick Leave Record,0,0,No Sick Leave Record,100589,100717,No Sick Leave Record,101322,0,24,5,27.5,16,14,0,No Annual Leave Record
100889,Live,PW,CO,FORTNIGHTLY WAGES - DLR,Christine Morris,6,SENIOR EXECUTIVE PLANNER,HOUSING,FINANCE,0,0,No Sick Leave Record,0,101361,100133,No Sick Leave Record,101154,0,30,5,35,18,15,3,7
101037,Live,PW,CO,SALARIES,Michael Steele,6,CLERICAL OFFICER,INFRASTRUCTURE & CLIMATE CHANGE,INFRASTRUCTURE & CLIMATE CHANGE,No Sick Leave Record,0,No Sick Leave Record,No Sick Leave Record,100060,100877,0,100217,0,9,0,24,17,13,3,4
101137,Live,PW,CO,SALARIES,Timothy Castro,6,CLERICAL OFFICER,INFRASTRUCTURE & CLIMATE CHANGE,PLANNING,No Sick Leave Record,1,0,0,100055,101038,No Sick Leave Record,100497,No Annual Leave Record,12.5,0,No Annual Leave Record,19,10.5,5,15
101224,Live,PW,CO,SALARIES,Isabel Mcdonald,7,DRIVER TRACTOR LR RATE,INFRASTRUCTURE & CLIMATE CHANGE,FINANCE,No Sick Leave Record,36.5,No Sick Leave Record,No Sick Leave Record,100091,100745,No Sick Leave Record,100080,0,28,0,29,11.5,18,3,0
100862,Live,PW,CO,SALARIES,David Francis,7,EQUALITY OFFICER,INFRASTRUCTURE & CLIMATE CHANGE,CULTURE,0,6.02,No Sick Leave Record,No Sick Leave Record,100054,100580,0,101042,0,30,5,34,23.5,13,9,7.5
100685,Live,PW,CO,SALARIES,Karen Oneill,No Grade,STAFF OFFICER,"COMMUNITY, CULTURAL SERVICES & PARKS",FINANCE,0,No Sick Leave Record,8.5,No Sick Leave Record,100590,100721,No Sick Leave Record,100184,No Annual Leave Record,28,0,30,26,27,0,14
100282,Live,PW,CO,SALARIES,Joseph Nelson,No Grade,LIFEGUARD,ARCHITECTS,INFRASTRUCTURE & CLIMATE CHANGE,No Sick Leave Record,No Sick Leave Record,No Sick Leave Record,0,101137,100478,No Sick Leave Record,100140,0,No Annual Leave Record,1,30,16,No Annual Leave Record,0,6.5
100184,Live,PW,CO,SALARIES,Molly Oconnor,3,GENERAL OPERATIVE,INFRASTRUCTURE & CLIMATE CHANGE,PARKS,No Sick Leave Record,No Sick Leave Record,8,1,101353,100818,No Sick Leave Record,101098,0,24,5,No Annual Leave Record,18,7.5,9,1.5
100304,Live,PW,CO,FORTNIGHTLY WAGES - DLR,Troy Weber,No Grade,CLERICAL OFFICER,PLANNING & ECONOMIC DEVELOPMENT,ENTERPRISE,0,No Sick Leave Record,13,No Sick Leave Record,100199,101077,No Sick Leave Record,100870,0,30,No Annual Leave Record,9,9,0.5,No Annual Leave Record,1
100093,Live,PW,CO,FORTNIGHTLY WAGES - DLR,Ryan Ball,No Grade,ADMINISTRATIVE OFFICER,FINANCE & WATER SERVICES,FINANCE,No Sick Leave Record,No Sick Leave Record,0,7,100260,100817,0,101153,0,No Annual Leave Record,2.5,No Annual Leave Record,19,27.5,3,7
100626,Live,PW,CO,SALARIES,Denise Church,5,LIBRARY ASSISTANT,INFRASTRUCTURE & CLIMATE CHANGE,PARKS,No Sick Leave Record,0.01,No Sick Leave Record,No Sick Leave Record,100954,100576,No Sick Leave Record,100413,0,32,0,33,10.5,12,21,3
101293,,PW,CO,FORTNIGHTLY WAGES - DLR,Erik Camacho,7,ASSISTANT FOREMAN OF WORKS,PLANNING & ECONOMIC DEVELOPMENT,HOUSING,0,No Sick Leave Record,No Sick Leave Record,No Sick Leave Record,101303,100812,No Sick Leave Record,100195,0,30,0,35,20,13,No Annual Leave Record,1.5
100415,Live,PW,CO,SALARIES,Gabrielle Moreno,No Grade,CLERICAL OFFICER,INFRASTRUCTURE & CLIMATE CHANGE,HOUSING,0,No Sick Leave Record,0,No Sick Leave Record,101074,100176,No Sick Leave Record,100329,0,24,4,24,16,10.5,No Annual Leave Record,16
100592,Live,PW,CO,SALARIES,Dana Gill,7,LIBRARY ASSISTANT,"COMMUNITY, CULTURAL SERVICES & PARKS",INFRASTRUCTURE & CLIMATE CHANGE,No Sick Leave Record,No Sick Leave Record,No Sick Leave Record,0,100010,101206,No Sick Leave Record,100610,0,24,No Annual Leave Record,34,9,13.5,0,9
100627,Live,PW,CO,SALARIES,Christine Trevino,No Grade,SENIOR EXECUTIVE OFFICER,INFRASTRUCTURE & CLIMATE CHANGE,HOUSING,0,0,No Sick Leave Record,6,100314,100363,No Sick Leave Record,100740,0,24,3,No Annual Leave Record,16,8,No Annual Leave Record,3
100141,Live,PW,CO,SALARIES,Justin Lowe,No Grade,ASSISTANT STAFF OFFICER,PLANNING & ECONOMIC DEVELOPMENT,PARKS,0,3.02,1,No Sick Leave Record,101100,100560,0,100736,0,30,0,29,12,0,No Annual Leave Record,No Annual Leave Record
100941,Live,PW,CO,SALARIES,Chloe Harrison,6,SCHOOL WARDEN,HOUSING,INFRASTRUCTURE & CLIMATE CHANGE,No Sick Leave Record,No Sick Leave Record,No Sick Leave Record,No Sick Leave Record,100615,100888,No Sick Leave Record,100100,0,24,3,24,26,21,3,13
100262,Live,PW,CO,SALARIES,Deborah Frye,5,ASSISTANT STAFF OFFICER,HOUSING,PARKS,0,No Sick Leave Record,0,0,100116,100366,No Sick Leave Record,100486,0,27,0,30,20,No Annual Leave Record,3,10
100170,Live,PW,CO,SALARIES,Raymond Long,9,EXECUTIVE PLANNER,HOUSING,INFRASTRUCTURE & CLIMATE CHANGE,No Sick Leave Record,0,0,No Sick Leave Record,100209,100218,No Sick Leave Record,101224,0,24,1.5,27,16.5,16,4,3
100285,Live,PW,CO,SALARIES,Jeffrey Bell,5,CLERICAL OFFICER,FINANCE & WATER SERVICES,CULTURE,0,5.01,No Sick Leave Record,No Sick Leave Record,100784,100355,No Sick Leave Record,100127,0,No Annual Leave Record,4.5,23,13,21,3,7.5
100444,Live,PW,CO,FORTNIGHTLY WAGES - DLR,Robert Dawson,No Grade,ASSISTANT STAFF OFFICER,INFRASTRUCTURE & CLIMATE CHANGE,ENTERPRISE,No Sick Leave Record,No Sick Leave Record,No Sick Leave Record,6.5,100529,100796,No Sick Leave Record,100688,0,24,2,No Annual Leave Record,0,7,3,12
101010,Live,PW,CO,SALARIES,Shelly Jones,4,PORTER HALL/ MSG,FINANCE & WATER SERVICES,LAW,0,0,2,0,100722,100618,3,100022,0,11.5,3,40,15.5,16,3,12
100319,Live,PW,CO,SALARIES,Alexander Lopez,8,LIBRARY ASSISTANT,CORPORATE AFFAIRS,INFRASTRUCTURE & CLIMATE CHANGE,0,No Sick Leave Record,No Sick Leave Record,0,100711,100584,No Sick Leave Record,100463,0,27,0,30,19,16.5,0,1.5
100589,Live,PW,CO,SALARIES,Marc Walton,8,SENIOR STAFF OFFICER,FINANCE & WATER SERVICES,INFRASTRUCTURE & CLIMATE CHANGE,No Sick Leave Record,0,0,0,100262,100005,0,101063,No Annual Leave Record,22,No Annual Leave Record,29,12.5,30,No Annual Leave Record,5
101065,Live,PW,CO,FORTNIGHTLY WAGES - DLR,Robin Moon,No Grade,SCHOOL WARDEN,ARCHITECTS,PARKS,No Sick Leave Record,0,No Sick Leave Record,No Sick Leave Record,101208,100758,No Sick Leave Record,101088,0,30,5,32.5,15.5,No Annual Leave Record,0,7
100720,Live,PW,CO,FORTNIGHTLY WAGES - DLR,Jacob Bernard,4,LIFEGUARD,INFRASTRUCTURE & CLIMATE CHANGE,HOUSING,No Sick Leave Record,No Sick Leave Record,No Sick Leave Record,No Sick Leave Record,101102,100531,1,101218,0,24,5,19,18,11.5,0,10
100961,Live,PW,CO,,Emily Thomas,7,CLERICAL OFFICER,INFRASTRUCTURE & CLIMATE CHANGE,INFRASTRUCTURE & CLIMATE CHANGE,0,No Sick Leave Record,12,No Sick Leave Record,100168,100814,0,101318,0,No Annual Leave Record,0,33,18.5,14,No Annual Leave Record,9.5
100845,Live,PW,CO,FORTNIGHTLY WAGES - DLR,Ruben Gilmore,7,STAFF OFFICER,HOUSING,INFRASTRUCTURE & CLIMATE CHANGE,0,No Sick Leave Record,4,No Sick Leave Record,100846,101203,No Sick Leave Record,101051,0,26,0,32,10,2,2,10
100813,Live,PW,CO,SALARIES,Danielle Andrade,5,ASSISTANT STAFF OFFICER,,INFRASTRUCTURE & CLIMATE CHANGE,0,No Sick Leave Record,0,No Sick Leave Record,100287,100337,No Sick Leave Record,100350,No Annual Leave Record,29,5,12.5,21.5,15,3,16.5
101256,Live,PW,CO,FORTNIGHTLY WAGES - DLR,John Montgomery,4,SCHOOL WARDEN,INFRASTRUCTURE & CLIMATE CHANGE,HARBOUR,No Sick Leave Record,No Sick Leave Record,No Sick Leave Record,No Sick Leave Record,101248,101086,No Sick Leave Record,100534,0,30,3,No Annual Leave Record,14,13.5,3,18
100420,Live,PW,CO,SALARIES,Steven Delacruz,No Grade,CLERICAL OFFICER,PLANNING & ECONOMIC DEVELOPMENT,INFRASTRUCTURE & CLIMATE CHANGE,No Sick Leave Record,0.18,0,0,100421,101080,0,100572,0,30,2,28,No Annual Leave Record,11,3,8
100861,Live,PW,CO,SALARIES,Dr. Patricia Gomez DVM,7,CLERICAL OFFICER,CORPORATE AFFAIRS,PARKS,0,No Sick Leave Record,6.5,No Sick Leave Record,100792,100610,0,100001,0,24,1,25,5.5,16.5,6,11
100517,Live,PW,CO,FORTNIGHTLY WAGES - DLR,Jennifer Wilson,5,GANGER,INFRASTRUCTURE & CLIMATE CHANGE,HOUSING,0,0,No Sick Leave Record,No Sick Leave Record,100097,101004,1,100269,0,30,5,31,21,9,11,20
100328,Live,PW,CO,SALARIES,Ralph Dougherty,6,CLERICAL OFFICER,ARCHITECTS,HOUSING,0,No Sick Leave Record,No Sick Leave Record,No Sick Leave Record,100550,100950,No Sick Leave Record,101176,0,30,0.5,14,No Annual Leave Record,14.5,3,5
100780,Live,PW,CO,SALARIES,Denise Bauer,No Grade,GENERAL OPERATIVE,ARCHITECTS,PARKS,No Sick Leave Record,No Sick Leave Record,No Sick Leave Record,No Sick Leave Record,100930,100209,No Sick Leave Record,101198,0,24,5,35,22.5,19.5,3,8
100656,Live,PW,CO,SALARIES,Derek Price,3,CREATIVE COMMUNITY ENGAGEMENT OFFICER,"COMMUNITY, CULTURAL SERVICES & PARKS",PLANNING,0,No Sick Leave Record,No Sick Leave Record,0,100752,100936,No Sick Leave Record,101223,0,29,5,37,26.5,No Annual Leave Record,5,6
101087,Live,PW,CO,FORTNIGHTLY WAGES - DLR,Carl Jones,No Grade,LIFEGUARD,CORPORATE AFFAIRS,,No Sick Leave Record,0.33,1,4,100555,100592,No Sick Leave Record,100075,0,30,0,No Annual Leave Record,12,17,No Annual Leave Record,4
101196,Live,PW,CO,SALARIES,Thomas Maxwell,No Grade,SENIOR LIBRARY ASSISTANT,INFRASTRUCTURE & CLIMATE CHANGE,PLANNING,0,2,3,No Sick Leave Record,101079,101110,2,101023,0,No Annual Leave Record,0,34.5,11,23,3,17
100064,Live,TP,CO,SALARIES,Bruce Kaufman,5,STAFF OFFICER,"COMMUNITY, CULTURAL SERVICES & PARKS",INFRASTRUCTURE & CLIMATE CHANGE,No Sick Leave Record,0,0,No Sick Leave Record,100748,100603,0,100277,0,30,0,28,15,7,3,11.5
100268,Live,PW,CO,SALARIES,Tony Tucker,3,ADMINISTRATIVE OFFICER,"COMMUNITY, CULTURAL SERVICES & PARKS",PLANNING,No Sick Leave Record,No Sick Leave Record,No Sick Leave Record,No Sick Leave Record,100338,100113,No Sick Leave Record,100267,0,24,0,25,18,19,8,0
101185,Live,PW,CO,SALARIES,Carrie Cooper,3,GANGER,INFRASTRUCTURE & CLIMATE CHANGE,CULTURE,0,No Sick Leave Record,No Sick Leave Record,No Sick Leave Record,100528,100226,No Sick Leave Record,100629,0,No Annual Leave Record,2.5,25,No Annual Leave Record,No Annual Leave Record,3,13
100847,Live,TW,CO,SALARIES,Jamie Coleman,3,SCHOOL WARDEN,"COMMUNITY, CULTURAL SERVICES & PARKS",CULTURE,No Sick Leave Record,0,0,No Sick Leave Record,100152,100822,No Sick Leave Record,100123,0,31,2,46,18,16.5,No Annual Leave Record,7
101284,Live,PW,CO,SALARIES,David Scott,4,STAFF OFFICER,FORWARD PLANNING INFRASTRUCTURE,HUMAN RESOURCES,0,No Sick Leave Record,No Sick Leave Record,No Sick Leave Record,100864,100010,0,100358,0,13,5,22.5,11,10,7,12.5
100333,Live,PW,CO,SALARIES,Kimberly Curtis,No Grade,STAFF OFFICER,PLANNING & ECONOMIC DEVELOPMENT,INFRASTRUCTURE & CLIMATE CHANGE,0,No Sick Leave Record,No Sick Leave Record,No Sick Leave Record,101292,100051,No Sick Leave Record,100714,0,27,0,31.5,25,3,5,No Annual Leave Record
101217,Live,PW,CO,FORTNIGHTLY WAGES - DLR,Patricia Palmer,7,CLERICAL OFFICER,INFRASTRUCTURE & CLIMATE CHANGE,INFRASTRUCTURE & CLIMATE CHANGE,0,No Sick Leave Record,0,No Sick Leave Record,100863,100898,0,100009,0,19,2.5,18,13,29,14,11
100421,Live,PW,CO,SALARIES,Darlene Bradley,3,CLERICAL OFFICER,FINANCE & WATER SERVICES,CORPORATE SERVICES,0,No Sick Leave Record,No Sick Leave Record,0,101310,100553,No Sick Leave Record,100261,0,No Annual Leave Record,3,34.5,7,10,No Annual Leave Record,1
101330,Live,PW,CO,SALARIES,Randy Peters,7,EXECUTIVE PARKS SUPERINTENDENT,"COMMUNITY, CULTURAL SERVICES & PARKS",PARKS,No Sick Leave Record,No Sick Leave Record,0,No Sick Leave Record,100143,100566,No Sick Leave Record,101053,0,27,0,No Annual Leave Record,18.5,14,No Annual Leave Record,11
100665,Live,PW,CO,SALARIES,Lee Walker,6,INSPECTOR (ANALOGOUS GRADE 5),"COMMUNITY, CULTURAL SERVICES & PARKS",HOUSING,0,No Sick Leave Record,144.56,0,100089,100790,No Sick Leave Record,101151,No Annual Leave Record,28.5,1,29,23.5,12,12,7
100637,Live,PW,CO,SALARIES,Robert Peck,6,SENIOR EXECUTIVE TECHNICIAN,INFRASTRUCTURE & CLIMATE CHANGE,CORPORATE SERVICES,No Sick Leave Record,No Sick Leave Record,0,No Sick Leave Record,100823,101143,No Sick Leave Record,100543,No Annual Leave Record,30,2,29.5,No Annual Leave Record,10.5,3,3
101235,Live,PW,CO,SALARIES,Maurice Ruiz,7,EXECUTIVE ENGINEER,INFRASTRUCTURE & CLIMATE CHANGE,INFRASTRUCTURE & CLIMATE CHANGE,0,0,No Sick Leave Record,0,101288,100014,0,100844,0,30,No Annual Leave Record,32.5,5,14,3,16.5
101162,Live,PW,CO,SALARIES,Tina Garcia,5,STAFF OFFICER,"COMMUNITY, CULTURAL SERVICES & PARKS",INFRASTRUCTURE & CLIMATE CHANGE,No Sick Leave Record,0,0,No Sick Leave Record,100378,100655,0,100201,0,30,0,34,15,No Annual Leave Record,3,12.5
100416,Live,PW,CO,SALARIES,Paula Ross,6,SENIOR EXECUTIVE QUANTITY SURVEYOR,INFRASTRUCTURE & CLIMATE CHANGE,INFRASTRUCTURE & CLIMATE CHANGE,0,No Sick Leave Record,No Sick Leave Record,No Sick Leave Record,100642,101263,No Sick Leave Record,101030,0,24,5,36,20.5,10,11,3
100306,Live,PW,CO,SALARIES,Karen Evans,4,EXECUTIVE ENGINEER,HOUSING,WATER SERVICES,No Sick Leave Record,No Sick Leave Record,1,No Sick Leave Record,100618,100543,0,101059,0,30,0,24,No Annual Leave Record,15,3,5
100501,Live,PW,CO,FORTNIGHTLY WAGES - DLR,Ryan Stanton,No Grade,ADMINISTRATIVE OFFICER,PLANNING & ECONOMIC DEVELOPMENT,HOUSING,No Sick Leave Record,0,No Sick Leave Record,44,101046,100244,0,101174,0,14.5,5,30,0,12,3,7
100488,Live,PW,CO,SALARIES,Amanda Ramos,6,UNDERGRADUATE STUDENT TEMPORARY,CORPORATE AFFAIRS,CORPORATE SERVICES,No Sick Leave Record,0,2,No Sick Leave Record,100370,100585,No Sick Leave Record,100248,0,14,5,7.5,16.5,13,3,10
100811,Live,PW,CO,SALARIES,Linda Ponce,3,SENIOR EXECUTIVE ARCHITECT,PLANNING & ECONOMIC DEVELOPMENT,WATER SERVICES,No Sick Leave Record,No Sick Leave Record,No Sick Leave Record,No Sick Leave Record,101235,101153,No Sick Leave Record,100837,0,17.5,5,24,27,2,13,5
100052,Live,PW,CO,SALARIES,Robin Smith,No Grade,PICK UP DRIVER SHIFT,"COMMUNITY, CULTURAL SERVICES & PARKS",CORPORATE SERVICES,0,2.01,0,No Sick Leave Record,100860,100749,0,100848,0,No Annual Leave Record,No Annual Leave Record,25,18.5,4,2,10.5
101303,Live,PW,CO,SALARIES,Richard Martin,3,CLERICAL OFFICER,HOUSING,HOUSING,No Sick Leave Record,No Sick Leave Record,0,41,100730,100122,No Sick Leave Record,101249,0,No Annual Leave Record,No Annual Leave Record,32,10,16.5,16,4
100274,Live,PW,CO,SALARIES,Richard Williams,No Grade,GENERAL OPERATIVE,PLANNING & ECONOMIC DEVELOPMENT,IT,No Sick Leave Record,No Sick Leave Record,No Sick Leave Record,No Sick Leave Record,100869,100562,0,100700,0,30,0,37,17,14,3,No Annual Leave Record
100519,Live,PW,CO,SALARIES,Dennis Gonzalez,6,CLERICAL OFFICER,"COMMUNITY, CULTURAL SERVICES & PARKS",HARBOUR,0,8,No Sick Leave Record,No Sick Leave Record,100996,101136,No Sick Leave Record,100758,0,24,0,24,17,11,0,6.5
100265,Live,PW,CO,SALARIES,Ryan Herrera,3,REFERENCER,PLANNING & ECONOMIC DEVELOPMENT,IT,0,No Sick Leave Record,No Sick Leave Record,No Sick Leave Record,101157,100530,No Sick Leave Record,101049,0,24,3.5,30,20,7.5,3,8
101230,Live,PW,CO,SALARIES,Ashley Johnson,4,GREEN MACHINE OPERATIVE,"COMMUNITY, CULTURAL SERVICES & PARKS",HOUSING,No Sick Leave Record,No Sick Leave Record,0,0,101106,100699,0,100160,0,24,5,22,17.5,27,7,7
101346,Live,PW,CO,FORTNIGHTLY WAGES - DLR,Peter Martinez,No Grade,LIBRARY ASSISTANT,INFRASTRUCTURE & CLIMATE CHANGE,INFRASTRUCTURE & CLIMATE CHANGE,0,No Sick Leave Record,No Sick Leave Record,0,100647,100963,No Sick Leave Record,101085,0,24,5,28,12,12.5,3,7.5
100071,Live,PW,CO,SALARIES,Cheryl Fernandez,3,ADMINISTRATIVE OFFICER,INFRASTRUCTURE & CLIMATE CHANGE,CULTURE,No Sick Leave Record,0,17,No Sick Leave Record,101352,100318,0,101315,0,30,5,35,19,5,13,No Annual Leave Record
100980,Live,PW,CO,SALARIES,Felicia Aguilar,3,DRIVER,"COMMUNITY, CULTURAL SERVICES & PARKS",CULTURE,0,0,0,No Sick Leave Record,101324,100247,No Sick Leave Record,100524,0,32,5,35,No Annual Leave Record,15,14,4.5
100999,Live,PW,CO,FORTNIGHTLY WAGES - DLR,Timothy Reed,No Grade,ASST ENVIRONMENTAL AWARENESS OFFICER,"COMMUNITY, CULTURAL SERVICES & PARKS",INFRASTRUCTURE & CLIMATE CHANGE,0,0,No Sick Leave Record,5,101240,100788,No Sick Leave Record,100376,0,30,3,34,21,6.5,3,6
100425,Live,PW,CO,SALARIES,James Nelson,6,SENIOR LIBRARY ASSISTANT,PLANNING & ECONOMIC DEVELOPMENT,FINANCE,No Sick Leave Record,No Sick Leave Record,0,No Sick Leave Record,100082,100482,No Sick Leave Record,101147,0,30,0,29,11,2,3,13.5
100209,Live,PW,CO,SALARIES,Deborah Parker,3,CLERICAL OFFICER,INFRASTRUCTURE & CLIMATE CHANGE,PLANNING,No Sick Leave Record,0,0,No Sick Leave Record,100265,100180,3,101241,0,24,0,24,15,12.5,0,No Annual Leave Record
100019,Live,PW,CO,SALARIES,Marc Wiggins,3,LIBRARY ASSISTANT,CORPORATE AFFAIRS,ARCHITECTS,0,No Sick Leave Record,7,No Sick Leave Record,100180,100248,No Sick Leave Record,100211,0,30,0,26,23,No Annual Leave Record,5,1.5
100244,Live,PW,CO,SALARIES,Jennifer Perry,6,CRAFTSMAN,CORPORATE AFFAIRS,INFRASTRUCTURE & CLIMATE CHANGE,0,No Sick Leave Record,No Sick Leave Record,3,100289,101220,0,100063,0,28,0,No Annual Leave Record,28.5,12,3,7
100214,Live,PW,CO,SALARIES,David Lane,No Grade,SCHOOL WARDEN,FINANCE & WATER SERVICES,INFRASTRUCTURE & CLIMATE CHANGE,No Sick Leave Record,No Sick Leave Record,0,2.5,100539,100735,No Sick Leave Record,100574,0,29,0,34,27.5,12,No Annual Leave Record,8
100952,Live,PW,CO,SALARIES,Amy Rose,5,ADMINISTRATIVE OFFICER,PLANNING & ECONOMIC DEVELOPMENT,HOUSING,No Sick Leave Record,No Sick Leave Record,0,4,101170,100762,0,101242,0,No Annual Leave Record,0,21.5,21,19,No Annual Leave Record,5.5
101261,Live,PW,CO,SALARIES,Joanna Glass,5,CLERICAL OFFICER,ARCHITECTS,HUMAN RESOURCES,0,No Sick Leave Record,No Sick Leave Record,3,101032,100421,0,100759,0,27,5,22,26,11,3,7
100934,Live,PW,CO,SALARIES,Anne Alexander,4,BUILDING INSPECTOR/ CLERK OF WORKS,HOUSING,INFRASTRUCTURE & CLIMATE CHANGE,No Sick Leave Record,0.03,No Sick Leave Record,10,100002,100694,No Sick Leave Record,100369,0,28.5,No Annual Leave Record,No Annual Leave Record,17.5,19.5,5,14
101055,Live,PW,CO,SALARIES,Jennifer Gay,No Grade,ASSISTANT ARCHITECT,PLANNING & ECONOMIC DEVELOPMENT,FINANCE,No Sick Leave Record,No Sick Leave Record,0,No Sick Leave Record,100405,100843,No Sick Leave Record,101145,0,No Annual Leave Record,0,35,20,14,No Annual Leave Record,12
100219,Live,PW,CO,SALARIES,Barbara Hill,No Grade,SCHOOL WARDEN,INFRASTRUCTURE & CLIMATE CHANGE,INFRASTRUCTURE & CLIMATE CHANGE,No Sick Leave Record,0,No Sick Leave Record,0,100074,100707,No Sick Leave Record,100588,0,30,5,33,6.5,14.5,0,No Annual Leave Record
100301,Live,PW,CO,SALARIES,Lauren Kim,No Grade,GENERAL OPERATIVE,INFRASTRUCTURE & CLIMATE CHANGE,HOUSING,0,No Sick Leave Record,0,No Sick Leave Record,101069,100920,No Sick Leave Record,100107,0,34,5,15,22,0,13,1
100254,Live,PW,CO,FORTNIGHTLY WAGES - DLR,Kristen Johnson,No Grade,STAFF OFFICER,INFRASTRUCTURE & CLIMATE CHANGE,INFRASTRUCTURE & CLIMATE CHANGE,No Sick Leave Record,No Sick Leave Record,0,No Sick Leave Record,100991,100331,0,100475,0,24,5,26,10.5,No Annual Leave Record,0,5.5
100033,Live,PW,CO,SALARIES,David Stevenson,5,SCHOOL WARDEN,INFRASTRUCTURE & CLIMATE CHANGE,HOUSING,0,No Sick Leave Record,13,0,100440,100362,No Sick Leave Record,101368,0,24,4,35,14.5,9.5,3,16.5
100165,Live,PW,CO,FORTNIGHTLY WAGES - DLR,Patrick Myers,5,CLERICAL OFFICER,INFRASTRUCTURE & CLIMATE CHANGE,HOUSING,No Sick Leave Record,0,No Sick Leave Record,No Sick Leave Record,100565,100954,0,100348,0,24,5,32,No Annual Leave Record,No Annual Leave Record,5,No Annual Leave Record
100698,Live,PW,CO,SALARIES,Donna Rodriguez,3,DRIVER,"COMMUNITY, CULTURAL SERVICES & PARKS",PARKS,0,No Sick Leave Record,No Sick Leave Record,3,100513,100088,0,101139,0,27,5,29,18,8,0,6
100810,Live,PW,CO,SALARIES,Andrew Brown,No Grade,SUPERVISOR ROADS,"COMMUNITY, CULTURAL SERVICES & PARKS",INFRASTRUCTURE & CLIMATE CHANGE,No Sick Leave Record,20.57,No Sick Leave Record,No Sick Leave Record,100403,100769,2,101275,No Annual Leave Record,32,5,32.5,19,10,8,2.5
100157,Live,PW,CO,SALARIES,Stephen Sandoval,6,SCHOOL WARDEN,INFRASTRUCTURE & CLIMATE CHANGE,CHERRYWOOD,No Sick Leave Record,No Sick Leave Record,0,No Sick Leave Record,101243,100211,0,100722,0,32,1,No Annual Leave Record,24,21,3,6.5
100970,Live,PW,CO,FORTNIGHTLY WAGES - DLR,Patrick Harris,8,HOUSING INVESTIGATIONS OFF GENERAL,PLANNING & ECONOMIC DEVELOPMENT,FINANCE,No Sick Leave Record,No Sick Leave Record,No Sick Leave Record,No Sick Leave Record,100416,101228,0,100171,0,30,0,30,No Annual Leave Record,No Annual Leave Record,3,7.5
101136,Live,PW,CO,SALARIES,Kevin Haynes,No Grade,ASSISTANT STAFF OFFICER,HOUSING,CORPORATE SERVICES,0,0,0,No Sick Leave Record,100470,100571,0,101114,No Annual Leave Record,30,5,25,19,No Annual Leave Record,0,4
101002,Live,PW,CO,SALARIES,Brittany Russell,5,DRIVER ROAD SWEEPER,FINANCE & WATER SERVICES,INFRASTRUCTURE & CLIMATE CHANGE,No Sick Leave Record,No Sick Leave Record,No Sick Leave Record,No Sick Leave Record,100181,101312,No Sick Leave Record,100118,0,No Annual Leave Record,5,26.5,1,-0.5,3,24
100392,Live,PW,CO,FORTNIGHTLY WAGES - DLR,Ryan Martin,4,WATER SERVICES INSPECTOR,INFRASTRUCTURE & CLIMATE CHANGE,CULTURE,0,No Sick Leave Record,0,0,101009,101209,0,101142,0,30,5,27,3,18,3,2.5
100341,Live,PW,CO,FORTNIGHTLY WAGES - DLR,Michael Lewis,No Grade,STAFF OFFICER,CORPORATE AFFAIRS,FINANCE,0,No Sick Leave Record,0,No Sick Leave Record,100276,100973,No Sick Leave Record,100520,0,30,5,35,No Annual Leave Record,9,6,No Annual Leave Record
100452,Live,PW,CO,FORTNIGHTLY WAGES - DLR,Johnny Ruiz,7,ANALYST PROGRAMMER,INFRASTRUCTURE & CLIMATE CHANGE,PARKS,No Sick Leave Record,No Sick Leave Record,No Sick Leave Record,No Sick Leave Record,100035,101313,No Sick Leave Record,100255,0,No Annual Leave Record,0,29,6,No Annual Leave Record,No Annual Leave Record,10
101321,Live,TP,CO,SALARIES,Sarah Johnson,5,STAFF OFFICER,FORWARD PLANNING INFRASTRUCTURE,IT,0,No Sick Leave Record,No Sick Leave Record,0,100535,100516,No Sick Leave Record,100536,0,12.5,No Annual Leave Record,24,21.5,1,3,16.5
100966,Live,PW,CO,FORTNIGHTLY WAGES - DLR,Jennifer Davis,6,STAFF OFFICER,"COMMUNITY, CULTURAL SERVICES & PARKS",ENTERPRISE,0,0,10,0,100362,100957,0,100288,0,24,0,No Annual Leave Record,No Annual Leave Record,16.5,7,9.5
101029,Live,PW,CO,FORTNIGHTLY WAGES - DLR,Laura Allen,4,DRIVER SHIFT HARBOUR,INFRASTRUCTURE & CLIMATE CHANGE,FINANCE,0,2.19,No Sick Leave Record,No Sick Leave Record,100354,101177,No Sick Leave Record,100809,0,30,0,No Annual Leave Record,10,30,3,8.5
100020,Live,PW,CO,SALARIES,Jennifer Burns,No Grade,ASSISTANT FOREMAN OF WORKS,HOUSING,CORPORATE SERVICES,0,No Sick Leave Record,14,0,101064,101087,0,100237,0,14.5,0,34,No Annual Leave Record,8,3,3.5
101129,Live,PW,CO,FORTNIGHTLY WAGES - DLR,Justin Johnson,5,WATER SERVICES INSPECTOR,"COMMUNITY, CULTURAL SERVICES & PARKS",INFRASTRUCTURE & CLIMATE CHANGE,No Sick Leave Record,18.5,0,0,101238,100347,2,100295,0,27,5,35,19,13.5,6.5,2
100083,Live,PW,CO,FORTNIGHTLY WAGES - DLR,Michael Hester MD,6,ASSISTANT STAFF OFFICER,INFRASTRUCTURE & CLIMATE CHANGE,IT,No Sick Leave Record,No Sick Leave Record,No Sick Leave Record,No Sick Leave Record,101149,100765,No Sick Leave Record,100955,0,30,5,31.5,3,11,No Annual Leave Record,12
101111,Live,PW,CO,SALARIES,Amanda Woodward,No Grade,LIBRARY ASSISTANT,INFRASTRUCTURE & CLIMATE CHANGE,HUMAN RESOURCES,No Sick Leave Record,No Sick Leave Record,No Sick Leave Record,No Sick Leave Record,100050,100389,0,100781,0,No Annual Leave Record,5,26,No Annual Leave Record,7.5,0,No Annual Leave Record
100140,Live,PW,CO,SALARIES,Robert Brady,4,EXECUTIVE ARCHITECT,"COMMUNITY, CULTURAL SERVICES & PARKS",HUMAN RESOURCES,No Sick Leave Record,No Sick Leave Record,3,0,101110,100928,No Sick Leave Record,100249,0,27,5,28,10,9,3,10
100701,Live,PW,CO,FORTNIGHTLY WAGES - DLR,Diane Johnson,4,EXECUTIVE PLANNER,PLANNING & ECONOMIC DEVELOPMENT,INFRASTRUCTURE & CLIMATE CHANGE,No Sick Leave Record,No Sick Leave Record,No Sick Leave Record,No Sick Leave Record,100185,100404,0,100644,0,30,5,No Annual Leave Record,22,20.5,3,9
101075,Live,PW,CO,SALARIES,Wendy Reynolds,4,CLERICAL OFFICER,FINANCE & WATER SERVICES,INFRASTRUCTURE & CLIMATE CHANGE,No Sick Leave Record,No Sick Leave Record,0,No Sick Leave Record,100959,100598,No Sick Leave Record,101126,0,9.5,0,29,11.5,20,6,4
100145,Live,PW,CO,SALARIES,Christopher Smith,3,GENERAL OPERATIVE,"COMMUNITY, CULTURAL SERVICES & PARKS",PLANNING,0,No Sick Leave Record,0,No Sick Leave Record,100603,100375,No Sick Leave Record,100619,0,30,0.5,26,16.5,6,2.5,14
100300,Live,PW,CO,FORTNIGHTLY WAGES - DLR,David Valenzuela,3,GENERAL OPERATIVE,INFRASTRUCTURE & CLIMATE CHANGE,INFRASTRUCTURE & CLIMATE CHANGE,0,No Sick Leave Record,No Sick Leave Record,No Sick Leave Record,101245,100623,No Sick Leave Record,100310,0,8.5,2,28,0,14,No Annual Leave Record,12
100370,Live,PW,CO,SALARIES,Tanya Duncan,6,SCHOOL WARDEN,INFRASTRUCTURE & CLIMATE CHANGE,HOUSING,No Sick Leave Record,24.6,No Sick Leave Record,2,100452,100607,0,100193,0,30,No Annual Leave Record,33,23,12.5,3.5,1
100152,Live,PW,CO,SALARIES,Mike Jones,6,EXECUTIVE PLANNER,CORPORATE AFFAIRS,IT,No Sick Leave Record,No Sick Leave Record,No Sick Leave Record,0,100110,100061,No Sick Leave Record,101066,0,17,0,32.5,21,23,3,20
100284,Live,PW,CO,FORTNIGHTLY WAGES - DLR,David Charles,No Grade,GENERAL OPERATIVE,"COMMUNITY, CULTURAL SERVICES & PARKS",CULTURE,0,No Sick Leave Record,No Sick Leave Record,0,101103,100415,0,100584,0,No Annual Leave Record,4,34,No Annual Leave Record,16.5,15,9.5
100926,Live,PW,CO,FORTNIGHTLY WAGES - DLR,Judy Miles,7,SCHOOL WARDEN,FORWARD PLANNING INFRASTRUCTURE,FINANCE,0,No Sick Leave Record,No Sick Leave Record,No Sick Leave Record,100111,101242,0,100275,No Annual Leave Record,30,5,35,0,15.5,7,8
100850,Live,PW,CO,SALARIES,Melissa Edwards,3,CLERICAL OFFICER,INFRASTRUCTURE & CLIMATE CHANGE,PARKS,0,0,No Sick Leave Record,No Sick Leave Record,100174,100222,No Sick Leave Record,100294,0,30,2.5,34,10.5,18.5,10,6.5
100677,Live,PW,CO,FORTNIGHTLY WAGES - DLR,Kaylee Donaldson,No Grade,SCHOOL WARDEN,"COMMUNITY, CULTURAL SERVICES & PARKS",PARKS,No Sick Leave Record,0,No Sick Leave Record,No Sick Leave Record,100192,100297,No Sick Leave Record,101129,0,30,5,24,3.5,13.5,0,No Annual Leave Record
100009,Live,PW,CO,SALARIES,Michelle Fry,No Grade,SENIOR RESIDENT ENGINEER TEMP,PLANNING & ECONOMIC DEVELOPMENT,INFRASTRUCTURE & CLIMATE CHANGE,0,0.02,No Sick Leave Record,0,101089,100656,0,101182,0,No Annual Leave Record,5,27.5,20.5,16,No Annual Leave Record,12
100565,Live,PW,CO,SALARIES,David Leonard,7,DRIVER ROAD SWEEPER,CORPORATE AFFAIRS,INFRASTRUCTURE & CLIMATE CHANGE,0,0,0,No Sick Leave Record,100905,100313,1.5,100617,No Annual Leave Record,32,0,41,25,30,3,13.5
100321,Live,PW,CO,SALARIES,Brett Ashley,4,I.S. TECHNICAL OFFICER,INFRASTRUCTURE & CLIMATE CHANGE,INFRASTRUCTURE & CLIMATE CHANGE,No Sick Leave Record,No Sick Leave Record,6.5,0,100219,101188,0,100664,0,30,2,29,18.5,12,3,12
100030,Live,PW,CO,SALARIES,Thomas Jacobs,8,ASSISTANT STAFF OFFICER,"COMMUNITY, CULTURAL SERVICES & PARKS",PARKS,0,0,0,No Sick Leave Record,100094,100883,No Sick Leave Record,101310,0,23,1.5,14.5,15,11,No Annual Leave Record,8.5
101090,Live,PW,CO,FORTNIGHTLY WAGES - DLR,John White,4,STAFF OFFICER,INFRASTRUCTURE & CLIMATE CHANGE,ARCHITECTS,0,No Sick Leave Record,6,No Sick Leave Record,101214,101256,0,101196,0,29,No Annual Leave Record,28,No Annual Leave Record,No Annual Leave Record,7.5,14
100484,Live,PW,CO,FORTNIGHTLY WAGES - DLR,Cody Hall,3,LIBRARY ASSISTANT,INFRASTRUCTURE & CLIMATE CHANGE,CULTURE,No Sick Leave Record,0,0,2,101062,100147,0,100053,0,No Annual Leave Record,4,37,No Annual Leave Record,16,20,No Annual Leave Record
100925,Live,PW,CO,SALARIES,Rachel Dougherty,4,ASSISTANT STAFF OFFICER,PLANNING & ECONOMIC DEVELOPMENT,CULTURE,0,No Sick Leave Record,No Sick Leave Record,13.5,100770,100724,0,100272,0,30,No Annual Leave Record,35,14,10.5,3,5
100881,Live,PW,CO,SALARIES,Maureen Villarreal,No Grade,GRADUATE ENGINEER,"COMMUNITY, CULTURAL SERVICES & PARKS",INFRASTRUCTURE & CLIMATE CHANGE,No Sick Leave Record,0,No Sick Leave Record,No Sick Leave Record,100540,101299,0,100421,0,No Annual Leave Record,5,31,12,17,9.5,12
100440,Live,TW,CO,SALARIES,Savannah Mcgee,4,RESIDENT ENGINEER TEMPORARY,"COMMUNITY, CULTURAL SERVICES & PARKS",PARKS,No Sick Leave Record,No Sick Leave Record,No Sick Leave Record,No Sick Leave Record,100210,100840,No Sick Leave Record,101009,0,24,0,26,24,9.5,12,15
100402,Live,PW,CO,SALARIES,Nathan Lee,4,GENERAL OPERATIVE,INFRASTRUCTURE & CLIMATE CHANGE,INFRASTRUCTURE & CLIMATE CHANGE,No Sick Leave Record,No Sick Leave Record,No Sick Leave Record,0,100457,100504,No Sick Leave Record,100010,0,30,0,31.5,22.5,1,3,1
100700,Live,PW,CO,SALARIES,Michelle Harris,No Grade,STAFF OFFICER,"COMMUNITY, CULTURAL SERVICES & PARKS",CULTURE,No Sick Leave Record,3.15,2,No Sick Leave Record,101211,100838,No Sick Leave Record,100103,0,30,0.5,33,13.5,8.5,4.5,4
100556,Live,PW,CO,FORTNIGHTLY WAGES - DLR,Ryan Harris,No Grade,ASSISTANT FOREMAN GARDENER,"COMMUNITY, CULTURAL SERVICES & PARKS",CULTURE,0,4.51,No Sick Leave Record,No Sick Leave Record,101318,101156,0,100582,0,No Annual Leave Record,4,35,12.5,5.5,3,5
100023,Live,PW,CO,SALARIES,John Williamson,6,LIFEGUARD,ARCHITECTS,CHERRYWOOD,0,No Sick Leave Record,6.5,2,101018,100091,No Sick Leave Record,100393,0,29,2,34,No Annual Leave Record,8.5,6,1
100902,Live,PW,CO,SALARIES,Anna Jensen,No Grade,GENERAL OPERATIVE SHIFT,INFRASTRUCTURE & CLIMATE CHANGE,HOUSING,0,0,No Sick Leave Record,No Sick Leave Record,100937,100532,0,100756,0,29,3,No Annual Leave Record,14.5,7.5,3,10
101115,Live,TW,CO,FORTNIGHTLY WAGES - DLR,Seth Parker,No Grade,SENIOR EXECUTIVE PLANNER,PLANNING & ECONOMIC DEVELOPMENT,WATER SERVICES,0,22,No Sick Leave Record,0,100024,100386,No Sick Leave Record,100402,0,24,5,28.5,20,No Annual Leave Record,3,7.5
100940,Live,PW,CO,FORTNIGHTLY WAGES - DLR,Jennifer Williams,5,CLERICAL OFFICER,HOUSING,PARKS,0,0,0,No Sick Leave Record,100232,101044,No Sick Leave Record,100403,0,32,No Annual Leave Record,No Annual Leave Record,17.5,19.5,3,9
101094,Live,PW,CO,FORTNIGHTLY WAGES - DLR,Sheri Clark,No Grade,DISTRICT SUPERVISOR PARKS,"COMMUNITY, CULTURAL SERVICES & PARKS",INFRASTRUCTURE & CLIMATE CHANGE,No Sick Leave Record,No Sick Leave Record,No Sick Leave Record,No Sick Leave Record,100659,100733,2,100978,0,30,0,33,4.5,16.5,3,9
100971,Live,PW,CO,SALARIES,Cole Guerrero,No Grade,GANGER,"COMMUNITY, CULTURAL SERVICES & PARKS",HOUSING,No Sick Leave Record,0.44,0,No Sick Leave Record,100676,100798,No Sick Leave Record,100353,0,30,5,33,19,No Annual Leave Record,No Annual Leave Record,4
100882,Live,PW,CO,SALARIES,Reginald Scott,8,GENERAL OPERATIVE,HOUSING,CULTURE,No Sick Leave Record,0.73,No Sick Leave Record,0,101039,101358,No Sick Leave Record,100352,No Annual Leave Record,24,3.5,12,20,12,0,11.5
100759,Live,PW,CO,SALARIES,Mary Robinson,No Grade,DRIVER CLEANSING,INFRASTRUCTURE & CLIMATE CHANGE,HARBOUR,No Sick Leave Record,No Sick Leave Record,No Sick Leave Record,No Sick Leave Record,100635,100776,No Sick Leave Record,100487,0,30,0,27,18,17,0,7
100389,Live,PW,CO,SALARIES,Sherry Bishop,3,CLERICAL OFFICER,CORPORATE AFFAIRS,IT,0,0,No Sick Leave Record,No Sick Leave Record,100214,100509,0,101006,0,29,0,33,22,12,9,12.5
101184,Live,PW,CO,FORTNIGHTLY WAGES - DLR,James Thomas,No Grade,DRIVER ROAD SWEEPER,INFRASTRUCTURE & CLIMATE CHANGE,HOUSING,No Sick Leave Record,No Sick Leave Record,No Sick Leave Record,0,100779,101281,No Sick Leave Record,100866,0,32,5,28.5,0,12.5,0,12.5
100803,Live,PW,CO,FORTNIGHTLY WAGES - DLR,Karen Robinson,7,SENIOR STAFF OFFICER,HOUSING,COMMUNITY,0,23.19,0,0,101041,100066,No Sick Leave Record,100655,0,30,0,No Annual Leave Record,17,19,8,No Annual Leave Record
101225,Live,TW,CO,FORTNIGHTLY WAGES - DLR,Rebecca Jordan,No Grade,GANGER PARKS,PLANNING & ECONOMIC DEVELOPMENT,INFRASTRUCTURE & CLIMATE CHANGE,0,2.02,0,No Sick Leave Record,100196,101306,No Sick Leave Record,100833,0,No Annual Leave Record,0,30,No Annual Leave Record,13,0,2
100334,Live,PW,CO,SALARIES,Elizabeth Brown,6,CLERICAL OFFICER,INFRASTRUCTURE & CLIMATE CHANGE,CORPORATE SERVICES,No Sick Leave Record,0,5,No Sick Leave Record,101081,101016,No Sick Leave Record,100375,0,24,No Annual Leave Record,30,No Annual Leave Record,16,3,No Annual Leave Record
100839,Live,PW,CO,SALARIES,Jordan Crosby,7,ASSISTANT STAFF OFFICER,ARCHITECTS,CORPORATE SERVICES,0,No Sick Leave Record,No Sick Leave Record,0,100559,100579,0,100829,0,No Annual Leave Record,5,28,1,11.5,4.5,5.5
101188,Live,PW,CO,FORTNIGHTLY WAGES - DLR,Natalie Jordan,3,AREA COMMUNITY OFFICER,"COMMUNITY, CULTURAL SERVICES & PARKS",HUMAN RESOURCES,0,No Sick Leave Record,0,No Sick Leave Record,101172,100867,0,100525,0,13,5,29,20.5,12.5,3,No Annual Leave Record
100684,Live,PW,CO,SALARIES,Stephanie White,6,ADMINISTRATIVE OFFICER,INFRASTRUCTURE & CLIMATE CHANGE,WATER SERVICES,No Sick Leave Record,No Sick Leave Record,No Sick Leave Record,No Sick Leave Record,100112,101075,No Sick Leave Record,100034,0,24,2,34,17,8,3,8.5
100731,Live,PW,CO,SALARIES,Nicole Thompson,5,ASSISTANT STAFF OFFICER,INFRASTRUCTURE & CLIMATE CHANGE,INFRASTRUCTURE & CLIMATE CHANGE,No Sick Leave Record,No Sick Leave Record,No Sick Leave Record,No Sick Leave Record,100220,100377,No Sick Leave Record,101116,0,16,2.5,12,17,20,19,0.5
100958,Live,PW,CO,SALARIES,Todd Montgomery,No Grade,ADMINISTRATIVE OFFICER,"COMMUNITY, CULTURAL SERVICES & PARKS",PARKS,No Sick Leave Record,No Sick Leave Record,4,No Sick Leave Record,100737,100134,0,100979,0,29,2,20,11.5,14,3,8
100689,Live,PW,CO,SALARIES,Mr. Daniel Gonzalez,No Grade,PARK RANGER 2001,CORPORATE AFFAIRS,WATER SERVICES,No Sick Leave Record,0,28.5,No Sick Leave Record,100909,100646,No Sick Leave Record,101167,0,16.5,5,35,20.5,23.5,No Annual Leave Record,11
100260,Live,PW,CO,,Jennifer Roberts,6,ASSISTANT STAFF OFFICER,CORPORATE AFFAIRS,HOUSING,No Sick Leave Record,No Sick Leave Record,No Sick Leave Record,5.5,100648,100204,No Sick Leave Record,100774,0,24,5,34,14.5,14,4,3.5
100072,Live,PW,CO,SALARIES,Kevin Duffy,No Grade,ASSISTANT STAFF OFFICER,HOUSING,INFRASTRUCTURE & CLIMATE CHANGE,0,No Sick Leave Record,No Sick Leave Record,0,101269,100941,0,100427,0,28.5,1.5,30,20,12,4,26
100298,Live,PW,CO,FORTNIGHTLY WAGES - DLR,Marco Gardner,No Grade,HEAD OF ECONOMIC DEVELOPMENT,PLANNING & ECONOMIC DEVELOPMENT,CULTURE,0,No Sick Leave Record,No Sick Leave Record,No Sick Leave Record,100795,100295,No Sick Leave Record,100638,0,24,0,31,16,12.5,0,2.5
100412,Live,PW,CO,SALARIES,Amanda Harvey,4,ASSISTANT STAFF OFFICER,"COMMUNITY, CULTURAL SERVICES & PARKS",ARCHITECTS,No Sick Leave Record,0,0,No Sick Leave Record,100251,100064,No Sick Leave Record,100569,0,27,0.5,35,27,5,0,7
101114,Live,TW,CO,SALARIES,Melissa Lee,3,SENIOR PARKS & LANDSCAPE OFFICER,CORPORATE AFFAIRS,INFRASTRUCTURE & CLIMATE CHANGE,0,5.01,0,2,100432,101144,0,100027,0,28,0,No Annual Leave Record,24,8,8,20
101022,Live,PW,CO,SALARIES,Jason Houston,6,SCHOOL WARDEN,"COMMUNITY, CULTURAL SERVICES & PARKS",HUMAN RESOURCES,No Sick Leave Record,No Sick Leave Record,No Sick Leave Record,0,100978,101301,No Sick Leave Record,100757,0,30,0,30,24,No Annual Leave Record,0,5.5
100409,Live,PW,CO,SALARIES,Pamela Moyer,No Grade,SCHOOL WARDEN,CORPORATE AFFAIRS,HOUSING,No Sick Leave Record,No Sick Leave Record,No Sick Leave Record,No Sick Leave Record,100953,100738,1,100952,0,32,0,15,22,18.5,0,7
100920,Live,PW,CO,SALARIES,Jennifer Weber,4,GANGER,"COMMUNITY, CULTURAL SERVICES & PARKS",FINANCE,No Sick Leave Record,No Sick Leave Record,0,No Sick Leave Record,100018,100350,No Sick Leave Record,100553,0,30,1.5,32,19,6,5.5,6
101159,Live,PW,CO,SALARIES,Michelle Garcia DVM,5,STAFF OFFICER,INFRASTRUCTURE & CLIMATE CHANGE,INFRASTRUCTURE & CLIMATE CHANGE,No Sick Leave Record,0,0,No Sick Leave Record,100454,101103,0,100649,0,30,3,33.5,19,10,0,3
100032,Live,PW,CO,SALARIES,Brett Ferrell,6,EXECUTIVE TECHNICIAN,INFRASTRUCTURE & CLIMATE CHANGE,HOUSING,No Sick Leave Record,0,No Sick Leave Record,No Sick Leave Record,100836,101329,No Sick Leave Record,100532,0,30,5,34,16.5,5,3,5
100573,Live,PW,CO,SALARIES,Jane Murphy,4,DRIVER CLEANSING,PLANNING & ECONOMIC DEVELOPMENT,HOUSING,0,5,No Sick Leave Record,No Sick Leave Record,101169,100653,0,100565,0,27,5,25,17.5,4.5,0,8
101356,Live,PW,CO,SALARIES,Zachary Cervantes,5,ADMINISTRATIVE OFFICER,FINANCE & WATER SERVICES,CHERRYWOOD,0,0,No Sick Leave Record,0,100762,101063,No Sick Leave Record,100634,0,29,0,35,20,10,3,10.5
100642,Live,PW,CO,SALARIES,Kimberly Valentine,5,ASSISTANT STAFF OFFICER,"COMMUNITY, CULTURAL SERVICES & PARKS",CORPORATE SERVICES,No Sick Leave Record,0,No Sick Leave Record,0,100257,101248,No Sick Leave Record,100292,0,24,No Annual Leave Record,32,25,3.5,12,14
101103,Live,PW,CO,SALARIES,Jennifer Smith DDS,7,STAFF OFFICER,"COMMUNITY, CULTURAL SERVICES & PARKS",PLANNING,No Sick Leave Record,No Sick Leave Record,No Sick Leave Record,13,101226,101133,0,100068,0,24,0,34.5,14,3,6,11.5
100623,Live,PW,CO,SALARIES,Vanessa Bridges,5.5,SCHOOL WARDEN,CORPORATE AFFAIRS,CULTURE,No Sick Leave Record,No Sick Leave Record,No Sick Leave Record,0,101322,100352,5,101144,No Annual Leave Record,24,0,35,21,9,3,No Annual Leave Record
100455,Live,TP,CO,SALARIES,Anthony Gonzalez,7,LIBRARY ASSISTANT,"COMMUNITY, CULTURAL SERVICES & PARKS",PLANNING,No Sick Leave Record,No Sick Leave Record,No Sick Leave Record,5,100888,100802,0,101348,0,32,3,24,10,10,3,No Annual Leave Record
100437,Live,PW,CO,FORTNIGHTLY WAGES - DLR,John Spencer,No Grade,ASSISTANT STAFF OFFICER,FORWARD PLANNING INFRASTRUCTURE,INFRASTRUCTURE & CLIMATE CHANGE,0,No Sick Leave Record,No Sick Leave Record,0,100333,101350,0,101291,No Annual Leave Record,No Annual Leave Record,5,31,21.5,7,3,19
100960,Live,PW,CO,FORTNIGHTLY WAGES - DLR,Adam Stokes,3,SENIOR STAFF OFFICER,CORPORATE AFFAIRS,INFRASTRUCTURE & CLIMATE CHANGE,No Sick Leave Record,0,No Sick Leave Record,0,101364,100448,0,100544,0,13,0,33,20.5,15.5,8,1.5
100349,Live,PW,CO,FORTNIGHTLY WAGES - DLR,Michael Dickson,No Grade,CHIEF TECHNICIAN,CORPORATE AFFAIRS,ENTERPRISE,0,No Sick Leave Record,No Sick Leave Record,No Sick Leave Record,100681,100239,0,101014,0,23.5,0,27,18,20,7.5,-0.5
101011,Live,PW,AP,SALARIES,John Irwin,6,COMMUNITY WORKER,INFRASTRUCTURE & CLIMATE CHANGE,INFRASTRUCTURE & CLIMATE CHANGE,0,No Sick Leave Record,No Sick Leave Record,No Sick Leave Record,100825,100136,0,100790,0,30,0,30.5,28,18.5,3,No Annual Leave Record
100919,Live,PW,CO,FORTNIGHTLY WAGES - DLR,James Wood,4,STAFF OFFICER,HOUSING,HOUSING,No Sick Leave Record,No Sick Leave Record,No Sick Leave Record,No Sick Leave Record,100079,100465,0,100400,0,22,No Annual Leave Record,No Annual Leave Record,1,12.5,9,4
100638,Live,TW,CO,SALARIES,Mark Taylor,No Grade,SCHOOL WARDEN,PLANNING & ECONOMIC DEVELOPMENT,INFRASTRUCTURE & CLIMATE CHANGE,0,0,No Sick Leave Record,0,100222,100228,0,101222,0,19,0,37,28,18,4.5,9
101044,Dormant,PW,CO,FORTNIGHTLY WAGES - DLR,Anita Liu,4,LIFEGUARD,FINANCE & WATER SERVICES,PARKS,No Sick Leave Record,0,0,No Sick Leave Record,100418,101227,0,100161,0,30,4,30,30.5,No Annual Leave Record,No Annual Leave Record,11
100778,Live,PW,CO,FORTNIGHTLY WAGES - DLR,Anthony Thomas,3,SENIOR LIBRARY ASSISTANT,CORPORATE AFFAIRS,HUMAN RESOURCES,0,0,No Sick Leave Record,0,100629,100143,1,100185,0,28,5,31,0,8,No Annual Leave Record,11
101297,Live,PW,CO,FORTNIGHTLY WAGES - DLR,Jeffrey Allen,No Grade,ADMINISTRATIVE OFFICER,INFRASTRUCTURE & CLIMATE CHANGE,CHERRYWOOD,No Sick Leave Record,No Sick Leave Record,No Sick Leave Record,0,100281,100629,2,100464,0,30,1,24,18,15,5,6.5
101180,Live,PW,CO,SALARIES,Charles Garcia,No Grade,GANGER,CORPORATE AFFAIRS,INFRASTRUCTURE & CLIMATE CHANGE,No Sick Leave Record,No Sick Leave Record,0,1,101121,100975,No Sick Leave Record,100229,0,24,0,32.5,17,25,0,26
101270,Live,PW,CO,SALARIES,Deborah Simmons,No Grade,TECHNICIAN GRADE 1,HOUSING,HOUSING,No Sick Leave Record,No Sick Leave Record,No Sick Leave Record,0,100587,100299,0,100863,0,24,0,30,24,18,3,3.5
101361,Live,PW,CO,SALARIES,Cheryl Johnston,6,SENIOR STAFF OFFICER,"COMMUNITY, CULTURAL SERVICES & PARKS",CULTURE,No Sick Leave Record,No Sick Leave Record,0,No Sick Leave Record,100483,100662,0,100720,0,24,5,33.5,18,14.5,8,10
100308,Live,PW,CO,SALARIES,Christopher Moran,4,ASSISTANT FOREMAN OF WORKS,CORPORATE AFFAIRS,INFRASTRUCTURE & CLIMATE CHANGE,No Sick Leave Record,No Sick Leave Record,No Sick Leave Record,No Sick Leave Record,101218,100933,No Sick Leave Record,101290,0,30,0.5,30,24,15.5,No Annual Leave Record,10
101207,Live,PW,CO,FORTNIGHTLY WAGES - DLR,Kyle Pittman,6,CLIMATE ACTION CO-ORDINATOR TEMP 5 YR CO,PLANNING & ECONOMIC DEVELOPMENT,HOUSING,No Sick Leave Record,No Sick Leave Record,1,No Sick Leave Record,100914,101231,No Sick Leave Record,100996,0,No Annual Leave Record,0.5,29.5,20.5,10,0,6
101348,Live,PW,CO,SALARIES,Ethan Lowe,No Grade,SCHOOL WARDEN,"COMMUNITY, CULTURAL SERVICES & PARKS",PARKS,No Sick Leave Record,No Sick Leave Record,0,No Sick Leave Record,100547,100614,No Sick Leave Record,100789,0,32,5,35,19,15.5,0,No Annual Leave Record
100524,Live,PW,CO,SALARIES,Alexander Smith,6,LIBRARY ASSISTANT,INFRASTRUCTURE & CLIMATE CHANGE,INFRASTRUCTURE & CLIMATE CHANGE,0,5,No Sick Leave Record,0,101006,100055,1,100440,No Annual Leave Record,30,5,20,20,5,0,5.5
101336,Live,PW,CO,SALARIES,Andrea Young,8,SENIOR PLANNER,INFRASTRUCTURE & CLIMATE CHANGE,HOUSING,No Sick Leave Record,No Sick Leave Record,0,No Sick Leave Record,100756,101341,0,100129,0,30,No Annual Leave Record,28,0,8,3,0
101312,Live,PW,CO,SALARIES,Alicia Adams,No Grade,STAFF OFFICER,FINANCE & WATER SERVICES,PARKS,No Sick Leave Record,5.5,No Sick Leave Record,No Sick Leave Record,101010,100527,No Sick Leave Record,100436,0,24,4,17.5,0,7,0,No Annual Leave Record
100949,Live,PW,CO,SALARIES,Vincent Medina,No Grade,SENIOR STAFF OFFICER,"COMMUNITY, CULTURAL SERVICES & PARKS",WATER SERVICES,No Sick Leave Record,0.32,No Sick Leave Record,No Sick Leave Record,101093,101270,No Sick Leave Record,100287,0,24,0,34.5,19,8,0,4
100568,Live,PW,CO,SALARIES,John Montgomery,No Grade,STAFF OFFICER,INFRASTRUCTURE & CLIMATE CHANGE,INFRASTRUCTURE & CLIMATE CHANGE,0,No Sick Leave Record,19,No Sick Leave Record,100973,100152,0,100488,0,30,3.5,24,13,23.5,No Annual Leave Record,13
100740,Live,PW,CO,SALARIES,Kimberly Lowery,5,GENERAL OPERATIVE,"COMMUNITY, CULTURAL SERVICES & PARKS",FINANCE,0,0.01,No Sick Leave Record,0,101209,101139,0,101055,0,30,5,29,17,14,3,No Annual Leave Record
100820,Live,PW,CO,SALARIES,Christine Howard,6,INSPECTOR BUILDING MAINTENANCE,INFRASTRUCTURE & CLIMATE CHANGE,CULTURE,0,0,0,No Sick Leave Record,100852,101221,No Sick Leave Record,100559,0,29,4,29,17,16.5,3,19
100343,Live,PW,CO,FORTNIGHTLY WAGES - DLR,Edward Lane,6,STAFF OFFICER,"COMMUNITY, CULTURAL SERVICES & PARKS",HOUSING,No Sick Leave Record,6.94,36.5,0,101142,100871,No Sick Leave Record,100399,0,No Annual Leave Record,5,34,5,11,No Annual Leave Record,2
100185,Live,PW,CO,SALARIES,Kevin Elliott,6,SCHOOL WARDEN,ARCHITECTS,PARKS,No Sick Leave Record,No Sick Leave Record,No Sick Leave Record,0,100946,101115,No Sick Leave Record,101246,0,30,3.5,23,16,No Annual Leave Record,11.5,5.5
101181,Live,PW,CO,SALARIES,Derrick Singleton,No Grade,GENERAL OPERATIVE,INFRASTRUCTURE & CLIMATE CHANGE,CORPORATE SERVICES,No Sick Leave Record,2.24,No Sick Leave Record,No Sick Leave Record,101090,100233,1,100020,0,22.5,5,35,12,13.5,8,6
101110,Live,PW,CO,FORTNIGHTLY WAGES - DLR,John Miranda,5,SENIOR EXECUTIVE ARCHITECT,INFRASTRUCTURE & CLIMATE CHANGE,INFRASTRUCTURE & CLIMATE CHANGE,No Sick Leave Record,2.03,1,No Sick Leave Record,100906,101320,0,101120,0,24,0,27,18.5,20.5,3,10.5
100258,Live,PW,CO,SALARIES,Wendy Hammond,No Grade,GRADUATE PARKS & LANDSCAPE OFFICER,INFRASTRUCTURE & CLIMATE CHANGE,IT,No Sick Leave Record,0,0,No Sick Leave Record,100944,101289,No Sick Leave Record,101231,0,24,5,35,21,9.5,6,22
100849,Live,PW,CO,SALARIES,Nicole Page,4,OPERATOR TRACTOR,INFRASTRUCTURE & CLIMATE CHANGE,CORPORATE SERVICES,No Sick Leave Record,0,No Sick Leave Record,0,100682,100237,1,100694,0,24,0,27,22,12,3,5
100523,Live,PW,CO,SALARIES,Brian Russell PhD,No Grade,CLERICAL OFFICER,ARCHITECTS,CORPORATE SERVICES,No Sick Leave Record,No Sick Leave Record,No Sick Leave Record,No Sick Leave Record,100607,100073,No Sick Leave Record,100509,No Annual Leave Record,30,0,32,5,14.5,8,No Annual Leave Record
100293,Live,TP,CO,SALARIES,Joseph Mcdaniel,5,COMMUNITY WORKER,HOUSING,CULTURE,No Sick Leave Record,7.01,No Sick Leave Record,No Sick Leave Record,100040,101315,No Sick Leave Record,101185,0,30,0,27,5,30,3,16
100090,Live,PW,CO,FORTNIGHTLY WAGES - DLR,Edward Morales,6,SENIOR LEGAL ASSISTANT,HOUSING,ARCHITECTS,0,0,No Sick Leave Record,0,100188,101015,0,101067,0,27,0,35,0,0,9,18
100466,,PW,CO,SALARIES,Jonathan Williams,No Grade,ASSISTANT PLANNER,"COMMUNITY, CULTURAL SERVICES & PARKS",INFRASTRUCTURE & CLIMATE CHANGE,0,No Sick Leave Record,7,No Sick Leave Record,101336,101032,0,100825,0,17.5,5,34.5,18,0,16,16
100324,Live,PW,CO,SALARIES,Kevin Moore,No Grade,CLERICAL OFFICER,CORPORATE AFFAIRS,CORPORATE SERVICES,No Sick Leave Record,20.02,72,0,100785,100994,0,100753,0,30,1.5,31,19.5,22,0,16
101271,Live,PW,CO,FORTNIGHTLY WAGES - DLR,Donald Oneill,No Grade,HERITAGE OFFICER PERMANENT,HOUSING,PARKS,No Sick Leave Record,No Sick Leave Record,12,No Sick Leave Record,100034,100387,No Sick Leave Record,101183,0,30,0,32,No Annual Leave Record,8.5,No Annual Leave Record,3.5
100345,Live,PW,CO,SALARIES,Jennifer Nelson,No Grade,CLERICAL OFFICER,FINANCE & WATER SERVICES,INFRASTRUCTURE & CLIMATE CHANGE,0,No Sick Leave Record,No Sick Leave Record,No Sick Leave Record,101286,100163,0,100827,0,30,4,12.5,1.5,No Annual Leave Record,3,No Annual Leave Record
100942,Live,PW,CO,SALARIES,Thomas Romero,5,RESETTLEMENT OFFICER,FINANCE & WATER SERVICES,CORPORATE SERVICES,0,1.14,0,0,101120,100783,0,101179,0,24,0,17.5,0,15,No Annual Leave Record,18
100575,Live,PW,CO,SALARIES,Deborah Brown MD,No Grade,EXECUTIVE PARKS SUPERINTENDENT,"COMMUNITY, CULTURAL SERVICES & PARKS",CULTURE,0,No Sick Leave Record,No Sick Leave Record,No Sick Leave Record,100266,101003,No Sick Leave Record,100188,No Annual Leave Record,30,0,26,18,12,3,No Annual Leave Record
100344,Live,PW,CO,SALARIES,Latoya Richardson,6,SENIOR STAFF OFFICER,FINANCE & WATER SERVICES,INFRASTRUCTURE & CLIMATE CHANGE,0,2,0,No Sick Leave Record,101084,100002,No Sick Leave Record,100079,0,24,0,14,23.5,8,3,2.5
101236,Live,PW,CO,SALARIES,William Gould,6,ADMINISTRATIVE OFFICER,PLANNING & ECONOMIC DEVELOPMENT,PARKS,No Sick Leave Record,No Sick Leave Record,No Sick Leave Record,0,100780,100483,No Sick Leave Record,101105,0,30,5,No Annual Leave Record,25,0,0,12
100962,Live,PW,CO,SALARIES,Todd Reed,4,ADMINISTRATIVE OFFICER,"COMMUNITY, CULTURAL SERVICES & PARKS",CULTURE,No Sick Leave Record,No Sick Leave Record,0,No Sick Leave Record,101220,100365,0,100200,0,30,4,No Annual Leave Record,5,9.5,3,14.5
100337,Live,PW,CO,SALARIES,Mrs. Joanna Williams DDS,5,SENIOR RESIDENT ENGINEER TEMP,HOUSING,INFRASTRUCTURE & CLIMATE CHANGE,No Sick Leave Record,0,0,6,100303,101359,No Sick Leave Record,100918,0,32,5,25,14,4.5,0,10.5
100900,Live,PW,CO,SALARIES,Diana Nelson,7,GENERAL OPERATIVE,INFRASTRUCTURE & CLIMATE CHANGE,FINANCE,0,No Sick Leave Record,No Sick Leave Record,No Sick Leave Record,100016,101233,No Sick Leave Record,100418,0,30,5,36,No Annual Leave Record,12,10,9
100458,Live,PW,CO,FORTNIGHTLY WAGES - DLR,Michelle Martinez,8,BUILDING INSPECTOR/ CLERK OF WORKS,PLANNING & ECONOMIC DEVELOPMENT,INFRASTRUCTURE & CLIMATE CHANGE,0,No Sick Leave Record,No Sick Leave Record,No Sick Leave Record,101270,100270,1,100803,0,30,5,24,23,20,0,7
100489,Live,PW,CO,SALARIES,Whitney Schmidt,6,GENERAL OPERATIVE,CORPORATE AFFAIRS,HOUSING,No Sick Leave Record,19,1,1,100150,101114,0.5,100739,0,No Annual Leave Record,5,26,19.5,13,3,13
100643,Live,PW,CO,SALARIES,Adam Holland,6,DRIVER CLEANSING,INFRASTRUCTURE & CLIMATE CHANGE,CULTURE,No Sick Leave Record,0,No Sick Leave Record,No Sick Leave Record,100816,100139,0,100729,0,27,No Annual Leave Record,18,20,10.5,3,10
101199,Live,PW,CO,FORTNIGHTLY WAGES - DLR,Carl Miller,No Grade,EXECUTIVE ENGINEER,HOUSING,INFRASTRUCTURE & CLIMATE CHANGE,0,No Sick Leave Record,No Sick Leave Record,No Sick Leave Record,100947,101131,0,101040,No Annual Leave Record,27,4.5,37,16,27,0,0
100564,Live,PW,CO,,Jacqueline Brown,5,CLERICAL OFFICER,CORPORATE AFFAIRS,ENTERPRISE,0,2,No Sick Leave Record,No Sick Leave Record,100226,100969,No Sick Leave Record,101075,0,9,3.5,31,26.5,6.5,3,10.5
100507,Live,PW,CO,SALARIES,Lee Bowman,7,GIS SYSTEMS OFFICER,CORPORATE AFFAIRS,INFRASTRUCTURE & CLIMATE CHANGE,No Sick Leave Record,12.43,No Sick Leave Record,0,100970,100567,No Sick Leave Record,100412,0,30,0,29,16,23.5,0,No Annual Leave Record
100094,Live,PW,CO,FORTNIGHTLY WAGES - DLR,Andrea Stewart,5,SENIOR STAFF OFFICER,INFRASTRUCTURE & CLIMATE CHANGE,INFRASTRUCTURE & CLIMATE CHANGE,No Sick Leave Record,0,No Sick Leave Record,No Sick Leave Record,100203,100019,No Sick Leave Record,101166,0,No Annual Leave Record,5,10,18,1.5,3,7.5
100024,Live,PW,CO,SALARIES,Anthony King,No Grade,CLERICAL OFFICER,"COMMUNITY, CULTURAL SERVICES & PARKS",ENTERPRISE,0,No Sick Leave Record,No Sick Leave Record,No Sick Leave Record,100595,100669,0,100207,0,24,1,28.5,26,17.5,0,3
100225,Live,PW,CO,FORTNIGHTLY WAGES - DLR,Jenna Erickson,No Grade,GENERAL OPERATIVE,INFRASTRUCTURE & CLIMATE CHANGE,FINANCE,0,0,No Sick Leave Record,No Sick Leave Record,100814,101229,0,100725,0,28,5,20,20,19,3,5
100660,Live,PW,CO,SALARIES,Rebecca Chung,7,STAFF OFFICER,INFRASTRUCTURE & CLIMATE CHANGE,INFRASTRUCTURE & CLIMATE CHANGE,No Sick Leave Record,0,1.5,No Sick Leave Record,100358,100262,2,100057,0,11,0,33,12,No Annual Leave Record,3,3.5
101165,Live,TW,CO,FORTNIGHTLY WAGES - DLR,Julian Ingram,No Grade,INSPECTOR (ANALOGOUS GRADE 5),"COMMUNITY, CULTURAL SERVICES & PARKS",ENTERPRISE,0,0,No Sick Leave Record,3,100534,100921,No Sick Leave Record,101109,0,12.5,2,17.5,No Annual Leave Record,No Annual Leave Record,3,12
100424,Live,PW,CO,SALARIES,Bailey Johnson,No Grade,SCHOOL WARDEN,"COMMUNITY, CULTURAL SERVICES & PARKS",PARKS,0,0,3,No Sick Leave Record,101025,101072,2,101286,0,30,0,32,26.5,14,9,1.5
100846,Live,PW,CO,SALARIES,Victor Booth,No Grade,SENIOR EXECUTIVE OFFICER,INFRASTRUCTURE & CLIMATE CHANGE,CULTURE,0,9.02,No Sick Leave Record,0,100777,100208,No Sick Leave Record,100663,0,30,3.5,35,No Annual Leave Record,14,0,12
101079,Live,PW,CO,SALARIES,Richard Gilmore,No Grade,ASSISTANT STOREKEEPER,PLANNING & ECONOMIC DEVELOPMENT,PLANNING,0,No Sick Leave Record,No Sick Leave Record,No Sick Leave Record,101306,100686,0,100624,0,32,6.5,No Annual Leave Record,0,6.5,3,10
100309,Live,TP,CO,FORTNIGHTLY WAGES - DLR,Sarah Hall,No Grade,LIFEGUARD,HOUSING,PLANNING,0,0,0,0,101340,101246,No Sick Leave Record,101344,No Annual Leave Record,24,4,29,10.5,26,9,4
100380,Live,PW,CO,SALARIES,Samantha Payne,3,RECYCLING CENTRE ATTENDANT,CORPORATE AFFAIRS,ENTERPRISE,No Sick Leave Record,No Sick Leave Record,0,No Sick Leave Record,101284,100339,No Sick Leave Record,100073,0,10,0,24,18,11.5,13,8
100479,Live,PW,CO,SALARIES,Jennifer Shields,3,SENIOR STAFF OFFICER,FINANCE & WATER SERVICES,INFRASTRUCTURE & CLIMATE CHANGE,0,No Sick Leave Record,No Sick Leave Record,0,101024,100087,No Sick Leave Record,101010,0,30,No Annual Leave Record,30,23.5,19,6,6
100947,Live,PW,CO,SALARIES,Christopher Garcia,No Grade,ASSISTANT STAFF OFFICER,INFRASTRUCTURE & CLIMATE CHANGE,HOUSING,0,No Sick Leave Record,No Sick Leave Record,No Sick Leave Record,101030,100964,No Sick Leave Record,101216,0,30,0,34.5,12,12,3,6
100593,Live,TW,CO,SALARIES,Victor Griffin,No Grade,TECHNICIAN GRADE 1,FINANCE & WATER SERVICES,HOUSING,No Sick Leave Record,No Sick Leave Record,24,No Sick Leave Record,100512,101352,3,100970,0,24,8,30,18.5,0,18,No Annual Leave Record
101086,Live,PW,CO,SALARIES,Regina Marquez,No Grade,LIFEGUARD,FORWARD PLANNING INFRASTRUCTURE,FINANCE,0,No Sick Leave Record,0,5,100834,100322,0,100604,0,32,0,30,17.5,13,0,5
100763,Live,PW,CO,FORTNIGHTLY WAGES - DLR,Samuel Thomas,5,SENIOR EXECUTIVE PLANNER,"COMMUNITY, CULTURAL SERVICES & PARKS",INFRASTRUCTURE & CLIMATE CHANGE,No Sick Leave Record,69,No Sick Leave Record,49,100867,100709,No Sick Leave Record,100767,0,29,5,34.5,22,15,0,11
100541,Live,PW,CO,FORTNIGHTLY WAGES - DLR,Mrs. Samantha Roberson MD,7,SCHOOL WARDEN,HOUSING,INFRASTRUCTURE & CLIMATE CHANGE,No Sick Leave Record,No Sick Leave Record,0,No Sick Leave Record,101294,100260,No Sick Leave Record,100213,0,27,2.5,28.5,No Annual Leave Record,4,0,5
100290,Live,PW,CO,SALARIES,Joshua Wright,5,ASSISTANT STAFF OFFICER,PLANNING & ECONOMIC DEVELOPMENT,HUMAN RESOURCES,0,0,No Sick Leave Record,0,100063,100292,No Sick Leave Record,100291,0,No Annual Leave Record,2,9,11,13.5,3,20
100884,Live,PW,CO,FORTNIGHTLY WAGES - DLR,Thomas Stein,7,GENERAL OPERATIVE,HOUSING,CULTURE,0,No Sick Leave Record,5,5,100870,101021,No Sick Leave Record,100908,0,30,0,35,10,14,3,2
100291,Live,PW,CO,SALARIES,Lori Freeman,3,DRIVER CLEANSING,"COMMUNITY, CULTURAL SERVICES & PARKS",IT,No Sick Leave Record,No Sick Leave Record,0,144.56,100620,100953,No Sick Leave Record,100246,0,24,7,27.5,20.5,14,18,0.5
100259,Live,PW,CO,SALARIES,James Williams,4,EXECUTIVE ENGINEER,INFRASTRUCTURE & CLIMATE CHANGE,INFRASTRUCTURE & CLIMATE CHANGE,No Sick Leave Record,No Sick Leave Record,0,No Sick Leave Record,100654,100865,0,100875,0,10,1.5,28,No Annual Leave Record,No Annual Leave Record,3,2
100508,Live,TW,CO,SALARIES,Jennifer Lawrence,5,STAFF OFFICER,HOUSING,INFRASTRUCTURE & CLIMATE CHANGE,0,No Sick Leave Record,0,No Sick Leave Record,100139,100189,0,100557,0,27,0,29,9,9,3,3
100560,Live,PW,CO,SALARIES,Eric Nelson,No Grade,SUPERVISOR INSPECTOR MAINTENANCE/CLEAN,"COMMUNITY, CULTURAL SERVICES & PARKS",INFRASTRUCTURE & CLIMATE CHANGE,0,0.01,No Sick Leave Record,No Sick Leave Record,100669,100329,No Sick Leave Record,100846,0,No Annual Leave Record,3.5,42.5,22.5,8.5,5,1.5
100178,Live,PW,CO,FORTNIGHTLY WAGES - DLR,Franklin Adams,4.5,SENIOR EXECUTIVE LIBRARIAN,"COMMUNITY, CULTURAL SERVICES & PARKS",INFRASTRUCTURE & CLIMATE CHANGE,No Sick Leave Record,No Sick Leave Record,0,0,100901,100092,No Sick Leave Record,100224,0,24,5,35,10.5,9,No Annual Leave Record,No Annual Leave Record
100079,Live,PW,CO,FORTNIGHTLY WAGES - DLR,Jennifer Fields,6,GENERAL OPERATIVE,FINANCE & WATER SERVICES,PLANNING,No Sick Leave Record,14,No Sick Leave Record,No Sick Leave Record,100146,100011,No Sick Leave Record,100067,0,30,0.5,No Annual Leave Record,16,13,0,0
100275,Live,PW,CO,SALARIES,James Richmond,6,DRIVER TRACTOR LR RATE,INFRASTRUCTURE & CLIMATE CHANGE,INFRASTRUCTURE & CLIMATE CHANGE,0,No Sick Leave Record,No Sick Leave Record,0,101126,101250,No Sick Leave Record,101086,0,32,0,28.5,7,16.5,4,9
100114,Live,PW,CO,SALARIES,Laura Quinn,No Grade,SENIOR EXECUTIVE SOLICITOR,INFRASTRUCTURE & CLIMATE CHANGE,HOUSING,No Sick Leave Record,No Sick Leave Record,No Sick Leave Record,0,100255,100505,No Sick Leave Record,100573,0,30,0,30,23,9,6,18
101104,Live,PW,CO,SALARIES,Scott Stewart,5,GARDENER,CORPORATE AFFAIRS,PARKS,No Sick Leave Record,No Sick Leave Record,No Sick Leave Record,0,100070,101295,0,101279,0,30,0,29,21.5,27,7,0
100723,Live,PW,CO,SALARIES,Justin Mitchell,8.5,GENERAL OPERATIVE GATEWAY,INFRASTRUCTURE & CLIMATE CHANGE,CULTURE,0,No Sick Leave Record,No Sick Leave Record,0,100538,100182,0,101003,No Annual Leave Record,30,No Annual Leave Record,24,22,11,6,5
101262,Live,PW,CO,SALARIES,Jessica Jones,No Grade,SENIOR STAFF OFFICER,CORPORATE AFFAIRS,CULTURE,No Sick Leave Record,No Sick Leave Record,No Sick Leave Record,1,100430,100914,No Sick Leave Record,100152,0,30,No Annual Leave Record,5.5,16.5,12.5,0,9
101269,Live,PW,CO,FORTNIGHTLY WAGES - DLR,Marcus Young,3,STAFF OFFICER,"COMMUNITY, CULTURAL SERVICES & PARKS",INFRASTRUCTURE & CLIMATE CHANGE,0,3.36,No Sick Leave Record,No Sick Leave Record,100934,101348,No Sick Leave Record,100149,0,24,5,19.5,No Annual Leave Record,16,0,3
100983,Live,,CO,SALARIES,Ralph Buchanan,5,SWEEPER ROADS,"COMMUNITY, CULTURAL SERVICES & PARKS",INFRASTRUCTURE & CLIMATE CHANGE,No Sick Leave Record,No Sick Leave Record,0,No Sick Leave Record,101297,100863,No Sick Leave Record,100120,0,24,2,35,14,20,3,6
101113,Live,PW,CO,FORTNIGHTLY WAGES - DLR,Steven Sanders,4,SCHOOL WARDEN,INFRASTRUCTURE & CLIMATE CHANGE,HOUSING,No Sick Leave Record,0,No Sick Leave Record,2,100847,100210,0,100937,0,24,5,36,15.5,14.5,10,8.5
101123,Live,PW,CO,SALARIES,Derrick Randolph,No Grade,STAFF OFFICER,FINANCE & WATER SERVICES,CHERRYWOOD,No Sick Leave Record,No Sick Leave Record,No Sick Leave Record,No Sick Leave Record,101365,100640,No Sick Leave Record,100564,No Annual Leave Record,30,5,30,23,17,7.5,8
100655,Live,PW,CO,SALARIES,Jonathan Wallace,No Grade,DRIVER,INFRASTRUCTURE & CLIMATE CHANGE,CORPORATE SERVICES,No Sick Leave Record,No Sick Leave Record,0,No Sick Leave Record,100653,100986,No Sick Leave Record,100469,0,30,2.5,35,14.5,21,No Annual Leave Record,11
101208,Live,PW,CO,SALARIES,Shannon Coffey,4,GENERAL OPERATIVE,CORPORATE AFFAIRS,HOUSING,0,8.57,No Sick Leave Record,5.5,100400,101108,No Sick Leave Record,101337,0,30,5,32,11,12.5,No Annual Leave Record,15
100360,Live,PW,CO,SALARIES,Richard Phillips,No Grade,SCHOOL WARDEN,INFRASTRUCTURE & CLIMATE CHANGE,HUMAN RESOURCES,No Sick Leave Record,6,No Sick Leave Record,No Sick Leave Record,100887,100344,0,100712,0,30,5,34,10,11,4,0
101296,Live,PW,CO,SALARIES,Angela Washington,No Grade,ASSISTANT STAFF OFFICER,CORPORATE AFFAIRS,PARKS,0,2.15,9,No Sick Leave Record,100520,101014,0,100889,0,30,2,24,No Annual Leave Record,22.5,0,6
100842,Live,PW,CO,SALARIES,Andrea Glenn,8,SENIOR ENGINEER,CORPORATE AFFAIRS,CHERRYWOOD,0,No Sick Leave Record,10.5,0,101026,100052,0,101056,No Annual Leave Record,26,3,21,13,6.5,6,8
100005,Live,PW,CO,SALARIES,Mariah Russell,No Grade,CLERICAL OFFICER,CORPORATE AFFAIRS,PLANNING,No Sick Leave Record,0,No Sick Leave Record,0,100029,100223,0,101352,0,21.5,2,33,18,22,0,11.5
100979,Live,PW,CO,FORTNIGHTLY WAGES - DLR,Teresa Aguirre,4,SENIOR LIBRARIAN,"COMMUNITY, CULTURAL SERVICES & PARKS",INFRASTRUCTURE & CLIMATE CHANGE,No Sick Leave Record,0.01,No Sick Leave Record,4,101282,100192,No Sick Leave Record,100308,0,30,0,35,18,15,0,0
100305,Live,PW,CO,FORTNIGHTLY WAGES - DLR,Anthony Jenkins,5,CE SCHEME,"COMMUNITY, CULTURAL SERVICES & PARKS",INFRASTRUCTURE & CLIMATE CHANGE,0,0,0,No Sick Leave Record,100072,100657,No Sick Leave Record,100078,No Annual Leave Record,30,1,33.5,9,8.5,3,-2
100109,Live,PW,CO,SALARIES,Kimberly Henson,5,ADMINISTRATIVE OFFICER,INFRASTRUCTURE & CLIMATE CHANGE,INFRASTRUCTURE & CLIMATE CHANGE,No Sick Leave Record,No Sick Leave Record,0,0,100206,100081,No Sick Leave Record,100966,0,24,0,30,9,16,0,13.5
100836,Live,PW,CO,SALARIES,Matthew Larsen,5,STAFF OFFICER,HOUSING,INFRASTRUCTURE & CLIMATE CHANGE,No Sick Leave Record,0.06,0,2,101049,101125,No Sick Leave Record,100885,0,27,0,32,8,29,2,No Annual Leave Record
100886,Live,PW,CO,FORTNIGHTLY WAGES - DLR,Angela Banks,No Grade,STAFF OFFICER,INFRASTRUCTURE & CLIMATE CHANGE,HOUSING,0,No Sick Leave Record,No Sick Leave Record,6,101138,100302,No Sick Leave Record,101020,0,26,4,35.5,No Annual Leave Record,19,No Annual Leave Record,6
100015,Live,PW,CO,SALARIES,Christopher Owens,5,FACILITIES MANAGER,HOUSING,FINANCE,0,0,No Sick Leave Record,No Sick Leave Record,100067,100316,No Sick Leave Record,100404,0,24,4.5,35,15,16.5,13,5
100182,Live,PW,CO,SALARIES,Shannon Dickson,6,CLERICAL OFFICER,INFRASTRUCTURE & CLIMATE CHANGE,PARKS,0,No Sick Leave Record,No Sick Leave Record,No Sick Leave Record,101203,100511,No Sick Leave Record,100950,0,32,0,29,14.5,7,0,12
101194,Live,PW,CO,FORTNIGHTLY WAGES - DLR,David Ramos,3,OPERATOR TRACTOR,"COMMUNITY, CULTURAL SERVICES & PARKS",CULTURE,0,No Sick Leave Record,No Sick Leave Record,No Sick Leave Record,100364,100498,No Sick Leave Record,100972,No Annual Leave Record,No Annual Leave Record,0.5,33.5,0,7,0,9.5
100585,Live,PW,CO,SALARIES,Margaret Daniel,5,SCHOOL WARDEN,CORPORATE AFFAIRS,PLANNING,No Sick Leave Record,0.28,No Sick Leave Record,0,100915,101260,No Sick Leave Record,100804,0,No Annual Leave Record,No Annual Leave Record,No Annual Leave Record,No Annual Leave Record,22.5,8,2
100336,Live,PW,CO,FORTNIGHTLY WAGES - DLR,James Wallace,No Grade,STAFF OFFICER,INFRASTRUCTURE & CLIMATE CHANGE,CORPORATE SERVICES,No Sick Leave Record,No Sick Leave Record,No Sick Leave Record,6,100046,101058,No Sick Leave Record,101289,No Annual Leave Record,30,2.5,30,22,6,3,10
100708,Live,PW,CO,SALARIES,Brittney Ingram,No Grade,FOREMAN TRADESMAN,FINANCE & WATER SERVICES,CHERRYWOOD,0,No Sick Leave Record,0,No Sick Leave Record,100269,100810,No Sick Leave Record,100914,0,30,0,39,11,11,No Annual Leave Record,7
100286,Live,PW,CO,SALARIES,David Adams,No Grade,ASSISTANT FOREMAN OF WORKS,"COMMUNITY, CULTURAL SERVICES & PARKS",PLANNING,0,No Sick Leave Record,No Sick Leave Record,No Sick Leave Record,100578,100938,No Sick Leave Record,100382,0,26,0,37,16.5,8,0,9
100167,Live,PW,CO,SALARIES,Richard Alexander,7,EXECUTIVE ENGINEER,HOUSING,HOUSING,No Sick Leave Record,No Sick Leave Record,No Sick Leave Record,No Sick Leave Record,100065,100402,No Sick Leave Record,100437,0,24,3,28.5,14.5,15,3,14
100043,Live,PW,CO,FORTNIGHTLY WAGES - DLR,Sara Nelson,No Grade,GENERAL OPERATIVE,HOUSING,INFRASTRUCTURE & CLIMATE CHANGE,No Sick Leave Record,No Sick Leave Record,No Sick Leave Record,0,100380,101147,4,101097,0,No Annual Leave Record,2,16.5,No Annual Leave Record,2,3.5,18
100930,Live,PW,CO,FORTNIGHTLY WAGES - DLR,Melissa Bruce,7,PARK RANGER 2001,FINANCE & WATER SERVICES,PLANNING,0,No Sick Leave Record,No Sick Leave Record,0,100649,101249,0,100830,0,24,3,32,34,No Annual Leave Record,8,22
100177,Live,PW,CO,SALARIES,Sabrina Perry,No Grade,ASSISTANT STAFF OFFICER,CORPORATE AFFAIRS,PLANNING,No Sick Leave Record,No Sick Leave Record,No Sick Leave Record,No Sick Leave Record,100434,100889,No Sick Leave Record,101173,No Annual Leave Record,24,5,31,8,9,0,8
100986,Live,PW,CO,FORTNIGHTLY WAGES - DLR,Tracy Butler,5,SCHOOL WARDEN,INFRASTRUCTURE & CLIMATE CHANGE,PLANNING,No Sick Leave Record,No Sick Leave Record,0,0,100102,101028,No Sick Leave Record,100826,0,30,No Annual Leave Record,No Annual Leave Record,18.5,No Annual Leave Record,3,4
100199,Live,PW,CO,SALARIES,Evelyn Matthews,6,EXECUTIVE TECHNICIAN,HOUSING,INFRASTRUCTURE & CLIMATE CHANGE,No Sick Leave Record,No Sick Leave Record,0,No Sick Leave Record,100894,100775,1,100530,No Annual Leave Record,25,2,28,0,8,3,10
100211,Live,PW,CO,FORTNIGHTLY WAGES - DLR,Stephanie Romero,No Grade,COUNTY ARCHITECT,"COMMUNITY, CULTURAL SERVICES & PARKS",HOUSING,No Sick Leave Record,0,No Sick Leave Record,No Sick Leave Record,100988,101060,No Sick Leave Record,100710,0,24,1,24,No Annual Leave Record,30,3,8
100899,Live,PW,CO,FORTNIGHTLY WAGES - DLR,Kevin Myers,4,CLERICAL OFFICER,HOUSING,CULTURE,0,0,No Sick Leave Record,0,100004,100150,0,100013,No Annual Leave Record,24,0,No Annual Leave Record,21,16,12,19
100567,Live,PW,CO,SALARIES,Paula Carpenter,4,ASSISTANT STAFF OFFICER,"COMMUNITY, CULTURAL SERVICES & PARKS",INFRASTRUCTURE & CLIMATE CHANGE,0,No Sick Leave Record,0,0,100809,101190,3,100141,0,24,5,25,18.5,10,No Annual Leave Record,6
100540,Live,PW,CO,SALARIES,Cory Robinson,4,DRIVER SHIFT HARBOUR,INFRASTRUCTURE & CLIMATE CHANGE,CULTURE,0,0,No Sick Leave Record,No Sick Leave Record,100198,100009,No Sick Leave Record,100726,0,24,1.5,27,24,No Annual Leave Record,0,4
100728,Live,PW,CO,FORTNIGHTLY WAGES - DLR,Monique Singh,No Grade,BUSINESS ADVISOR (LEO),"COMMUNITY, CULTURAL SERVICES & PARKS",CULTURE,No Sick Leave Record,No Sick Leave Record,No Sick Leave Record,No Sick Leave Record,100329,101146,No Sick Leave Record,100368,0,No Annual Leave Record,5,30,22,13,5,0
101088,Live,PW,CO,,Timothy Huffman,8.5,CRAFTSMAN,PLANNING & ECONOMIC DEVELOPMENT,INFRASTRUCTURE & CLIMATE CHANGE,0,No Sick Leave Record,No Sick Leave Record,5,100337,100760,0,100458,0,30,0,32,20.5,8,3,7.5
101339,Live,PW,CO,FORTNIGHTLY WAGES - DLR,Mario Combs,6,SENIOR EXECUTIVE PLANNER,INFRASTRUCTURE & CLIMATE CHANGE,INFRASTRUCTURE & CLIMATE CHANGE,0,No Sick Leave Record,No Sick Leave Record,No Sick Leave Record,101326,101036,0,100581,0,30,5,35,10,8,0,2
100391,Live,PW,CO,SALARIES,Robert Weber,3,ASSISTANT STAFF OFFICER,FINANCE & WATER SERVICES,HOUSING,No Sick Leave Record,No Sick Leave Record,5,0,100925,100205,0,101024,0,32,6,29,0,24,3,6.5
100067,Live,PW,CO,SALARIES,Kiara Brown,8,FOREMAN WATER + DRAINAGE,FINANCE & WATER SERVICES,CORPORATE SERVICES,No Sick Leave Record,0,No Sick Leave Record,No Sick Leave Record,100037,100376,No Sick Leave Record,100612,0,32,5,28.5,12,14.5,3,5
100021,Live,PW,CO,FORTNIGHTLY WAGES - DLR,Anthony Carlson,7,GENERAL OPERATIVE,ARCHITECTS,INFRASTRUCTURE & CLIMATE CHANGE,No Sick Leave Record,0,1,No Sick Leave Record,100267,100101,3,100716,0,14,6,31.5,18,15.5,0,11.5
100818,Live,PW,CO,SALARIES,Kevin Combs,No Grade,ENVIRONMENTAL AWARENESS OFFICER PERM,"COMMUNITY, CULTURAL SERVICES & PARKS",ENTERPRISE,No Sick Leave Record,No Sick Leave Record,No Sick Leave Record,0,100787,100283,0,101089,0,30,5,35,24,5,3,5.5
100312,Live,TW,CO,SALARIES,Ryan Smith,No Grade,FOREMAN GARDENER,ARCHITECTS,FINANCE,No Sick Leave Record,4,No Sick Leave Record,No Sick Leave Record,100420,100261,No Sick Leave Record,100621,0,30,0,32,22.5,3.5,11,30
101268,Live,PW,CO,SALARIES,Debbie Matthews,No Grade,STAFF OFFICER,CORPORATE AFFAIRS,INFRASTRUCTURE & CLIMATE CHANGE,No Sick Leave Record,No Sick Leave Record,No Sick Leave Record,0,101107,101157,No Sick Leave Record,101000,0,30,5,31,11,12,10,12.5
100935,Live,PW,CO,SALARIES,Meredith Johnson,No Grade,ATTENDANT LIBRARY,PLANNING & ECONOMIC DEVELOPMENT,INFRASTRUCTURE & CLIMATE CHANGE,No Sick Leave Record,3.62,No Sick Leave Record,No Sick Leave Record,100167,101316,No Sick Leave Record,100025,0,30,3,32,20,No Annual Leave Record,5,No Annual Leave Record
100186,Live,PW,CO,SALARIES,Matthew Fuller,5,LEGAL ASSISTANT,INFRASTRUCTURE & CLIMATE CHANGE,INFRASTRUCTURE & CLIMATE CHANGE,0,7.57,No Sick Leave Record,No Sick Leave Record,101163,100990,No Sick Leave Record,101130,No Annual Leave Record,30,5,27,20,9,No Annual Leave Record,15
101325,Live,PW,CO,SALARIES,Lisa Barajas,3,STAFF OFFICER,HOUSING,HUMAN RESOURCES,No Sick Leave Record,13.5,No Sick Leave Record,0,100412,100216,No Sick Leave Record,100670,0,30,5,35,15,No Annual Leave Record,0,3.5
100496,Live,PW,CO,SALARIES,Cheyenne Harrison,No Grade,ASSISTANT STAFF OFFICER,HOUSING,INFRASTRUCTURE & CLIMATE CHANGE,No Sick Leave Record,12,No Sick Leave Record,0,100949,100816,1,100111,0,30,5,37,16.5,17,3,17.5
101244,Live,PW,CO,SALARIES,Joseph Manning,5,OPERATOR TRACTOR,INFRASTRUCTURE & CLIMATE CHANGE,HOUSING,No Sick Leave Record,No Sick Leave Record,No Sick Leave Record,No Sick Leave Record,100120,101121,No Sick Leave Record,100626,0,30,0,No Annual Leave Record,13,6,3,No Annual Leave Record
101313,Live,PW,CO,SALARIES,Robert Kemp,6,SENIOR EXECUTIVE PLANNER,INFRASTRUCTURE & CLIMATE CHANGE,PARKS,No Sick Leave Record,0,13.5,2,100393,100141,0,101090,0,28,0,35,0,0,4,0
100712,Live,PW,CO,SALARIES,Rebecca Smith,6,ASSISTANT STAFF OFFICER,HOUSING,PARKS,0,7.3,No Sick Leave Record,No Sick Leave Record,100259,100201,0,100566,0,No Annual Leave Record,1,33.5,24,14.5,3,4
