Employee Number,Full Name,Gender,Date Joined,Category,Job Title,Length of Service Range,Age Range,Employee Status,Hourly Rate of Pay,Quartile
101216,Michael Miller,Male,2023-12-30,CLERICAL/ADMINISTRATIVE,CLERICAL OFFICER,15 - 20 Years,51-60,100261,€18.89,Q1 Lower
100223,Michael Hernandez,Female,2017-10-12,CLERICAL/ADMINISTRATIVE,SENIOR LIFEGUARD,20 - 30 Years,51-60,100243,€38.73,Q2 Lower - Middle
100454,Alicia Wright,Male,2017-09-14,CLERICAL/ADMINISTRATIVE,EXECUTIVE TECHNICIAN,15 - 20 Years,31-40,100295,€27.58,Q1 Lower
100567,Brandon Martin,Female,2020-10-23,CLERICAL/ADMINISTRATIVE,CLERICAL OFFICER,15 - 20 Years,31-40,101064,€25.81,Q3 Upper - Middle
100222,Debra Williams,Male,2000-04-09,CLERICAL/ADMINISTRATIVE,RECYCLING CENTRE ATTENDANT,1 - 2 Years,41-50,100252,€17.01,Q4 Upper
100675,Darlene Scott,Male,2023-05-04,PROFESSIONAL/TECHNICAL,STAFF OFFICER,30 - 40 Years,41-50,101075,€14.55,Q2 Lower - Middle
100297,Robyn Ware,Female,2023-04-20,CLERICAL/ADMINISTRATIVE,CLERICAL OFFICER,5 - 10 Years,31-40,100768,€16.63,Q4 Upper
101268,Teresa Snow MD,Female,2024-07-26,PROFESSIONAL/TECHNICAL,ASSISTANT STAFF OFFICER,2 - 5 Years,51-60,100977,€21.46,Q4 Upper
100777,Christopher Ryan,Male,2024-07-26,CLERICAL/ADMINISTRATIVE,GULLY SUCKER DRIVER,5 - 10 Years,41-50,101025,€32.00,Q4 Upper
100046,Heather Robinson,Female,2014-03-06,CLERICAL/ADMINISTRATIVE,INTEGRATION SUPPORT CO-ORDINATOR,20 - 30 Years,51-60,100838,€16.02,Q4 Upper
100563,John Hall,Male,2013-01-31,OUTDOOR,STAFF OFFICER,2 - 5 Years,51-60,100207,€15.48,Q2 Lower - Middle
100182,Carlos Leon,Male,2022-09-09,CLERICAL/ADMINISTRATIVE,DRIVER CLEANSING,5 - 10 Years,41-50,100158,€14.91,Q2 Lower - Middle
100013,Joshua Mcgee DDS,Male,2017-07-30,CLERICAL/ADMINISTRATIVE,COMMUNITY WORKER,20 - 30 Years,51-60,100982,€18.19,Q4 Upper
101267,Thomas Casey,Male,2015-03-26,PROFESSIONAL/TECHNICAL,OPERATOR TRACTOR,20 - 30 Years,61-70,100328,€17.78,Q3 Upper - Middle
101190,Loretta Wade,Female,2017-07-30,CLERICAL/ADMINISTRATIVE,GANGER,20 - 30 Years,51-60,100145,€28.45,Q1 Lower
101269,Jillian Black,Male,2018-07-30,CLERICAL/ADMINISTRATIVE,LIFEGUARD,5 - 10 Years,31-40,101106,€33.88,Q2 Lower - Middle
100956,Kelsey Manning,Female,2012-05-12,CLERICAL/ADMINISTRATIVE,SCHOOL WARDEN,20 - 30 Years,61-70,100818,€18.04,Q3 Upper - Middle
100225,Dawn Shepard,Female,2022-02-03,CLERICAL/ADMINISTRATIVE,SENIOR COMMUNITY OFFICER,15 - 20 Years,41-50,100456,€18.95,Q3 Upper - Middle
100204,Kelly Cunningham DVM,Male,2018-07-30,CLERICAL/ADMINISTRATIVE,CLERICAL OFFICER,1 - 2 Years,41-50,100968,€40.09,Q3 Upper - Middle
100770,Erica Cochran,Female,2018-08-04,PROFESSIONAL/TECHNICAL,COUNTY LIBRARIAN,0 - 1 Years,61-70,100407,€16.33,Q3 Upper - Middle
100002,Victoria Smith DDS,Male,2017-07-30,CLERICAL/ADMINISTRATIVE,STAFF OFFICER,20 - 30 Years,61-70,100217,€15.09,Q4 Upper
100532,Jesse Stout,Male,2013-08-31,OUTDOOR,BUILDING INSPECTOR/ CLERK OF WORKS,20 - 30 Years,31-40,100725,€51.35,Q2 Lower - Middle
100783,Jessica Jones,Male,2020-10-18,CLERICAL/ADMINISTRATIVE,SENIOR STAFF OFFICER,5 - 10 Years,51-60,100694,€32.03,Q3 Upper - Middle
100281,Christopher Ward,Female,2021-12-05,PROFESSIONAL/TECHNICAL,EXECUTIVE TECHNICIAN,20 - 30 Years,61-70,100589,€17.12,Q1 Lower
100776,Stephanie Johnson,Male,2020-10-17,CLERICAL/ADMINISTRATIVE,CLERK-OF-WORKS(TEMP),20 - 30 Years,51-60,100348,€37.40,Q4 Upper
100932,Alejandro Tyler,Male,2016-03-25,PROFESSIONAL/TECHNICAL,FOREMAN GARDENER,2 - 5 Years,21-30,100135,€21.10,Q1 Lower
101049,Alyssa Allison,Female,2024-07-28,OUTDOOR,CLERICAL OFFICER,40+ Years,41-50,100404,€20.89,Q2 Lower - Middle
100426,Timothy Stephenson,Female,2024-08-10,CLERICAL/ADMINISTRATIVE,EXECUTIVE PARKS SUPERINTENDENT,0 - 1 Years,61-70,100120,€19.90,Q3 Upper - Middle
101115,Angela Donovan,Female,2021-03-25,PROFESSIONAL/TECHNICAL,STAFF OFFICER,2 - 5 Years,41-50,100364,€16.47,Q1 Lower
101289,Tina Ford,Female,2018-08-26,CLERICAL/ADMINISTRATIVE,GENERAL OPERATIVE,15 - 20 Years,61-70,100133,€16.91,Q1 Lower
101245,Melissa Walker,Female,2024-07-28,CLERICAL/ADMINISTRATIVE,STAFF OFFICER,5 - 10 Years,61-70,100751,€27.51,Q4 Upper
100244,Joshua Mcintyre,Male,2023-12-31,CLERICAL/ADMINISTRATIVE,GENERAL OPERATIVE,30 - 40 Years,41-50,100915,€28.56,Q4 Upper
101126,Devon Patton,Female,2022-04-16,CLERICAL/ADMINISTRATIVE,ADMINISTRATIVE OFFICER,2 - 5 Years,51-60,101164,€31.04,Q3 Upper - Middle
100203,Kristine Mclaughlin,Male,2018-07-29,CLERICAL/ADMINISTRATIVE,ASSISTANT STAFF OFFICER,40+ Years,31-40,101159,€42.50,Q3 Upper - Middle
100912,Nicholas Becker,Female,2011-10-13,CLERICAL/ADMINISTRATIVE,ASSISTANT ARTS OFFICER,5 - 10 Years,21-30,100389,€18.40,Q1 Lower
100922,Shawn Carter,Female,2024-07-26,PROFESSIONAL/TECHNICAL,GIS SYSTEMS OFFICER,20 - 30 Years,21-30,100267,€20.93,Q3 Upper - Middle
101128,Douglas Black,Female,2023-12-30,PROFESSIONAL/TECHNICAL,CLERICAL OFFICER,15 - 20 Years,61-70,101139,€22.95,Q4 Upper
100683,Ryan Moore,Male,2024-08-16,CLERICAL/ADMINISTRATIVE,ASSISTANT STAFF OFFICER,2 - 5 Years,21-30,101128,€15.18,Q1 Lower
100386,Lisa Long,Male,2024-07-22,OUTDOOR,DRIVER SHIFT HARBOUR,2 - 5 Years,61-70,100346,€26.22,Q3 Upper - Middle
100857,Michael Ashley,Female,2023-12-07,CLERICAL/ADMINISTRATIVE,ASSISTANT STAFF OFFICER,5 - 10 Years,51-60,100119,€45.59,Q2 Lower - Middle
100191,Amy Keller,Female,2011-08-19,OUTDOOR,DRIVER ROAD SWEEPER,2 - 5 Years,61-70,100175,€17.41,Q2 Lower - Middle
100845,Thomas Bailey,Female,2017-07-30,PROFESSIONAL/TECHNICAL,SENIOR LIBRARIAN,20 - 30 Years,51-60,100759,€14.84,Q1 Lower
100458,Wendy Schroeder,Male,2014-12-11,CLERICAL/ADMINISTRATIVE,ASSISTANT STAFF OFFICER,0 - 1 Years,61-70,101291,€18.88,Q1 Lower
101148,Karen Brown,Male,2024-01-13,PROFESSIONAL/TECHNICAL,GRADUATE PROGRAMME,15 - 20 Years,51-60,101010,€24.54,Q1 Lower
101214,Jennifer Walker,Male,2025-02-15,PROFESSIONAL/TECHNICAL,DIRECTOR OF FRWD PLANNING INFRASTRUCTURE,20 - 30 Years,71+,100800,€15.35,Q3 Upper - Middle
101281,Matthew Flowers,Male,2025-02-03,OUTDOOR,SCHOOL WARDEN,20 - 30 Years,51-60,100138,€29.49,Q2 Lower - Middle
100124,Nicholas Jimenez,Male,2025-03-24,PROFESSIONAL/TECHNICAL,FOREMAN TRADESMAN,15 - 20 Years,61-70,101079,€19.03,Q4 Upper
100540,Maria Flowers,Male,2025-03-24,CLERICAL/ADMINISTRATIVE,SCHOOL WARDEN,5 - 10 Years,41-50,100822,€50.99,Q2 Lower - Middle
101056,Elizabeth Hernandez,Male,2018-07-30,CLERICAL/ADMINISTRATIVE,CONSERVATION OFFICER,20 - 30 Years,41-50,100752,€40.31,Q1 Lower
100407,Kara Brown,Female,2021-12-05,CLERICAL/ADMINISTRATIVE,GENERAL OPERATIVE,2 - 5 Years,61-70,100554,€16.34,Q2 Lower - Middle
100127,Steven Gibbs,Male,2013-09-01,CLERICAL/ADMINISTRATIVE,SENIOR EXECUTIVE QUANTITY SURVEYOR,20 - 30 Years,71+,100606,€28.36,Q1 Lower
100441,Danielle Bowen,Male,2017-08-05,CLERICAL/ADMINISTRATIVE,SENIOR EXECUTIVE PLANNER,40+ Years,21-30,100179,€21.45,Q3 Upper - Middle
100809,Dylan Wood,Male,2011-01-10,CLERICAL/ADMINISTRATIVE,RATE COLLECTOR RATHDOWN,0 - 1 Years,41-50,100091,€39.52,Q4 Upper
101205,Nathan Myers,Male,2023-04-20,CLERICAL/ADMINISTRATIVE,CLERICAL OFFICER,2 - 5 Years,51-60,100518,€16.98,Q4 Upper
100469,Maria Smith,Female,2022-04-25,PROFESSIONAL/TECHNICAL,GENERAL OPERATIVE,5 - 10 Years,51-60,101082,€20.73,Q2 Lower - Middle
100326,Maria Frazier,Male,2023-06-29,PROFESSIONAL/TECHNICAL,CLERICAL OFFICER,2 - 5 Years,51-60,100951,€16.03,Q4 Upper
100117,Michael Scott,Male,2021-08-08,PROFESSIONAL/TECHNICAL,GENERAL OPERATIVE SHIFT,2 - 5 Years,51-60,100125,€16.75,Q3 Upper - Middle
100794,Wesley Matthews,Female,2020-01-13,PROFESSIONAL/TECHNICAL,DRIVER ROAD SWEEPER,5 - 10 Years,61-70,101169,€26.95,Q3 Upper - Middle
100199,Benjamin Jones,Male,2023-10-05,OUTDOOR,CLERICAL OFFICER,2 - 5 Years,21-30,101203,€19.90,Q2 Lower - Middle
100270,Jeremy Mathews,Female,2017-07-30,CLERICAL/ADMINISTRATIVE,CLERICAL OFFICER,2 - 5 Years,21-30,100782,€19.30,Q3 Upper - Middle
100833,Melody Lopez,Female,2023-07-27,OUTDOOR,SENIOR LIBRARIAN,2 - 5 Years,41-50,101056,€22.95,Q1 Lower
100882,Theresa Duncan,Male,2024-03-07,CLERICAL/ADMINISTRATIVE,GRADUATE PLANNER,20 - 30 Years,31-40,100645,€37.36,Q3 Upper - Middle
100404,Brad Perez,Male,2025-02-06,CLERICAL/ADMINISTRATIVE,DRIVER JCB,30 - 40 Years,21-30,101022,€30.05,Q1 Lower
100040,John Foster,Female,2025-05-02,CLERICAL/ADMINISTRATIVE,ENVIRONMENTAL ENFORCEMENT WARDEN,20 - 30 Years,31-40,100730,€20.49,Q1 Lower
101291,Joann Cole,Male,2025-05-15,CLERICAL/ADMINISTRATIVE,ASSISTANT ENGINEER,0 - 1 Years,31-40,100504,€19.02,Q4 Upper
100576,Greg Anderson,Male,2025-05-15,CLERICAL/ADMINISTRATIVE,GENERAL OPERATIVE,1 - 2 Years,61-70,100381,€25.14,Q3 Upper - Middle
100443,Paige French,Female,1993-10-02,CLERICAL/ADMINISTRATIVE,LIBRARIAN,1 - 2 Years,61-70,100847,€14.91,Q3 Upper - Middle
101234,Bradley Johnson,Female,2015-03-27,PROFESSIONAL/TECHNICAL,GRADUATE PROGRAMME,5 - 10 Years,31-40,100390,€52.64,Q1 Lower
100700,Nicholas Bates,Male,2025-01-09,CLERICAL/ADMINISTRATIVE,SCHOOL WARDEN,5 - 10 Years,31-40,100937,€33.01,Q2 Lower - Middle
101171,Jenny Jones,Female,2025-03-06,CLERICAL/ADMINISTRATIVE,GENERAL OPERATIVE,1 - 2 Years,51-60,100069,€33.57,Q3 Upper - Middle
101048,Nicole Lawrence,Male,2022-01-16,CLERICAL/ADMINISTRATIVE,GIS SYSTEMS OFFICER,1 - 2 Years,41-50,101158,€19.37,Q1 Lower
101156,Maria Booker,Female,2024-10-31,OUTDOOR,FOREMAN TRADESMAN,2 - 5 Years,61-70,100151,€18.59,Q3 Upper - Middle
100299,Derek Wallace,Female,2023-04-06,OUTDOOR,SENIOR PROGRAMMER,20 - 30 Years,21-30,100489,€36.79,Q3 Upper - Middle
101020,Connie Williams,Male,2025-04-18,OUTDOOR,EXECUTIVE PARKS SUPERINTENDENT,20 - 30 Years,41-50,101093,€25.24,Q3 Upper - Middle
100263,Mary Wells,Male,2024-05-16,OUTDOOR,SCHOOL WARDEN,2 - 5 Years,41-50,100023,€25.81,Q2 Lower - Middle
100382,Deborah Mullins,Female,2024-08-08,PROFESSIONAL/TECHNICAL,CLERICAL OFFICER,5 - 10 Years,21-30,101073,€16.66,Q2 Lower - Middle
100111,Jennifer Wood,Female,2025-03-21,OUTDOOR,LIBRARY ASSISTANT,5 - 10 Years,31-40,100209,€27.35,Q4 Upper
100780,Julie Li,Female,2025-04-13,PROFESSIONAL/TECHNICAL,ASSISTANT STAFF OFFICER,1 - 2 Years,51-60,100334,€47.29,Q3 Upper - Middle
100616,Michele Larson,Male,2023-07-27,PROFESSIONAL/TECHNICAL,INSPECTOR BUILDING MAINTENANCE,2 - 5 Years,41-50,100461,€28.86,Q1 Lower
100842,Brian Jimenez,Male,2025-05-15,PROFESSIONAL/TECHNICAL,CHARGEHAND GARDEN,15 - 20 Years,41-50,100628,€32.92,Q3 Upper - Middle
100978,Sarah Bullock DDS,Female,2025-04-13,CLERICAL/ADMINISTRATIVE,ASSISTANT STAFF OFFICER,2 - 5 Years,51-60,100033,€16.76,Q1 Lower
101080,Anthony Russell,Male,2025-05-02,OUTDOOR,CLERICAL OFFICER,20 - 30 Years,51-60,100247,€58.32,Q1 Lower
100005,Crystal Brooks,Male,2025-05-11,PROFESSIONAL/TECHNICAL,SCHOOL WARDEN,2 - 5 Years,51-60,100316,€19.00,Q1 Lower
100234,Anthony Santana,Female,2025-04-18,PROFESSIONAL/TECHNICAL,GENERAL OPERATIVE,30 - 40 Years,31-40,100603,€45.32,Q2 Lower - Middle
100529,Natalie Mcgee,Female,1997-05-02,OUTDOOR,LIBRARIAN,5 - 10 Years,41-50,100331,€44.25,Q3 Upper - Middle
101203,Joshua Klein,Male,2023-07-20,OUTDOOR,GENERAL OPERATIVE,20 - 30 Years,21-30,100283,€18.05,Q4 Upper
101055,Linda Hernandez,Male,2025-04-18,PROFESSIONAL/TECHNICAL,UNDERGRADUATE STUDENT TEMPORARY,20 - 30 Years,61-70,100241,€24.36,Q2 Lower - Middle
101090,Tyler King,Male,2022-03-10,CLERICAL/ADMINISTRATIVE,ASSISTANT STAFF OFFICER,1 - 2 Years,31-40,101180,€18.84,Q3 Upper - Middle
100463,Melissa Solis,Male,2025-04-18,OUTDOOR,SENIOR STAFF OFFICER,5 - 10 Years,51-60,100713,€37.42,Q2 Lower - Middle
100451,Debra Powell,Male,2025-04-18,CLERICAL/ADMINISTRATIVE,SENIOR EXECUTIVE PLANNER,1 - 2 Years,41-50,100439,€33.85,Q1 Lower
100187,Jason Peterson,Female,2025-04-18,OUTDOOR,SENIOR EXECUTIVE SCIENTIST,30 - 40 Years,41-50,100586,€32.31,Q2 Lower - Middle
100333,Dale Cordova,Male,2025-04-18,CLERICAL/ADMINISTRATIVE,CLERICAL OFFICER,20 - 30 Years,31-40,101021,€21.33,Q3 Upper - Middle
100974,Isabel Smith,Female,2025-04-18,OUTDOOR,CLERICAL OFFICER,1 - 2 Years,21-30,101254,€16.76,Q1 Lower
100136,Derrick Perkins,Male,2025-04-18,CLERICAL/ADMINISTRATIVE,SENIOR EXECUTIVE OFFICER,1 - 2 Years,31-40,100704,€22.44,Q4 Upper
100467,Stephen Jackson,Male,2024-03-01,CLERICAL/ADMINISTRATIVE,STAFF OFFICER,2 - 5 Years,31-40,100059,€27.53,Q2 Lower - Middle
100850,Matthew Allen,Male,2023-08-10,CLERICAL/ADMINISTRATIVE,AREA COMMUNITY OFFICER,0 - 1 Years,61-70,100097,€17.54,Q3 Upper - Middle
100797,Anthony Lynch,Female,2025-04-18,OUTDOOR,GENERAL OPERATIVE,2 - 5 Years,21-30,100971,€45.34,Q1 Lower
100294,Eric Henderson,Male,2022-03-03,OUTDOOR,EXECUTIVE PLANNER,20 - 30 Years,51-60,101131,€21.46,Q4 Upper
101069,Amanda Wood,Female,2025-05-11,CLERICAL/ADMINISTRATIVE,CLERICAL REASSIGNMENT WATER SERVICES,20 - 30 Years,71+,100161,€22.15,Q4 Upper
100276,Daniel Johnson,Male,1983-04-14,PROFESSIONAL/TECHNICAL,INSPECTOR BUILDING MAINTENANCE,20 - 30 Years,41-50,101237,€16.87,Q2 Lower - Middle
100679,Anthony Pratt,Female,2025-01-23,CLERICAL/ADMINISTRATIVE,SENIOR ENTERPRISE DEVELOPMENT OFFICER,15 - 20 Years,31-40,100634,€25.81,Q4 Upper
101031,Christine Dawson,Male,2025-05-10,PROFESSIONAL/TECHNICAL,ASSISTANT PLANNER,0 - 1 Years,41-50,100251,€33.51,Q3 Upper - Middle
100033,Curtis Keith,Male,2002-09-20,CLERICAL/ADMINISTRATIVE,INSPECTOR (ANALOGOUS GRADE 5),0 - 1 Years,61-70,100980,€33.01,Q1 Lower
100019,Monica Long,Female,2011-01-03,OUTDOOR,INSPECTOR PLANNING,1 - 2 Years,41-50,100289,€17.10,Q3 Upper - Middle
100910,Vanessa Brown,Female,2024-04-05,CLERICAL/ADMINISTRATIVE,ASSISTANT FOREMAN GARDENER,15 - 20 Years,41-50,100780,€37.36,Q4 Upper
101109,Heather Obrien,Female,2003-09-05,OUTDOOR,COMMUNITY WORKER,5 - 10 Years,61-70,100663,€36.12,Q2 Lower - Middle
101129,Becky Hayes,Female,2001-07-19,CLERICAL/ADMINISTRATIVE,SENIOR STAFF OFFICER,1 - 2 Years,41-50,100082,€19.01,Q4 Upper
100673,Ryan Kelley,Female,2008-09-05,PROFESSIONAL/TECHNICAL,SENIOR EXECUTIVE PARKS & LANDSCAPE OFFIC,30 - 40 Years,61-70,100422,€18.14,Q4 Upper
100957,Thomas Joseph,Female,2005-03-13,CLERICAL/ADMINISTRATIVE,STAFF OFFICER,2 - 5 Years,31-40,100475,€18.09,Q2 Lower - Middle
100787,Mary Joyce,Female,1997-05-11,PROFESSIONAL/TECHNICAL,CLERICAL OFFICER,2 - 5 Years,51-60,100912,€21.50,Q2 Lower - Middle
100353,Lisa Adams,Male,2005-10-16,CLERICAL/ADMINISTRATIVE,DRIVER ROAD SWEEPER,5 - 10 Years,41-50,100830,€30.38,Q1 Lower
100573,Michael Murphy,Male,1998-03-26,OUTDOOR,ASSISTANT STAFF OFFICER,0 - 1 Years,51-60,100837,€14.70,Q2 Lower - Middle
100810,Sarah Paul,Male,2007-12-30,CLERICAL/ADMINISTRATIVE,SUPERVISING INSPECTOR WATER - OPERATIONS,2 - 5 Years,21-30,100446,€29.91,Q1 Lower
100668,Henry Hurst,Female,1990-01-04,CLERICAL/ADMINISTRATIVE,WHEELED BIN SERV MAN,2 - 5 Years,20 and Under,100635,€20.83,Q1 Lower
100855,Benjamin Jones,Male,2008-04-17,CLERICAL/ADMINISTRATIVE,SCHOOL WARDEN,0 - 1 Years,61-70,100569,€26.35,Q4 Upper
101178,Lisa Newman,Male,1984-08-09,OUTDOOR,ASSISTANT STAFF OFFICER,30 - 40 Years,51-60,100078,€18.35,Q2 Lower - Middle
100143,Pamela Adams,Male,1996-09-21,CLERICAL/ADMINISTRATIVE,SENIOR STAFF OFFICER,1 - 2 Years,51-60,100244,€28.33,Q3 Upper - Middle
100089,Jason Sandoval,Female,2005-08-12,CLERICAL/ADMINISTRATIVE,LIBRARY ASSISTANT,5 - 10 Years,51-60,101280,€19.71,Q2 Lower - Middle
100367,Alejandra Raymond,Male,2008-01-31,OUTDOOR,GENERAL OPERATIVE,5 - 10 Years,21-30,100150,€17.18,Q2 Lower - Middle
100170,Aaron Crawford,Male,2002-01-31,PROFESSIONAL/TECHNICAL,ASSISTANT STAFF OFFICER,5 - 10 Years,61-70,100863,€21.24,Q2 Lower - Middle
100241,Terry Watson,Male,2006-08-27,CLERICAL/ADMINISTRATIVE,ASSISTANT STAFF OFFICER,0 - 1 Years,61-70,100200,€34.14,Q3 Upper - Middle
100031,Diana Mccormick,Male,2005-03-17,PROFESSIONAL/TECHNICAL,EXECUTIVE ARCHITECT,5 - 10 Years,61-70,101231,€20.50,Q2 Lower - Middle
100663,Brandon Hughes,Male,2025-04-18,PROFESSIONAL/TECHNICAL,GRADUATE PLANNER,15 - 20 Years,51-60,101233,€16.25,Q1 Lower
100025,Tom Campos Jr.,Male,2005-01-07,OUTDOOR,GRADUATE PROGRAMME,0 - 1 Years,21-30,100790,€16.69,Q3 Upper - Middle
100938,Brandy Elliott,Male,1997-08-07,CLERICAL/ADMINISTRATIVE,EXECUTIVE ENGINEER,40+ Years,31-40,100229,€25.81,Q2 Lower - Middle
100811,Lisa Evans,Male,2024-08-22,CLERICAL/ADMINISTRATIVE,INTERNS,20 - 30 Years,41-50,100111,€31.49,Q3 Upper - Middle
100113,William Williams,Male,2023-01-08,PROFESSIONAL/TECHNICAL,MINI SWEEPER DRIVER SHIFT,20 - 30 Years,51-60,100870,€17.96,Q2 Lower - Middle
101172,Samuel Hicks,Female,2023-12-07,OUTDOOR,DRIVER CLEANSING,2 - 5 Years,51-60,100926,€18.67,Q2 Lower - Middle
100272,Patrick Nelson,Male,2024-05-23,OUTDOOR,COMMUNITY WORKER,2 - 5 Years,21-30,100056,€28.57,Q1 Lower
100129,Ashley Gordon,Male,2001-01-20,OUTDOOR,RATE COLLECTOR RATHDOWN,5 - 10 Years,41-50,100447,€28.08,Q1 Lower
101258,Chase Gentry,Female,2024-05-09,OUTDOOR,SCHOOL WARDEN,40+ Years,31-40,101120,€18.12,Q2 Lower - Middle
100528,Jennifer Hoffman,Female,2024-05-09,PROFESSIONAL/TECHNICAL,CLERICAL OFFICER,10 - 15 Years,31-40,100234,€51.81,Q2 Lower - Middle
101174,Stacey Baldwin,Male,2024-05-09,OUTDOOR,GANGER PARKS,20 - 30 Years,51-60,100700,€15.75,Q3 Upper - Middle
100727,Richard Adams,Male,2024-05-09,PROFESSIONAL/TECHNICAL,ASSISTANT STAFF OFFICER,20 - 30 Years,31-40,101191,€15.36,Q1 Lower
100058,Austin Osborne,Male,2002-12-20,PROFESSIONAL/TECHNICAL,SENIOR STAFF OFFICER,10 - 15 Years,51-60,100386,€17.59,Q3 Upper - Middle
100801,Christopher Lewis Jr.,Male,2009-10-26,OUTDOOR,STAFF OFFICER,5 - 10 Years,51-60,101005,€17.96,Q3 Upper - Middle
100758,Kathleen Leblanc,Female,2006-12-17,OUTDOOR,DRIVER CLEANSING,5 - 10 Years,41-50,100841,€17.41,Q1 Lower
100941,Sharon Perkins,Male,2024-10-31,OUTDOOR,SENIOR STAFF OFFICER,15 - 20 Years,31-40,100922,€17.96,Q3 Upper - Middle
100902,James Boyle,Male,2022-07-14,OUTDOOR,I.S. TECHNICAL OFFICER,2 - 5 Years,61-70,101023,€16.53,Q3 Upper - Middle
100907,Julie Thompson,Male,2025-05-24,CLERICAL/ADMINISTRATIVE,ASSISTANT STOREKEEPER,0 - 1 Years,61-70,100474,€19.57,Q1 Lower
100304,Mary Gutierrez,Male,2024-03-28,OUTDOOR,LIBRARY ASSISTANT,2 - 5 Years,51-60,100377,€17.38,Q1 Lower
101161,Anthony Jackson,Male,2024-03-28,OUTDOOR,LIBRARY ASSISTANT,20 - 30 Years,41-50,100410,€29.01,Q4 Upper
101071,William Jones,Male,1999-01-21,PROFESSIONAL/TECHNICAL,EXECUTIVE ARCHITECT,5 - 10 Years,51-60,100798,€17.76,Q1 Lower
100238,Cody Jones,Male,2024-07-05,CLERICAL/ADMINISTRATIVE,ASSISTANT ARCHITECT,5 - 10 Years,41-50,100395,€28.74,Q2 Lower - Middle
100666,Michael Murphy,Male,2000-09-07,CLERICAL/ADMINISTRATIVE,CLERICAL OFFICER,15 - 20 Years,51-60,100143,€21.33,Q3 Upper - Middle
101184,Ryan Pham,Female,2025-04-30,OUTDOOR,CLERICAL OFFICER,0 - 1 Years,51-60,101282,€37.99,Q3 Upper - Middle
100708,Patricia Knight,Female,1999-02-20,OUTDOOR,I.S. TECHNICAL OFFICER,15 - 20 Years,41-50,100057,€27.98,Q2 Lower - Middle
100323,Jonathan English,Male,2024-03-01,OUTDOOR,STAFF OFFICER,20 - 30 Years,61-70,100449,€19.90,Q3 Upper - Middle
100650,Kelly Goodwin,Male,2024-08-31,CLERICAL/ADMINISTRATIVE,DIRECTOR OF SERVICE,20 - 30 Years,31-40,100021,€29.14,Q1 Lower
100423,Erica Case,Female,2022-08-04,OUTDOOR,SENIOR STAFF OFFICER,20 - 30 Years,51-60,100639,€22.07,Q3 Upper - Middle
100255,Sandra Brown,Female,2018-02-01,OUTDOOR,DRIVER SHIFT HARBOUR,2 - 5 Years,61-70,101185,€49.96,Q1 Lower
101293,Kathy Mclean,Female,2024-02-16,CLERICAL/ADMINISTRATIVE,LIBRARY ASSISTANT,0 - 1 Years,41-50,101095,€21.93,Q4 Upper
100981,Mr. Gary Carson,Female,2024-02-16,OUTDOOR,GENERAL OPERATIVE,20 - 30 Years,61-70,100520,€17.12,Q2 Lower - Middle
100958,Ann Blanchard,Male,2024-02-01,CLERICAL/ADMINISTRATIVE,STAFF OFFICER,5 - 10 Years,31-40,100160,€35.60,Q4 Upper
100369,Victoria Sullivan,Male,2024-02-01,PROFESSIONAL/TECHNICAL,SENIOR STAFF OFFICER,15 - 20 Years,41-50,101243,€29.56,Q1 Lower
100622,Luis Jenkins,Female,2024-02-01,PROFESSIONAL/TECHNICAL,SENIOR EXECUTIVE ARCHITECT,20 - 30 Years,41-50,100212,€16.53,Q2 Lower - Middle
100905,John Sullivan,Male,2024-02-01,CLERICAL/ADMINISTRATIVE,SENIOR EXECUTIVE ENGINEER,0 - 1 Years,41-50,100242,€17.96,Q3 Upper - Middle
100523,Dakota Hardy,Male,2024-08-01,PROFESSIONAL/TECHNICAL,SENIOR STAFF OFFICER,30 - 40 Years,51-60,100627,€14.96,Q2 Lower - Middle
100765,Tyler Wood,Female,2024-01-18,CLERICAL/ADMINISTRATIVE,SENIOR LIFEGUARD,1 - 2 Years,31-40,101246,€18.18,Q3 Upper - Middle
100063,Leroy Fields,Female,2023-06-22,PROFESSIONAL/TECHNICAL,SYSTEMS ANALYST,20 - 30 Years,71+,100515,€29.30,Q1 Lower
100503,Kelly Lamb,Male,2024-01-18,CLERICAL/ADMINISTRATIVE,GRADUATE ENGINEER,5 - 10 Years,51-60,100345,€41.74,Q3 Upper - Middle
101054,Kenneth Martin,Female,2024-01-18,CLERICAL/ADMINISTRATIVE,GENERAL OPERATIVE,20 - 30 Years,51-60,100497,€16.47,Q3 Upper - Middle
101077,Holly Myers,Female,2024-01-18,OUTDOOR,HARBOUR CONSTABLE,5 - 10 Years,31-40,100376,€66.68,Q3 Upper - Middle
100625,Brian Fletcher,Female,2024-01-18,CLERICAL/ADMINISTRATIVE,CLERICAL OFFICER,0 - 1 Years,51-60,101014,€50.54,Q4 Upper
100595,Danielle Castaneda,Male,2017-07-30,OUTDOOR,ASSISTANT STAFF OFFICER,10 - 15 Years,41-50,101088,€24.74,Q2 Lower - Middle
100365,Richard Clark,Male,2024-08-15,CLERICAL/ADMINISTRATIVE,SENIOR EXECUTIVE ENGINEER,15 - 20 Years,41-50,100203,€33.23,Q3 Upper - Middle
100670,Eric Ewing,Male,1993-06-10,CLERICAL/ADMINISTRATIVE,COMMUNITY WORKER,2 - 5 Years,41-50,100721,€21.17,Q2 Lower - Middle
101182,Andrew Allen,Male,2024-06-20,CLERICAL/ADMINISTRATIVE,ASSISTANT STAFF OFFICER,0 - 1 Years,61-70,100469,€17.89,Q2 Lower - Middle
100198,Dana Cruz,Male,2017-10-05,CLERICAL/ADMINISTRATIVE,ADMINISTRATIVE OFFICER,5 - 10 Years,41-50,100814,€20.55,Q3 Upper - Middle
100934,Dustin Cole,Female,2024-09-12,OUTDOOR,CLERICAL OFFICER,20 - 30 Years,21-30,101295,€19.40,Q3 Upper - Middle
100190,Sarah Snow MD,Female,2023-12-07,OUTDOOR,HEALTH AND SAFETY ADVISOR PERM,0 - 1 Years,61-70,100480,€33.01,Q2 Lower - Middle
100659,Eric Arroyo,Male,2008-08-29,CLERICAL/ADMINISTRATIVE,FINANCIAL MANAGEMENT ACCOUNTANT,1 - 2 Years,61-70,100596,€15.81,Q4 Upper
100626,Jennifer Singleton,Female,2024-01-18,CLERICAL/ADMINISTRATIVE,ASSISTANT ENGINEER,0 - 1 Years,61-70,101208,€25.52,Q2 Lower - Middle
100070,Brian Gonzalez,Female,2023-10-26,OUTDOOR,SENIOR STAFF OFFICER,5 - 10 Years,51-60,100413,€51.88,Q3 Upper - Middle
100555,Tiffany Keller,Female,2024-01-18,CLERICAL/ADMINISTRATIVE,SENIOR STAFF OFFICER,30 - 40 Years,51-60,100893,€36.09,Q1 Lower
100245,Richard Phillips,Male,1999-01-23,PROFESSIONAL/TECHNICAL,TECHNICIAN GRADE 1,1 - 2 Years,51-60,100291,€21.35,Q2 Lower - Middle
100789,Allen Newton,Male,2024-10-10,PROFESSIONAL/TECHNICAL,STAFF OFFICER,20 - 30 Years,51-60,100344,€58.68,Q2 Lower - Middle
100114,Daniel James,Male,2024-10-10,CLERICAL/ADMINISTRATIVE,SCHOOL WARDEN,15 - 20 Years,51-60,100766,€48.68,Q2 Lower - Middle
101204,David Smith,Female,2024-10-10,OUTDOOR,SCHOOL WARDEN,5 - 10 Years,31-40,100487,€26.03,Q2 Lower - Middle
100632,Cynthia White,Male,2024-10-10,CLERICAL/ADMINISTRATIVE,EXECUTIVE PLANNER,15 - 20 Years,51-60,100512,€18.94,Q1 Lower
100709,Denise Beck,Male,1999-10-15,CLERICAL/ADMINISTRATIVE,STAFF OFFICER,0 - 1 Years,41-50,100533,€41.62,Q4 Upper
100519,Tonya Livingston,Female,2024-01-05,CLERICAL/ADMINISTRATIVE,STAFF OFFICER,1 - 2 Years,61-70,101241,€17.92,Q4 Upper
101150,Christopher Rivas,Male,2024-01-05,OUTDOOR,ASSISTANT STAFF OFFICER,20 - 30 Years,51-60,100530,€18.57,Q2 Lower - Middle
100411,Corey Baird,Male,2019-10-10,OUTDOOR,DRIVER ROAD SWEEPER,1 - 2 Years,41-50,100875,€14.70,Q1 Lower
100420,Jason Molina,Male,2023-12-07,PROFESSIONAL/TECHNICAL,ASSISTANT PARKS & LANDSCAPE OFFICER,1 - 2 Years,31-40,100013,€37.38,Q4 Upper
100310,Jordan Reynolds,Male,2023-10-26,OUTDOOR,GENERAL OPERATIVE,20 - 30 Years,31-40,100036,€30.99,Q2 Lower - Middle
100217,Allison Beck,Female,2023-09-29,CLERICAL/ADMINISTRATIVE,CLERICAL OFFICER,2 - 5 Years,61-70,100065,€34.27,Q2 Lower - Middle
100416,Stacy White,Female,2023-10-12,CLERICAL/ADMINISTRATIVE,GANGER PARKS,0 - 1 Years,61-70,101028,€15.74,Q1 Lower
100309,Alexandra Miller,Female,2023-10-12,CLERICAL/ADMINISTRATIVE,SCHOOL WARDEN,1 - 2 Years,61-70,100943,€18.63,Q4 Upper
100504,April Hicks,Female,2025-05-08,CLERICAL/ADMINISTRATIVE,LIBRARY ASSISTANT,0 - 1 Years,41-50,100248,€20.63,Q2 Lower - Middle
101226,Richard Griffin,Female,2023-09-29,OUTDOOR,SENIOR STAFF OFFICER,1 - 2 Years,31-40,100309,€19.12,Q1 Lower
100100,Jonathan French,Male,2021-07-29,OUTDOOR,LEGAL ASSISTANT,5 - 10 Years,61-70,100265,€36.23,Q4 Upper
100130,Tamara Acevedo,Male,2023-09-29,PROFESSIONAL/TECHNICAL,SENIOR STAFF OFFICER,2 - 5 Years,31-40,100426,€28.36,Q1 Lower
100027,Amy Freeman,Male,2023-09-29,CLERICAL/ADMINISTRATIVE,ASSISTANT STAFF OFFICER,1 - 2 Years,51-60,100995,€16.94,Q3 Upper - Middle
101255,Tammy Terry,Female,2021-08-12,OUTDOOR,ENVIRONMENTAL ENFORCEMENT WARDEN,0 - 1 Years,41-50,100923,€36.12,Q1 Lower
100559,Kristy Miller,Male,2025-04-30,CLERICAL/ADMINISTRATIVE,SENIOR EXECUTIVE OFFICER,2 - 5 Years,41-50,101057,€17.51,Q2 Lower - Middle
100331,Marcus King,Female,2023-09-14,CLERICAL/ADMINISTRATIVE,SENIOR EXECUTIVE LIBRARIAN,30 - 40 Years,61-70,100568,€28.92,Q4 Upper
101124,George Gomez,Female,2023-09-14,OUTDOOR,EXECUTIVE ENGINEER,5 - 10 Years,31-40,100282,€15.42,Q1 Lower
101021,Richard Pace,Female,1985-08-15,OUTDOOR,STAFF OFFICER,20 - 30 Years,41-50,101124,€22.81,Q1 Lower
100050,Jerome Robbins,Female,2024-12-05,CLERICAL/ADMINISTRATIVE,ASSISTANT PLANNER,20 - 30 Years,31-40,101204,€28.41,Q3 Upper - Middle
101137,Harry Perez,Female,2024-12-05,OUTDOOR,SCHOOL WARDEN,0 - 1 Years,51-60,100538,€19.30,Q1 Lower
100118,Jason Best,Female,2023-08-31,CLERICAL/ADMINISTRATIVE,ASSISTANT STAFF OFFICER,20 - 30 Years,41-50,100789,€21.61,Q1 Lower
100868,Thomas Johnson,Female,2023-08-31,CLERICAL/ADMINISTRATIVE,SENIOR EXECUTIVE ENGINEER,5 - 10 Years,61-70,101238,€25.81,Q1 Lower
100836,Pamela Holland,Male,2023-08-31,CLERICAL/ADMINISTRATIVE,STAFF OFFICER,20 - 30 Years,41-50,100807,€21.81,Q1 Lower
100992,Richard Russell,Female,2023-08-31,PROFESSIONAL/TECHNICAL,SENIOR STAFF OFFICER,1 - 2 Years,41-50,100223,€18.03,Q1 Lower
100448,Laurie Martin,Female,2023-08-31,CLERICAL/ADMINISTRATIVE,BUILDING INSPECTOR/ CLERK OF WORKS,2 - 5 Years,31-40,100924,€49.53,Q3 Upper - Middle
100341,Mr. Daniel Soto,Male,1998-06-27,PROFESSIONAL/TECHNICAL,CLERICAL OFFICER,15 - 20 Years,51-60,100414,€21.78,Q4 Upper
100566,Steven Mcdonald,Male,2023-10-12,CLERICAL/ADMINISTRATIVE,CLERICAL OFFICER,2 - 5 Years,51-60,100726,€41.09,Q4 Upper
100539,Sara Sanders,Male,2016-05-08,PROFESSIONAL/TECHNICAL,ADMINISTRATIVE OFFICER,0 - 1 Years,51-60,100587,€24.13,Q1 Lower
100158,Thomas Kelly,Female,2023-09-29,OUTDOOR,ADMINISTRATIVE OFFICER,20 - 30 Years,41-50,100527,€35.18,Q1 Lower
100433,Eric Cox,Female,2023-09-29,OUTDOOR,ASSISTANT STAFF OFFICER,5 - 10 Years,41-50,101037,€18.99,Q2 Lower - Middle
100356,Robert Gutierrez,Male,2023-07-20,CLERICAL/ADMINISTRATIVE,PROJECT RESIDENT ENGINEER TEMPORARY,2 - 5 Years,51-60,100856,€17.52,Q4 Upper
101025,Allison Wyatt,Female,2023-08-03,OUTDOOR,LIFEGUARD,1 - 2 Years,31-40,101077,€14.95,Q4 Upper
100155,Maria Bailey,Female,2023-08-03,OUTDOOR,SCHOOL WARDEN,40+ Years,61-70,100619,€21.35,Q3 Upper - Middle
100642,Melanie Bowers,Female,2023-07-13,OUTDOOR,ASSISTANT STAFF OFFICER,20 - 30 Years,51-60,101090,€38.11,Q2 Lower - Middle
100926,Eric Jennings,Male,2023-04-06,OUTDOOR,DESCALLING MACH OPERATOR,2 - 5 Years,51-60,100084,€18.61,Q1 Lower
100795,Bruce Patton,Female,2023-06-08,OUTDOOR,GENERAL OPERATIVE,20 - 30 Years,31-40,100053,€16.43,Q1 Lower
100397,Ann Barton,Male,2023-07-07,CLERICAL/ADMINISTRATIVE,WHEELED BIN SERV MAN,1 - 2 Years,61-70,100305,€17.97,Q2 Lower - Middle
101088,Ashley Johnson,Male,2023-08-17,PROFESSIONAL/TECHNICAL,CLERICAL OFFICER,20 - 30 Years,61-70,101049,€22.44,Q4 Upper
100947,Thomas Mendoza,Female,2023-06-22,OUTDOOR,ASSISTANT STAFF OFFICER,1 - 2 Years,51-60,100476,€19.90,Q1 Lower
100928,Steven Roberts,Male,2023-06-22,PROFESSIONAL/TECHNICAL,DIRECTOR OF SERVICE,1 - 2 Years,41-50,101178,€25.81,Q3 Upper - Middle
100506,George Carter,Male,2023-06-22,CLERICAL/ADMINISTRATIVE,STAFF OFFICER,30 - 40 Years,61-70,100044,€18.12,Q4 Upper
100377,Samuel Salas,Male,2016-05-08,CLERICAL/ADMINISTRATIVE,CLERICAL OFFICER,1 - 2 Years,31-40,100834,€21.12,Q4 Upper
100378,Cody Campbell,Male,2023-06-08,OUTDOOR,STAFF OFFICER,30 - 40 Years,31-40,100853,€19.62,Q3 Upper - Middle
100814,Michael Hunt,Female,2025-04-18,PROFESSIONAL/TECHNICAL,ASSISTANT FOREMAN GARDENER,30 - 40 Years,61-70,100154,€30.27,Q1 Lower
100739,Ian Mcdowell,Female,2023-05-25,PROFESSIONAL/TECHNICAL,GANGER,5 - 10 Years,41-50,100581,€55.73,Q4 Upper
100218,Taylor Perez,Female,2023-05-25,CLERICAL/ADMINISTRATIVE,ASSISTANT STAFF OFFICER,30 - 40 Years,41-50,100157,€43.82,Q3 Upper - Middle
100053,Michael Murray,Male,2023-05-25,CLERICAL/ADMINISTRATIVE,CLERICAL OFFICER,20 - 30 Years,61-70,100215,€17.20,Q1 Lower
100817,Christy Williams,Male,1997-11-27,CLERICAL/ADMINISTRATIVE,STAFF OFFICER,20 - 30 Years,41-50,100372,€14.69,Q3 Upper - Middle
101008,Shannon Hopkins,Female,2023-06-22,CLERICAL/ADMINISTRATIVE,CLERICAL OFFICER,20 - 30 Years,61-70,100077,€29.88,Q1 Lower
100548,Jodi Sanders,Female,2023-04-28,PROFESSIONAL/TECHNICAL,SENIOR STAFF OFFICER,2 - 5 Years,31-40,100849,€35.48,Q4 Upper
100037,Rachel Anderson,Female,2004-05-29,CLERICAL/ADMINISTRATIVE,GENERAL OPERATIVE,5 - 10 Years,61-70,100707,€19.40,Q1 Lower
100186,Rachel Wyatt,Male,1994-04-01,CLERICAL/ADMINISTRATIVE,GRADUATE PLANNER,30 - 40 Years,41-50,100464,€16.78,Q2 Lower - Middle
100753,Sara Nichols,Male,1996-10-24,CLERICAL/ADMINISTRATIVE,SENIOR EXECUTIVE OFFICER,1 - 2 Years,51-60,100667,€19.90,Q1 Lower
100893,Annette Fitzpatrick,Female,1996-03-28,CLERICAL/ADMINISTRATIVE,BUILDING INSPECTOR/ CLERK OF WORKS,2 - 5 Years,51-60,100781,€18.93,Q1 Lower
100542,Dakota Jones,Female,2023-06-22,CLERICAL/ADMINISTRATIVE,EXECUTIVE ENGINEER,0 - 1 Years,61-70,100641,€34.19,Q2 Lower - Middle
100072,Matthew Williams,Male,2024-01-11,OUTDOOR,WHEELED BIN SERV MAN,5 - 10 Years,41-50,100697,€33.31,Q1 Lower
100300,Christian Wells,Female,1996-02-15,OUTDOOR,SENIOR INSPECTOR,40+ Years,31-40,101229,€28.13,Q4 Upper
100233,Regina Robinson,Female,2022-12-08,OUTDOOR,GENERAL OPERATIVE,5 - 10 Years,51-60,100358,€33.43,Q1 Lower
100935,Michael Clayton,Female,2020-06-18,CLERICAL/ADMINISTRATIVE,ADMINISTRATIVE OFFICER,20 - 30 Years,41-50,100415,€32.45,Q1 Lower
100749,Erin Nichols,Male,2015-05-10,OUTDOOR,SENIOR STAFF OFFICER,15 - 20 Years,51-60,100076,€21.68,Q2 Lower - Middle
100885,Angela Sandoval,Female,2025-01-30,PROFESSIONAL/TECHNICAL,SCHOOL WARDEN,40+ Years,41-50,100616,€21.24,Q1 Lower
101072,Hannah Livingston,Male,2023-04-27,CLERICAL/ADMINISTRATIVE,SCHOOL WARDEN,5 - 10 Years,21-30,101168,€20.45,Q4 Upper
100897,Steven Taylor,Female,2022-09-01,CLERICAL/ADMINISTRATIVE,CLERICAL OFFICER,5 - 10 Years,51-60,100341,€32.41,Q1 Lower
100414,Danielle Cowan,Male,2023-04-13,CLERICAL/ADMINISTRATIVE,SCHOOL WARDEN,2 - 5 Years,31-40,100095,€17.75,Q3 Upper - Middle
101229,Stephen Sims,Female,2022-09-08,OUTDOOR,ADMINISTRATIVE OFFICER,0 - 1 Years,41-50,100337,€16.62,Q2 Lower - Middle
100371,Courtney Griffin,Female,2022-09-01,MANAGERIAL,FOREMAN TRADESMAN,0 - 1 Years,41-50,101140,€16.47,Q3 Upper - Middle
100051,Seth Taylor,Female,2022-09-01,CLERICAL/ADMINISTRATIVE,ASSISTANT STAFF OFFICER,5 - 10 Years,31-40,101107,€25.81,Q4 Upper
100135,Sarah Perry,Male,2022-08-18,OUTDOOR,GENERAL OPERATIVE,5 - 10 Years,51-60,101285,€21.89,Q3 Upper - Middle
100515,Justin Odonnell,Female,2022-08-06,CLERICAL/ADMINISTRATIVE,GRADUATE PLANNER,0 - 1 Years,71+,100122,€22.41,Q3 Upper - Middle
101123,John Smith,Male,2023-03-31,CLERICAL/ADMINISTRATIVE,GANGER,1 - 2 Years,31-40,100991,€58.63,Q2 Lower - Middle
100798,Jesse Hall,Female,2025-04-18,OUTDOOR,SCHOOL WARDEN,5 - 10 Years,61-70,101146,€25.11,Q3 Upper - Middle
100227,Heather Mueller,Female,2022-07-07,CLERICAL/ADMINISTRATIVE,GENERAL OPERATIVE,30 - 40 Years,31-40,100534,€20.85,Q2 Lower - Middle
100477,Justin Yu,Female,2022-07-07,CLERICAL/ADMINISTRATIVE,GENERAL OPERATIVE,0 - 1 Years,31-40,100559,€26.04,Q1 Lower
100590,Beth Crawford,Male,2022-06-23,OUTDOOR,PLUMBER,20 - 30 Years,51-60,100297,€108.93,Q2 Lower - Middle
100312,Wesley Mcclure,Female,2022-06-23,PROFESSIONAL/TECHNICAL,LIBRARY ASSISTANT,5 - 10 Years,41-50,100683,€16.12,Q3 Upper - Middle
100706,Charles Potts,Male,2002-10-06,CLERICAL/ADMINISTRATIVE,ADMINISTRATIVE OFFICER,15 - 20 Years,51-60,100957,€34.25,Q1 Lower
100067,Carolyn Watson,Female,1986-03-20,CLERICAL/ADMINISTRATIVE,FOREMAN WATER + DRAINAGE,5 - 10 Years,51-60,101053,€16.89,Q4 Upper
100081,Louis Rivera,Female,2023-03-31,OUTDOOR,ASSISTANT STAFF OFFICER,0 - 1 Years,51-60,101043,€35.47,Q3 Upper - Middle
100205,Juan Herrera,Male,2022-10-20,CLERICAL/ADMINISTRATIVE,SENIOR EXECUTIVE PLANNER,2 - 5 Years,31-40,100275,€43.90,Q1 Lower
100196,Betty Hickman,Male,2011-01-09,CLERICAL/ADMINISTRATIVE,AREA COMMUNITY OFFICER,2 - 5 Years,51-60,100103,€16.32,Q2 Lower - Middle
100166,Jaime Green,Female,2023-06-08,OUTDOOR,INTEGRATION SUPPORT WORKER,20 - 30 Years,51-60,101173,€27.76,Q3 Upper - Middle
100285,Grace Franklin,Female,2017-08-26,CLERICAL/ADMINISTRATIVE,ASSISTANT STAFF OFFICER,30 - 40 Years,21-30,101135,€25.81,Q4 Upper
100044,Isaiah Patel,Male,2021-07-02,OUTDOOR,PICK UP DRIVER SHIFT,0 - 1 Years,61-70,100797,€33.01,Q1 Lower
100149,Jacqueline Byrd,Male,2023-04-06,CLERICAL/ADMINISTRATIVE,LIBRARY ASSISTANT,40+ Years,31-40,100967,€32.69,Q2 Lower - Middle
100838,Mary Compton,Male,1989-05-18,CLERICAL/ADMINISTRATIVE,FOREMAN TRADESMAN,5 - 10 Years,51-60,100970,€38.84,Q1 Lower
100581,John Duncan,Male,2023-09-21,CLERICAL/ADMINISTRATIVE,LIBRARY ASSISTANT,15 - 20 Years,41-50,100629,€33.55,Q4 Upper
100564,Michael Fields,Female,2025-02-27,OUTDOOR,STAFF OFFICER,20 - 30 Years,41-50,100367,€17.34,Q3 Upper - Middle
100890,Scott Poole,Male,2022-04-07,OUTDOOR,CLERICAL OFFICER,5 - 10 Years,61-70,100681,€17.01,Q2 Lower - Middle
100804,Ms. Tammie Nelson,Female,2025-02-27,PROFESSIONAL/TECHNICAL,ASSISTANT STAFF OFFICER,2 - 5 Years,21-30,100831,€32.69,Q1 Lower
100445,Jeffery Zavala,Male,2023-05-18,CLERICAL/ADMINISTRATIVE,LIBRARY ASSISTANT,1 - 2 Years,51-60,100842,€14.70,Q3 Upper - Middle
100491,Nicholas Wright,Male,2005-01-20,PROFESSIONAL/TECHNICAL,ASSISTANT STAFF OFFICER,20 - 30 Years,21-30,101091,€26.06,Q4 Upper
100711,Kathryn Garza,Male,2021-06-03,CLERICAL/ADMINISTRATIVE,ANALYST PROGRAMMER,0 - 1 Years,31-40,100624,€27.62,Q4 Upper
100068,James Smith,Female,2017-05-11,CLERICAL/ADMINISTRATIVE,GENERAL OPERATIVE,5 - 10 Years,61-70,100090,€37.39,Q1 Lower
100744,Matthew Weiss MD,Male,2023-10-12,CLERICAL/ADMINISTRATIVE,LIBRARIAN,15 - 20 Years,51-60,100094,€18.55,Q1 Lower
100748,Cynthia Johnston DDS,Female,1979-02-01,CLERICAL/ADMINISTRATIVE,ASSISTANT STAFF OFFICER,5 - 10 Years,61-70,100437,€30.63,Q2 Lower - Middle
100065,Alan Williams,Male,2017-10-05,CLERICAL/ADMINISTRATIVE,GENERAL OPERATIVE,2 - 5 Years,51-60,100514,€19.53,Q2 Lower - Middle
101241,Jennifer Richards MD,Male,2002-08-01,PROFESSIONAL/TECHNICAL,SUPERVISOR INSPECTOR MAINTENANCE/CLEAN,5 - 10 Years,51-60,101211,€21.30,Q4 Upper
100507,Maria Townsend,Male,2025-03-13,CLERICAL/ADMINISTRATIVE,GARDENER,20 - 30 Years,21-30,100024,€18.88,Q4 Upper
100698,Kristina Murphy,Male,2025-03-13,OUTDOOR,SENIOR LIBRARIAN,15 - 20 Years,51-60,101123,€30.62,Q4 Upper
101271,Sabrina Carpenter,Male,2025-03-13,CLERICAL/ADMINISTRATIVE,EXECUTIVE PLANNER,0 - 1 Years,51-60,100353,€41.51,Q1 Lower
100549,Brittany Bridges,Male,2025-03-13,PROFESSIONAL/TECHNICAL,ASSISTANT STAFF OFFICER,2 - 5 Years,51-60,100401,€14.61,Q2 Lower - Middle
100342,Carol Hendricks,Male,2025-03-13,OUTDOOR,CLERICAL OFFICER,20 - 30 Years,51-60,100074,€35.29,Q3 Upper - Middle
100453,Trevor Hall,Male,2022-02-03,CLERICAL/ADMINISTRATIVE,GENERAL OPERATIVE,20 - 30 Years,51-60,100000,€49.36,Q4 Upper
100892,Jeffrey Smith,Female,2021-11-04,PROFESSIONAL/TECHNICAL,DRIVER CLEANSING,15 - 20 Years,41-50,100744,€37.23,Q1 Lower
100980,Willie Barrett,Male,2021-10-07,OUTDOOR,LIBRARY ASSISTANT,10 - 15 Years,51-60,100002,€41.62,Q2 Lower - Middle
100316,Dr. Yesenia Figueroa,Female,2023-08-03,OUTDOOR,CLERICAL OFFICER,1 - 2 Years,61-70,100948,€31.98,Q2 Lower - Middle
100293,Holly Hahn,Male,2002-04-05,OUTDOOR,ENERGY OFFICER,5 - 10 Years,21-30,100270,€34.76,Q4 Upper
101151,James Fowler,Female,2001-01-18,CLERICAL/ADMINISTRATIVE,LIBRARY ASSISTANT,30 - 40 Years,51-60,100938,€15.78,Q4 Upper
101006,Amy Hamilton,Male,2021-11-04,CLERICAL/ADMINISTRATIVE,SENIOR EXECUTIVE ARCHITECT,0 - 1 Years,21-30,100278,€29.30,Q2 Lower - Middle
100588,Christopher Lynn,Male,1984-04-08,CLERICAL/ADMINISTRATIVE,SENIOR EXECUTIVE ENGINEER,20 - 30 Years,61-70,100553,€35.41,Q2 Lower - Middle
100831,Jacqueline Trujillo,Male,2021-07-02,CLERICAL/ADMINISTRATIVE,GENERAL OPERATIVE,30 - 40 Years,51-60,100660,€14.69,Q4 Upper
100425,Dylan Sampson,Female,2023-04-06,CLERICAL/ADMINISTRATIVE,STAFF OFFICER,1 - 2 Years,21-30,100286,€58.02,Q3 Upper - Middle
100521,Terry Cook,Male,2022-02-17,CLERICAL/ADMINISTRATIVE,SENIOR QUANTITY SURVEYOR,2 - 5 Years,61-70,100966,€16.43,Q1 Lower
100412,Kevin Collins,Female,2023-08-17,CLERICAL/ADMINISTRATIVE,LIBRARY ASSISTANT,5 - 10 Years,51-60,100934,€17.03,Q3 Upper - Middle
100676,Miguel Reeves,Male,1978-06-15,PROFESSIONAL/TECHNICAL,ASSISTANT STAFF OFFICER,40+ Years,31-40,100812,€17.31,Q1 Lower
100545,April Snow,Female,1996-06-13,CLERICAL/ADMINISTRATIVE,WATER SERVICES INSPECTOR,10 - 15 Years,61-70,100495,€18.14,Q4 Upper
100105,Tiffany Golden,Female,2023-05-25,MANAGERIAL,RESIDENT ENGINEER TEMPORARY,0 - 1 Years,61-70,100857,€31.93,Q2 Lower - Middle
100962,Brian Gardner,Male,1998-04-26,CLERICAL/ADMINISTRATIVE,SENIOR RESIDENT ENGINEER TEMP,5 - 10 Years,51-60,101002,€16.30,Q1 Lower
101145,James Smith,Female,2022-01-20,CLERICAL/ADMINISTRATIVE,SCHOOL WARDEN,1 - 2 Years,21-30,100230,€20.72,Q4 Upper
101177,Cynthia Mitchell,Male,2025-03-27,PROFESSIONAL/TECHNICAL,SCHOOL WARDEN,2 - 5 Years,41-50,100005,€15.72,Q4 Upper
100696,Laurie Diaz,Male,2023-03-31,CLERICAL/ADMINISTRATIVE,HEAD OF INFORMATION SYSTEMS,2 - 5 Years,61-70,100572,€37.18,Q4 Upper
101039,Samantha Mann,Female,2024-02-01,PROFESSIONAL/TECHNICAL,CLERICAL OFFICER,15 - 20 Years,61-70,100602,€16.93,Q1 Lower
101013,Warren Morgan,Male,2023-08-05,PROFESSIONAL/TECHNICAL,SCHOOL WARDEN,0 - 1 Years,61-70,100996,€21.93,Q2 Lower - Middle
100439,Alejandro Frederick,Female,2022-01-06,PROFESSIONAL/TECHNICAL,GENERAL OPERATIVE,5 - 10 Years,21-30,100522,€19.94,Q2 Lower - Middle
100533,Maria Nicholson,Female,2025-03-27,CLERICAL/ADMINISTRATIVE,SENIOR STAFF OFFICER,2 - 5 Years,51-60,100465,€49.13,Q3 Upper - Middle
100807,Joshua Waters,Female,2022-02-24,OUTDOOR,DRIVER CLEANSING,2 - 5 Years,41-50,100656,€15.19,Q3 Upper - Middle
100355,Barbara Nguyen,Female,2021-06-03,CLERICAL/ADMINISTRATIVE,BUILDING INSPECTOR/ CLERK OF WORKS,5 - 10 Years,20 and Under,101036,€31.96,Q2 Lower - Middle
100235,Gloria Avila,Male,2023-08-17,PROFESSIONAL/TECHNICAL,ASSISTANT STAFF OFFICER,20 - 30 Years,51-60,100954,€20.33,Q2 Lower - Middle
100899,Alexander Pearson,Male,2023-06-22,OUTDOOR,CLERICAL OFFICER,0 - 1 Years,61-70,101155,€33.99,Q1 Lower
100583,Erin Prince,Female,2023-04-20,PROFESSIONAL/TECHNICAL,ASSISTANT STAFF OFFICER,2 - 5 Years,41-50,100416,€23.50,Q1 Lower
101155,James Meza,Male,2024-01-18,OUTDOOR,CLERICAL OFFICER,5 - 10 Years,31-40,100776,€21.93,Q2 Lower - Middle
100313,Molly Baird,Male,1991-04-12,CLERICAL/ADMINISTRATIVE,UNDERGRADUATE STUDENT TEMPORARY,5 - 10 Years,31-40,100652,€26.42,Q3 Upper - Middle
100261,Mary Castillo,Female,2021-08-12,CLERICAL/ADMINISTRATIVE,SCHOOL WARDEN,2 - 5 Years,41-50,100888,€29.79,Q1 Lower
100282,Chris Kim,Female,2018-09-09,MANAGERIAL,DRIVER,20 - 30 Years,41-50,100218,€18.27,Q1 Lower
100658,Sonia Harvey,Male,2015-05-10,PROFESSIONAL/TECHNICAL,SCHOOL WARDEN,0 - 1 Years,31-40,100623,€14.98,Q3 Upper - Middle
100704,Sean Blackburn,Female,2022-07-14,OUTDOOR,STAFF OFFICER,20 - 30 Years,41-50,101110,€14.96,Q4 Upper
100273,Adam Miles,Female,2025-04-18,OUTDOOR,SCHOOL WARDEN,30 - 40 Years,61-70,100340,€14.69,Q3 Upper - Middle
100970,Sharon Hickman,Female,2021-09-02,PROFESSIONAL/TECHNICAL,SENIOR PLANNER,10 - 15 Years,41-50,100397,€28.97,Q3 Upper - Middle
100047,Bryan Bishop,Female,1985-03-28,OUTDOOR,ASSISTANT STAFF OFFICER,1 - 2 Years,41-50,100114,€37.33,Q2 Lower - Middle
100210,Valerie Terry,Female,2021-12-23,OUTDOOR,STAFF OFFICER,20 - 30 Years,51-60,100710,€17.95,Q3 Upper - Middle
100370,Christina Rodriguez,Male,2023-05-25,CLERICAL/ADMINISTRATIVE,ADMINISTRATIVE OFFICER,20 - 30 Years,21-30,101188,€34.75,Q3 Upper - Middle
100846,Julia Haynes,Male,1999-03-11,OUTDOOR,SENIOR EXECUTIVE ENGINEER,2 - 5 Years,41-50,101264,€27.07,Q4 Upper
100732,Paul Love,Male,2023-06-08,CLERICAL/ADMINISTRATIVE,GRADUATE ENGINEER,1 - 2 Years,41-50,100965,€22.88,Q3 Upper - Middle
100485,Nathan Vincent,Male,2018-10-25,CLERICAL/ADMINISTRATIVE,SCHOOL WARDEN,20 - 30 Years,61-70,100540,€21.48,Q1 Lower
100894,Cristina Grant,Female,2019-12-05,CLERICAL/ADMINISTRATIVE,HOUSING LIAISON OFFICER,2 - 5 Years,61-70,100689,€34.68,Q3 Upper - Middle
100577,Manuel Duarte,Male,2004-10-01,CLERICAL/ADMINISTRATIVE,STAFF OFFICER,2 - 5 Years,51-60,101145,€20.98,Q4 Upper
100274,Kayla Johnson,Female,2015-09-10,CLERICAL/ADMINISTRATIVE,SENIOR EXECUTIVE TECHNICIAN,30 - 40 Years,21-30,100153,€30.99,Q4 Upper
100553,Charlotte Bruce,Male,1997-05-30,CLERICAL/ADMINISTRATIVE,GANGER PARKS,0 - 1 Years,21-30,100717,€25.58,Q1 Lower
100167,Brandon Levine,Female,2007-07-26,CLERICAL/ADMINISTRATIVE,SENIOR EXECUTIVE ENGINEER,2 - 5 Years,41-50,100174,€21.88,Q1 Lower
100332,Willie Stone,Male,2000-12-03,CLERICAL/ADMINISTRATIVE,CLERICAL OFFICER,30 - 40 Years,41-50,100773,€34.04,Q2 Lower - Middle
101284,Deborah Wilkinson,Female,2022-05-06,OUTDOOR,LIBRARIAN,20 - 30 Years,51-60,101242,€21.83,Q4 Upper
100145,Maria Freeman,Female,2025-04-10,CLERICAL/ADMINISTRATIVE,SCHOOL WARDEN,1 - 2 Years,41-50,100720,€35.21,Q4 Upper
100440,Victoria Perry,Male,2023-03-23,CLERICAL/ADMINISTRATIVE,SENIOR PLANNER,40+ Years,41-50,100747,€28.20,Q2 Lower - Middle
100745,Samantha Hansen,Male,2021-07-29,PROFESSIONAL/TECHNICAL,WHEELED BIN SERV DRIVER,5 - 10 Years,51-60,100419,€23.98,Q1 Lower
101018,Patricia Richardson,Male,1998-05-21,OUTDOOR,GENERAL OPERATIVE,1 - 2 Years,31-40,100442,€16.91,Q2 Lower - Middle
100305,Anthony Allen,Female,2022-02-03,PROFESSIONAL/TECHNICAL,CLERICAL OFFICER,15 - 20 Years,41-50,101117,€15.57,Q2 Lower - Middle
100306,Anthony Campbell,Male,2021-04-02,PROFESSIONAL/TECHNICAL,SCHOOL WARDEN,15 - 20 Years,51-60,100993,€42.78,Q2 Lower - Middle
100924,Cindy Graham,Male,2021-07-15,PROFESSIONAL/TECHNICAL,BUILDING INSPECTOR/ CLERK OF WORKS,0 - 1 Years,41-50,101004,€19.32,Q1 Lower
100719,Tina Landry,Male,2025-03-21,CLERICAL/ADMINISTRATIVE,INSPECTOR (ANALOGOUS GRADE 5),0 - 1 Years,21-30,100526,€22.21,Q4 Upper
101195,Stephen Gonzalez,Male,2022-02-03,PROFESSIONAL/TECHNICAL,SYSTEMS ANALYST,20 - 30 Years,21-30,101024,€16.32,Q4 Upper
100725,Courtney Jacobs,Female,2003-05-15,CLERICAL/ADMINISTRATIVE,ADMINISTRATIVE OFFICER,5 - 10 Years,31-40,101227,€17.27,Q3 Upper - Middle
100636,Kyle Sawyer,Female,2024-01-18,OUTDOOR,ADMINISTRATIVE OFFICER,15 - 20 Years,61-70,100646,€16.64,Q1 Lower
101075,Randy Patterson,Female,2025-04-18,OUTDOOR,CLERICAL OFFICER,15 - 20 Years,41-50,100166,€18.56,Q3 Upper - Middle
101139,Kristen Hayes MD,Male,2000-04-20,CLERICAL/ADMINISTRATIVE,CLERICAL OFFICER,0 - 1 Years,41-50,100835,€16.76,Q1 Lower
101194,Catherine Hammond,Male,2021-12-09,OUTDOOR,INSPECTOR GENERAL ROADS,10 - 15 Years,61-70,100254,€17.47,Q4 Upper
101244,Ronald Collins,Male,2022-05-12,CLERICAL/ADMINISTRATIVE,SENIOR EXECUTIVE PLANNER,5 - 10 Years,61-70,100276,€37.36,Q1 Lower
100791,Jacob Reed,Male,2024-09-19,CLERICAL/ADMINISTRATIVE,GENERAL OPERATIVE,0 - 1 Years,21-30,100680,€25.17,Q4 Upper
101102,Makayla Jones,Male,1997-11-27,OUTDOOR,GENERAL OPERATIVE,1 - 2 Years,51-60,101265,€25.58,Q2 Lower - Middle
101227,Andrea Hernandez,Female,1998-07-30,CLERICAL/ADMINISTRATIVE,SCHOOL WARDEN,20 - 30 Years,61-70,100736,€24.85,Q1 Lower
100694,Christopher Gonzales,Male,2022-08-22,CLERICAL/ADMINISTRATIVE,UNDERGRADUATE STUDENT TEMPORARY,0 - 1 Years,51-60,100670,€64.47,Q3 Upper - Middle
100319,Kimberly Schmitt,Male,2020-09-03,CLERICAL/ADMINISTRATIVE,ANALYST PROGRAMMER,10 - 15 Years,41-50,100355,€16.47,Q2 Lower - Middle
100554,Steven Gonzales,Male,2023-05-18,PROFESSIONAL/TECHNICAL,CLERICAL OFFICER,1 - 2 Years,51-60,100470,€24.33,Q3 Upper - Middle
100896,Mr. William Rodriguez,Female,1994-06-24,CLERICAL/ADMINISTRATIVE,STAFF OFFICER,40+ Years,41-50,101094,€30.00,Q1 Lower
100352,Brandi Smith,Male,1985-03-31,OUTDOOR,CLERICAL OFFICER,1 - 2 Years,20 and Under,100274,€31.19,Q3 Upper - Middle
100746,Karen Chavez,Female,2023-09-14,OUTDOOR,CLERICAL OFFICER,20 - 30 Years,21-30,101015,€21.09,Q4 Upper
101098,Lawrence Brock,Male,1977-04-01,PROFESSIONAL/TECHNICAL,CLERICAL OFFICER,0 - 1 Years,31-40,100296,€16.47,Q2 Lower - Middle
101257,Katie Rice,Male,2018-09-30,OUTDOOR,GENERAL OPERATIVE,20 - 30 Years,31-40,100139,€15.43,Q2 Lower - Middle
100820,Marilyn Clark,Female,2018-10-25,CLERICAL/ADMINISTRATIVE,WHEELED BIN SERV MAN,30 - 40 Years,51-60,100513,€41.15,Q1 Lower
100232,Carol Waters,Male,1977-08-26,PROFESSIONAL/TECHNICAL,GENERAL OPERATIVE,10 - 15 Years,31-40,101136,€19.24,Q1 Lower
100318,Curtis Johnson,Male,2021-07-02,CLERICAL/ADMINISTRATIVE,CLERICAL OFFICER,2 - 5 Years,41-50,100785,€16.73,Q1 Lower
101231,Kimberly Doyle,Male,2021-07-02,OUTDOOR,CLERICAL OFFICER,15 - 20 Years,61-70,100379,€18.78,Q2 Lower - Middle
101117,Hannah Moore,Male,2025-05-02,CLERICAL/ADMINISTRATIVE,ADMINISTRATIVE OFFICER,15 - 20 Years,51-60,100566,€15.74,Q2 Lower - Middle
100908,Caleb Hampton,Male,1993-12-23,CLERICAL/ADMINISTRATIVE,BUILDING CONTROL INSPECTOR,20 - 30 Years,51-60,100711,€23.08,Q4 Upper
100172,Kenneth Mitchell,Female,2017-11-02,PROFESSIONAL/TECHNICAL,SENIOR EXECUTIVE ENGINEER,40+ Years,51-60,100959,€17.85,Q1 Lower
100026,Jason Clark,Male,1994-08-07,OUTDOOR,GENERAL OPERATIVE,20 - 30 Years,31-40,101027,€35.39,Q3 Upper - Middle
100925,Kimberly Pittman,Female,1985-12-19,OUTDOOR,STAFF OFFICER,0 - 1 Years,41-50,100644,€23.06,Q2 Lower - Middle
100298,Kristen Grant,Male,2025-04-18,PROFESSIONAL/TECHNICAL,ASSISTANT STAFF OFFICER,1 - 2 Years,61-70,100771,€25.06,Q4 Upper
101073,Brenda Cox,Male,2004-03-13,OUTDOOR,SCHOOL WARDEN,10 - 15 Years,61-70,100509,€36.20,Q3 Upper - Middle
101167,Jason Moore,Female,1989-05-25,CLERICAL/ADMINISTRATIVE,CLERICAL OFFICER,5 - 10 Years,41-50,101055,€16.31,Q4 Upper
100579,Lori Tyler,Female,2017-05-11,OUTDOOR,CHIEF CLERK,5 - 10 Years,31-40,100067,€33.01,Q1 Lower
101279,Daniel Brown,Female,1996-08-11,CLERICAL/ADMINISTRATIVE,DRIVER,5 - 10 Years,51-60,100583,€34.20,Q4 Upper
100419,Mariah Jackson,Male,1990-07-03,OUTDOOR,CLERICAL OFFICER,5 - 10 Years,61-70,100701,€31.63,Q4 Upper
100328,Nancy Sanchez,Male,1989-06-22,PROFESSIONAL/TECHNICAL,CHARGEHAND GARDEN,40+ Years,21-30,100640,€16.32,Q2 Lower - Middle
100859,Tammie Mays,Male,2024-03-15,OUTDOOR,CLERICAL OFFICER,1 - 2 Years,31-40,100811,€16.60,Q4 Upper
100867,Thomas Webb,Female,2000-06-11,OUTDOOR,ASSISTANT ENGINEER,0 - 1 Years,61-70,100329,€16.92,Q2 Lower - Middle
100979,Seth Cisneros,Female,1989-05-18,OUTDOOR,SUPERVISOR INSPECTOR MAINTENANCE/CLEAN,1 - 2 Years,41-50,100708,€18.04,Q1 Lower
100243,Mary Carter,Male,1992-03-28,OUTDOOR,STAFF OFFICER,5 - 10 Years,61-70,100985,€23.91,Q1 Lower
100142,Corey Whitaker,Female,1992-05-03,CLERICAL/ADMINISTRATIVE,CLERICAL OFFICER,1 - 2 Years,41-50,100156,€41.67,Q3 Upper - Middle
100277,Jose Pennington,Male,2016-05-08,CLERICAL/ADMINISTRATIVE,STAFF OFFICER,5 - 10 Years,41-50,100687,€17.94,Q3 Upper - Middle
100637,Cynthia Welch,Female,2017-12-07,OUTDOOR,SCHOOL WARDEN,20 - 30 Years,21-30,100307,€25.81,Q2 Lower - Middle
100192,Thomas Cruz,Male,2021-08-05,CLERICAL/ADMINISTRATIVE,PARK RANGER 2001,1 - 2 Years,31-40,100301,€33.06,Q2 Lower - Middle
100090,Audrey Avila,Female,2022-07-21,CLERICAL/ADMINISTRATIVE,CLERICAL OFFICER,1 - 2 Years,21-30,100478,€37.46,Q1 Lower
101242,Matthew Christensen,Male,1999-09-16,CLERICAL/ADMINISTRATIVE,SENIOR EXECUTIVE LIBRARIAN,2 - 5 Years,61-70,101156,€18.82,Q3 Upper - Middle
100303,Jeffery Wilkins,Female,2023-05-18,OUTDOOR,EXECUTIVE ENGINEER,2 - 5 Years,51-60,101154,€58.63,Q2 Lower - Middle
101223,Miss Karen Jenkins,Male,2024-09-13,CLERICAL/ADMINISTRATIVE,SENIOR STAFF OFFICER,5 - 10 Years,31-40,100620,€29.20,Q3 Upper - Middle
100077,Sherry Spencer,Female,2021-07-29,CLERICAL/ADMINISTRATIVE,CLERICAL OFFICER,5 - 10 Years,41-50,101232,€41.51,Q3 Upper - Middle
101168,Stephen Tran,Male,2021-07-08,OUTDOOR,SENIOR STAFF OFFICER,2 - 5 Years,41-50,100066,€17.05,Q2 Lower - Middle
100695,Miguel Whitney,Female,2022-05-26,OUTDOOR,ASSISTANT STAFF OFFICER,2 - 5 Years,51-60,100294,€76.58,Q1 Lower
100253,Robert Johnson,Female,2023-11-02,CLERICAL/ADMINISTRATIVE,GENERAL OPERATIVE,5 - 10 Years,51-60,101274,€16.23,Q2 Lower - Middle
100039,Chelsea Simpson,Male,1985-03-28,OUTDOOR,STAFF OFFICER,5 - 10 Years,31-40,100099,€52.22,Q3 Upper - Middle
100640,Paul Collins,Male,2024-09-27,CLERICAL/ADMINISTRATIVE,SCHOOL WARDEN,30 - 40 Years,41-50,101141,€19.20,Q1 Lower
100596,Mark Harris,Female,2016-05-08,CLERICAL/ADMINISTRATIVE,EXECUTIVE ENGINEER,10 - 15 Years,51-60,100190,€18.87,Q1 Lower
100586,Kathryn Henson,Female,2001-04-19,CLERICAL/ADMINISTRATIVE,DRIVER CLEANSING,5 - 10 Years,31-40,100692,€19.40,Q4 Upper
101185,Jessica Lang,Female,1998-06-14,CLERICAL/ADMINISTRATIVE,GENERAL OPERATIVE,20 - 30 Years,21-30,101041,€31.19,Q3 Upper - Middle
100246,Anthony Gonzales,Female,2022-12-15,CLERICAL/ADMINISTRATIVE,CLERICAL OFFICER,5 - 10 Years,21-30,100911,€19.89,Q4 Upper
100007,Gina Cunningham,Female,2023-01-12,OUTDOOR,GENERAL OPERATIVE,15 - 20 Years,51-60,100828,€38.14,Q3 Upper - Middle
100466,Sarah Long,Male,2023-02-23,CLERICAL/ADMINISTRATIVE,ASSISTANT STAFF OFFICER,2 - 5 Years,31-40,100942,€19.75,Q3 Upper - Middle
100781,Heather Newton,Female,2021-05-20,CLERICAL/ADMINISTRATIVE,DISTRICT SUPERVISOR PARKS,20 - 30 Years,31-40,100458,€17.55,Q4 Upper
100816,Stuart Mercer,Male,2024-01-05,OUTDOOR,SENIOR RESIDENT ENGINEER TEMP,2 - 5 Years,31-40,100193,€28.81,Q3 Upper - Middle
100593,Robert Ramos,Female,2024-01-05,OUTDOOR,SENIOR STAFF OFFICER,20 - 30 Years,61-70,100112,€27.44,Q4 Upper
100844,Brandon Grant,Male,2019-10-17,PROFESSIONAL/TECHNICAL,GENERAL OPERATIVE,1 - 2 Years,41-50,100510,€25.81,Q3 Upper - Middle
100560,Mr. David Martinez V,Female,2022-05-12,OUTDOOR,WATER INSPECTOR,2 - 5 Years,21-30,100324,€30.73,Q3 Upper - Middle
101248,Ashley Calderon,Female,2025-04-18,CLERICAL/ADMINISTRATIVE,PORTER HALL/ MSG,2 - 5 Years,51-60,101035,€27.02,Q2 Lower - Middle
100976,Anthony Salinas,Male,2024-10-10,OUTDOOR,ASSISTANT STAFF OFFICER,20 - 30 Years,51-60,100170,€37.37,Q4 Upper
100029,Jeffrey Barnes,Male,2025-04-24,PROFESSIONAL/TECHNICAL,CHARGEHAND GARDEN,15 - 20 Years,61-70,100575,€33.01,Q3 Upper - Middle
101125,Jennifer Beasley,Male,2025-04-24,CLERICAL/ADMINISTRATIVE,LIBRARY ASSISTANT,5 - 10 Years,31-40,100060,€31.58,Q1 Lower
101042,Miguel Thompson,Male,2025-04-24,MANAGERIAL,STAFF OFFICER,20 - 30 Years,51-60,100952,€35.12,Q3 Upper - Middle
100866,Christopher Briggs,Male,2025-04-24,CLERICAL/ADMINISTRATIVE,STAFF OFFICER,1 - 2 Years,41-50,100676,€30.94,Q3 Upper - Middle
100821,Regina Powell,Male,2025-04-24,PROFESSIONAL/TECHNICAL,SCHOOL WARDEN,20 - 30 Years,61-70,101228,€16.29,Q1 Lower
100171,Lauren Lewis,Male,2025-04-24,CLERICAL/ADMINISTRATIVE,ASSISTANT STAFF OFFICER,1 - 2 Years,51-60,100862,€27.98,Q4 Upper
100565,Charles Norris,Female,2025-04-24,CLERICAL/ADMINISTRATIVE,EQUALITY OFFICER,0 - 1 Years,21-30,100686,€37.36,Q1 Lower
101287,Anthony Cook,Female,2002-08-15,OUTDOOR,GENERAL OPERATIVE,20 - 30 Years,41-50,101103,€27.55,Q3 Upper - Middle
100373,Luke Juarez,Male,2022-05-12,CLERICAL/ADMINISTRATIVE,HEAD OF LOCAL ENTERPRISE,1 - 2 Years,61-70,100101,€28.76,Q3 Upper - Middle
101026,Brooke Miller,Male,1999-04-18,PROFESSIONAL/TECHNICAL,SENIOR RESIDENT ENGINEER TEMP,1 - 2 Years,61-70,100172,€27.98,Q4 Upper
100699,Jeffrey Carroll,Male,2002-03-08,CLERICAL/ADMINISTRATIVE,GENERAL OPERATIVE,15 - 20 Years,61-70,100292,€17.56,Q3 Upper - Middle
100494,Tom Nelson,Male,2022-08-25,OUTDOOR,SENIOR EXECUTIVE PLANNER,5 - 10 Years,21-30,101138,€34.39,Q2 Lower - Middle
101270,Crystal Hensley,Male,2022-06-23,OUTDOOR,SENIOR PLANNER,5 - 10 Years,51-60,100906,€18.14,Q2 Lower - Middle
100876,Tamara Solis,Male,2024-09-27,CLERICAL/ADMINISTRATIVE,SENIOR STAFF OFFICER,1 - 2 Years,21-30,100691,€37.95,Q3 Upper - Middle
100870,Justin Moon,Female,2018-12-06,CLERICAL/ADMINISTRATIVE,GRADUATE PARKS & LANDSCAPE OFFICER,40+ Years,41-50,100732,€17.96,Q1 Lower
100648,Patrick Walker,Female,2018-10-25,CLERICAL/ADMINISTRATIVE,GRADUATE ENGINEER,1 - 2 Years,51-60,100061,€20.64,Q3 Upper - Middle
100157,Shane Flores,Male,2023-10-12,CLERICAL/ADMINISTRATIVE,SENIOR LIBRARIAN,20 - 30 Years,51-60,100287,€17.05,Q1 Lower
100424,Rachel Daniels,Female,2024-10-31,OUTDOOR,PUBLIC ARTS COORDINATOR TEMP,2 - 5 Years,51-60,100756,€33.01,Q3 Upper - Middle
100064,Shane Kirk,Female,1996-02-11,CLERICAL/ADMINISTRATIVE,ASSISTANT STAFF OFFICER,1 - 2 Years,21-30,101142,€40.21,Q1 Lower
101044,Nicholas Rodriguez,Female,2022-07-21,CLERICAL/ADMINISTRATIVE,CLERICAL OFFICER,20 - 30 Years,21-30,100471,€29.00,Q4 Upper
100109,Alvin Rojas,Female,2021-05-13,PROFESSIONAL/TECHNICAL,EXECUTIVE ENGINEER,5 - 10 Years,41-50,100269,€34.27,Q2 Lower - Middle
100220,Jonathan Lucas,Male,2023-08-31,OUTDOOR,LIBRARY ASSISTANT,20 - 30 Years,31-40,101166,€35.92,Q3 Upper - Middle
100788,Laurie Collins,Male,2000-02-20,CLERICAL/ADMINISTRATIVE,I.S. PROJECT LEADER,15 - 20 Years,51-60,100257,€17.04,Q4 Upper
101262,Shawn Williams,Female,2021-04-15,OUTDOOR,ASSISTANT FOREMAN OF WORKS,20 - 30 Years,51-60,100492,€56.82,Q3 Upper - Middle
100722,Gabriel Smith,Female,2021-07-08,OUTDOOR,GRADUATE ENGINEER,30 - 40 Years,61-70,101069,€17.80,Q4 Upper
101087,Sarah Cruz,Female,2021-07-22,OUTDOOR,ANALYST PROGRAMMER,2 - 5 Years,41-50,100851,€33.14,Q3 Upper - Middle
101280,April Edwards,Male,2021-03-18,CLERICAL/ADMINISTRATIVE,SENIOR EXECUTIVE ENGINEER,30 - 40 Years,51-60,100535,€21.33,Q4 Upper
100757,Monica Marshall,Male,2020-01-09,OUTDOOR,FOREMAN WATER + DRAINAGE,20 - 30 Years,31-40,100375,€44.41,Q2 Lower - Middle
100851,Ashley Smith,Male,2024-08-15,CLERICAL/ADMINISTRATIVE,GANGER PARKS,30 - 40 Years,61-70,101018,€14.69,Q3 Upper - Middle
100612,Lindsay Mcdonald,Male,2000-04-23,PROFESSIONAL/TECHNICAL,SENIOR STAFF OFFICER,2 - 5 Years,71+,101197,€24.55,Q2 Lower - Middle
100684,Nicholas Henderson,Male,2002-09-27,OUTDOOR,ASSISTANT STAFF OFFICER,2 - 5 Years,51-60,100819,€20.04,Q1 Lower
100475,Walter Floyd,Female,2024-08-15,OUTDOOR,CHIEF TECHNICIAN,20 - 30 Years,41-50,101130,€28.33,Q2 Lower - Middle
100929,Shane Johns,Male,2024-08-15,CLERICAL/ADMINISTRATIVE,ASSISTANT STAFF OFFICER,1 - 2 Years,61-70,100302,€18.82,Q4 Upper
100251,Laura Brown,Female,2024-08-15,CLERICAL/ADMINISTRATIVE,STAFF OFFICER,0 - 1 Years,41-50,100727,€18.57,Q4 Upper
100535,Christopher Clayton,Female,2024-08-15,CLERICAL/ADMINISTRATIVE,BUILDING INSPECTOR/ CLERK OF WORKS MECH,10 - 15 Years,31-40,100239,€38.17,Q2 Lower - Middle
100315,Anita Johnson,Male,2024-08-15,CLERICAL/ADMINISTRATIVE,SYSTEMS ANALYST,0 - 1 Years,31-40,100815,€34.67,Q4 Upper
100141,Timothy Best,Female,2024-08-29,OUTDOOR,WATER SERVICES INSPECTOR,0 - 1 Years,61-70,100385,€40.97,Q2 Lower - Middle
100456,Cynthia Moore,Female,2024-08-29,PROFESSIONAL/TECHNICAL,ASSISTANT ENGINEER,0 - 1 Years,61-70,100740,€31.52,Q2 Lower - Middle
100345,Erin Cooper,Male,2025-05-08,OUTDOOR,SCHOOL WARDEN,0 - 1 Years,41-50,100989,€44.25,Q3 Upper - Middle
100422,Donald Jacobs,Female,2025-05-08,OUTDOOR,CLERICAL OFFICER,2 - 5 Years,21-30,101267,€15.81,Q3 Upper - Middle
100347,Sarah Martin,Female,1997-06-26,OUTDOOR,SENIOR EXECUTIVE PARKS SUPERINTENDENT,2 - 5 Years,31-40,100860,€32.32,Q3 Upper - Middle
100570,Sean Wu,Female,1992-03-26,CLERICAL/ADMINISTRATIVE,STAFF OFFICER,20 - 30 Years,41-50,100100,€33.50,Q3 Upper - Middle
100054,Kenneth Hansen,Male,2021-04-15,PROFESSIONAL/TECHNICAL,ADMINISTRATIVE OFFICER,40+ Years,31-40,100576,€31.13,Q2 Lower - Middle
100138,Anthony Sullivan,Male,2024-10-10,CLERICAL/ADMINISTRATIVE,SCHOOL WARDEN,0 - 1 Years,41-50,100391,€18.57,Q4 Upper
100496,Rachel Davis,Male,2024-10-24,CLERICAL/ADMINISTRATIVE,GENERAL OPERATIVE,20 - 30 Years,61-70,100116,€29.98,Q2 Lower - Middle
100886,Mrs. Cindy Martin,Male,2023-10-05,CLERICAL/ADMINISTRATIVE,SCHOOL WARDEN,1 - 2 Years,51-60,101247,€16.91,Q2 Lower - Middle
100982,Terry Harvey,Male,2018-09-30,OUTDOOR,FOREMAN TRADESMAN,2 - 5 Years,21-30,100483,€16.75,Q2 Lower - Middle
100778,Thomas Wallace,Male,2018-09-30,CLERICAL/ADMINISTRATIVE,SCHOOL WARDEN,5 - 10 Years,51-60,101054,€29.11,Q4 Upper
100449,Robert Stephens,Male,1989-07-27,OUTDOOR,ENVIRONMENTAL ENFORCEMENT WARDEN,15 - 20 Years,61-70,101111,€18.09,Q4 Upper
100442,Kristen Hahn,Male,2019-08-08,PROFESSIONAL/TECHNICAL,WAM GRADUATE,5 - 10 Years,41-50,101133,€20.22,Q3 Upper - Middle
100940,Michael Rubio,Female,2021-07-02,CLERICAL/ADMINISTRATIVE,LIBRARY ASSISTANT,5 - 10 Years,51-60,100787,€29.30,Q1 Lower
100266,Danielle Ramirez,Male,2015-02-22,PROFESSIONAL/TECHNICAL,GRADUATE PROGRAMME,2 - 5 Years,51-60,100477,€17.81,Q3 Upper - Middle
100818,Carl Edwards,Male,1985-12-19,PROFESSIONAL/TECHNICAL,GENERAL OPERATIVE,15 - 20 Years,41-50,101293,€23.21,Q3 Upper - Middle
101134,Robert Sellers,Male,2019-09-19,OUTDOOR,ASSISTANT STAFF OFFICER,0 - 1 Years,61-70,100867,€16.33,Q1 Lower
100390,Nicole Thompson,Female,2022-05-31,PROFESSIONAL/TECHNICAL,SENIOR ENGINEER,5 - 10 Years,31-40,100647,€62.04,Q1 Lower
101253,Jennifer Weaver,Female,2021-12-09,OUTDOOR,GANGER,15 - 20 Years,41-50,100277,€27.53,Q2 Lower - Middle
100228,Daniel Foley,Female,2022-07-07,PROFESSIONAL/TECHNICAL,PARK RANGER 2001,20 - 30 Years,21-30,100285,€32.01,Q4 Upper
100536,David Holloway,Male,2021-07-02,PROFESSIONAL/TECHNICAL,ASSISTANT STAFF OFFICER,0 - 1 Years,21-30,100770,€18.45,Q2 Lower - Middle
101019,Aaron Chavez,Male,2023-10-19,CLERICAL/ADMINISTRATIVE,LIBRARY ASSISTANT,0 - 1 Years,41-50,101259,€28.65,Q1 Lower
100763,Katrina Ellison,Female,2023-08-17,OUTDOOR,SENIOR EXECUTIVE TECHNICIAN,30 - 40 Years,61-70,100978,€27.44,Q2 Lower - Middle
101261,Anthony Taylor,Male,2000-08-13,OUTDOOR,LIFEGUARD,5 - 10 Years,31-40,100889,€16.91,Q2 Lower - Middle
100092,Brian Johnson,Female,2025-05-15,OUTDOOR,ACTIVE CITIES DUBLIN PROJECT LEAD,1 - 2 Years,41-50,100357,€19.60,Q3 Upper - Middle
100860,Nancy Mendoza,Female,1982-05-23,OUTDOOR,CLERICAL OFFICER,20 - 30 Years,51-60,100030,€31.72,Q4 Upper
100173,Trevor Perez,Female,2012-07-02,CLERICAL/ADMINISTRATIVE,GANGER,1 - 2 Years,31-40,100354,€25.78,Q3 Upper - Middle
100601,William Calhoun,Female,2025-04-17,CLERICAL/ADMINISTRATIVE,DRIVER CLEANSING,0 - 1 Years,51-60,100262,€19.25,Q3 Upper - Middle
100189,Ms. Lori Gray,Male,2024-12-12,PROFESSIONAL/TECHNICAL,CLERICAL OFFICER,15 - 20 Years,21-30,100108,€28.15,Q2 Lower - Middle
100617,Kim Cox,Male,2020-06-18,CLERICAL/ADMINISTRATIVE,SENIOR LIBRARY ASSISTANT,1 - 2 Years,71+,100081,€38.34,Q2 Lower - Middle
100829,Mark Smith,Male,1982-02-14,CLERICAL/ADMINISTRATIVE,INSPECTOR BUILDING MAINTENANCE,15 - 20 Years,61-70,100378,€31.81,Q4 Upper
100062,Jeremiah Jackson,Male,1980-05-04,CLERICAL/ADMINISTRATIVE,OPERATIONS MANAGER - HARBOUR,2 - 5 Years,31-40,100845,€27.02,Q4 Upper
100606,Christopher Armstrong,Male,2021-07-15,OUTDOOR,STAFF OFFICER,2 - 5 Years,41-50,100453,€19.24,Q1 Lower
100296,Misty Todd,Male,2022-12-08,CLERICAL/ADMINISTRATIVE,SENIOR ARCHITECT,5 - 10 Years,51-60,100472,€33.32,Q1 Lower
100500,Vanessa Hernandez,Male,2021-12-09,PROFESSIONAL/TECHNICAL,SENIOR EXECUTIVE ENGINEER,0 - 1 Years,51-60,100788,€34.73,Q4 Upper
100076,John Walters,Male,1984-04-12,OUTDOOR,BIODIVERSITY OFFICER,40+ Years,61-70,100794,€52.90,Q4 Upper
100737,Susan Morris,Female,1979-07-08,PROFESSIONAL/TECHNICAL,SCHOOL WARDEN,0 - 1 Years,21-30,100308,€52.66,Q3 Upper - Middle
100824,Daniel Ryan,Male,2018-12-06,CLERICAL/ADMINISTRATIVE,EXECUTIVE ENGINEER,1 - 2 Years,21-30,100264,€27.44,Q1 Lower
100873,Jessica Krueger,Female,1984-04-08,OUTDOOR,LIFEGUARD,0 - 1 Years,41-50,100601,€22.12,Q3 Upper - Middle
100526,Elizabeth Davis,Male,2023-09-07,CLERICAL/ADMINISTRATIVE,SENIOR EXECUTIVE ENGINEER,20 - 30 Years,41-50,101194,€21.46,Q4 Upper
100919,Kathryn Buck,Male,1999-05-27,CLERICAL/ADMINISTRATIVE,CLERICAL OFFICER,0 - 1 Years,41-50,100556,€34.87,Q3 Upper - Middle
100840,Timothy Carr,Female,2019-12-12,OUTDOOR,SENIOR ENGINEER,20 - 30 Years,21-30,100022,€14.69,Q2 Lower - Middle
100434,Jonathan Richardson,Female,2017-11-09,CLERICAL/ADMINISTRATIVE,ADMINISTRATIVE OFFICER,2 - 5 Years,51-60,100441,€29.23,Q3 Upper - Middle
101183,Christine Thomas,Male,2018-02-08,PROFESSIONAL/TECHNICAL,STAFF OFFICER,1 - 2 Years,41-50,100392,€26.90,Q2 Lower - Middle
100126,Mrs. Sharon Williams,Female,2024-07-18,CLERICAL/ADMINISTRATIVE,ADMINISTRATIVE OFFICER,1 - 2 Years,31-40,101163,€22.10,Q1 Lower
100020,Emily Bowers,Male,2000-04-06,OUTDOOR,LIBRARY ASSISTANT,30 - 40 Years,21-30,101122,€36.23,Q2 Lower - Middle
100988,Robert Mcconnell,Female,2022-06-23,PROFESSIONAL/TECHNICAL,GENERAL OPERATIVE,15 - 20 Years,51-60,101084,€31.88,Q2 Lower - Middle
100471,David Holland,Female,2016-05-19,OUTDOOR,SCHOOL WARDEN,30 - 40 Years,61-70,100502,€29.11,Q1 Lower
101249,Miguel Beck,Male,2022-09-22,CLERICAL/ADMINISTRATIVE,CLERICAL OFFICER,2 - 5 Years,21-30,101190,€37.98,Q4 Upper
100417,James Williams,Male,1993-05-04,PROFESSIONAL/TECHNICAL,SENIOR STAFF OFFICER,2 - 5 Years,21-30,101165,€16.75,Q3 Upper - Middle
100351,James Nunez,Male,2024-03-28,CLERICAL/ADMINISTRATIVE,SENIOR STAFF OFFICER,30 - 40 Years,51-60,100799,€30.17,Q2 Lower - Middle
100509,Elizabeth Jones,Male,2024-08-02,OUTDOOR,LIFEGUARD,30 - 40 Years,51-60,100290,€29.36,Q1 Lower
100460,Kevin Levy,Male,2018-09-30,PROFESSIONAL/TECHNICAL,CARPENTER/JOINER,2 - 5 Years,21-30,101009,€34.38,Q3 Upper - Middle
100767,Patricia Watson,Male,2024-07-18,PROFESSIONAL/TECHNICAL,STAFF OFFICER,2 - 5 Years,41-50,101236,€37.36,Q4 Upper
101179,Robert Gray,Male,2024-07-18,CLERICAL/ADMINISTRATIVE,STAFF OFFICER,5 - 10 Years,71+,101048,€21.93,Q2 Lower - Middle
100880,Brandon Patton,Female,2024-07-18,PROFESSIONAL/TECHNICAL,CLERICAL OFFICER,2 - 5 Years,21-30,100872,€19.53,Q1 Lower
101236,Lindsay Williams,Male,2024-08-01,CLERICAL/ADMINISTRATIVE,SENIOR LIBRARIAN,40+ Years,61-70,100829,€19.40,Q3 Upper - Middle
101266,Matthew Waters,Male,2022-08-18,CLERICAL/ADMINISTRATIVE,GARDENER,20 - 30 Years,41-50,101033,€22.39,Q4 Upper
100552,James Daniel,Female,2021-07-02,OUTDOOR,ACCOUNTING TECHNICIAN APPRENTICESHIP,0 - 1 Years,61-70,100219,€37.42,Q3 Upper - Middle
101027,Troy Smith,Male,2024-09-27,OUTDOOR,CLERICAL OFFICER,20 - 30 Years,61-70,100148,€22.88,Q2 Lower - Middle
100097,Teresa Moyer,Male,2018-09-20,CLERICAL/ADMINISTRATIVE,CHIEF EXECUTIVE,1 - 2 Years,20 and Under,101096,€19.94,Q2 Lower - Middle
101005,Mary Hill,Female,2018-01-04,OUTDOOR,GENERAL OPERATIVE,10 - 15 Years,41-50,100832,€20.49,Q4 Upper
100942,Yolanda Forbes,Male,2001-06-07,CLERICAL/ADMINISTRATIVE,STAFF WELLBEING OFFICER,0 - 1 Years,41-50,100152,€14.69,Q1 Lower
100740,Tiffany Smith,Female,2021-05-20,PROFESSIONAL/TECHNICAL,SENIOR STAFF OFFICER,15 - 20 Years,21-30,100939,€18.54,Q3 Upper - Middle
100226,Joyce Barnes MD,Female,2024-03-17,OUTDOOR,SCHOOL WARDEN,2 - 5 Years,41-50,100186,€16.72,Q1 Lower
100674,Christopher Jordan,Female,2024-08-29,OUTDOOR,CRAFTSMAN,15 - 20 Years,51-60,100868,€17.55,Q2 Lower - Middle
100120,Karen Brown,Female,1999-06-04,CLERICAL/ADMINISTRATIVE,ASSISTANT STAFF OFFICER,20 - 30 Years,41-50,100370,€18.17,Q2 Lower - Middle
100110,Marvin Jones,Female,2025-02-20,PROFESSIONAL/TECHNICAL,CLERICAL OFFICER,30 - 40 Years,41-50,100994,€17.56,Q3 Upper - Middle
100362,Lucas Moore,Female,2019-10-24,CLERICAL/ADMINISTRATIVE,EXECUTIVE ENGINEER,5 - 10 Years,41-50,101172,€31.04,Q1 Lower
101002,Henry Campbell,Male,1994-09-18,CLERICAL/ADMINISTRATIVE,GENERAL OPERATIVE,0 - 1 Years,51-60,100204,€17.12,Q4 Upper
100733,Brittany Pena,Female,2024-09-12,OUTDOOR,ASSISTANT STAFF OFFICER,2 - 5 Years,61-70,100823,€16.33,Q3 Upper - Middle
100452,Nicholas Wright,Female,2021-03-18,PROFESSIONAL/TECHNICAL,SCHOOL WARDEN,1 - 2 Years,51-60,101258,€20.01,Q1 Lower
100761,Jonathan Fields,Male,1979-01-04,PROFESSIONAL/TECHNICAL,PUBLIC ARTS PROGRAMME ADMINISTRATOR,5 - 10 Years,61-70,100093,€36.28,Q3 Upper - Middle
100287,Joshua Sparks,Male,2018-01-25,OUTDOOR,CLERICAL OFFICER,2 - 5 Years,51-60,100041,€37.76,Q3 Upper - Middle
101036,Dana Hall,Female,2018-01-25,PROFESSIONAL/TECHNICAL,ASSISTANT STAFF OFFICER,5 - 10 Years,41-50,100990,€25.94,Q1 Lower
101067,Mary Thomas,Female,2018-01-25,CLERICAL/ADMINISTRATIVE,ASSISTANT PLANNER,20 - 30 Years,41-50,101100,€16.43,Q4 Upper
101085,James Scott,Male,2024-10-10,CLERICAL/ADMINISTRATIVE,CLERICAL OFFICER,0 - 1 Years,41-50,101020,€55.04,Q2 Lower - Middle
100832,Brendan Martinez,Female,2024-09-13,OUTDOOR,STAFF OFFICER,5 - 10 Years,31-40,100516,€46.65,Q4 Upper
100248,Tommy Kelly,Male,2002-08-11,CLERICAL/ADMINISTRATIVE,GENERAL OPERATIVE,40+ Years,71+,100712,€16.97,Q2 Lower - Middle
100034,Gina Butler,Male,2018-02-08,OUTDOOR,SENIOR EXECUTIVE ENGINEER,1 - 2 Years,31-40,101179,€31.92,Q2 Lower - Middle
100032,Christina Lee,Male,2024-10-24,OUTDOOR,SENIOR LIBRARY ASSISTANT,2 - 5 Years,51-60,100098,€21.36,Q3 Upper - Middle
100621,Tammy Kerr,Male,2024-10-24,CLERICAL/ADMINISTRATIVE,ADMINISTRATIVE OFFICER,1 - 2 Years,31-40,100688,€17.58,Q2 Lower - Middle
100852,Jennifer Kirby,Female,2019-10-03,PROFESSIONAL/TECHNICAL,SENIOR EXECUTIVE ENGINEER,20 - 30 Years,51-60,100890,€71.29,Q2 Lower - Middle
100102,Claire Ballard,Female,2018-09-13,CLERICAL/ADMINISTRATIVE,GENERAL OPERATIVE,20 - 30 Years,41-50,100484,€37.35,Q3 Upper - Middle
100828,Scott Jacobs,Male,2021-12-16,PROFESSIONAL/TECHNICAL,DRIVER CLEANSING,5 - 10 Years,51-60,100236,€29.38,Q1 Lower
101240,Michelle Patton,Female,1996-02-09,CLERICAL/ADMINISTRATIVE,STAFF OFFICER,1 - 2 Years,51-60,100618,€30.67,Q3 Upper - Middle
100080,Samuel Gomez,Female,2024-12-05,CLERICAL/ADMINISTRATIVE,ASSISTANT FOREMAN GARDENER,1 - 2 Years,51-60,100728,€19.56,Q3 Upper - Middle
100584,Jacqueline Ramirez,Female,1984-05-10,OUTDOOR,EXECUTIVE PARKS SUPERINTENDENT,1 - 2 Years,41-50,100382,€17.09,Q4 Upper
100154,Dana Brown,Male,2018-01-04,CLERICAL/ADMINISTRATIVE,ADMINISTRATIVE OFFICER,1 - 2 Years,41-50,100760,€40.04,Q2 Lower - Middle
100874,Melanie Hanson,Female,2018-09-09,CLERICAL/ADMINISTRATIVE,EXECUTIVE CONSERVATION OFFICER,20 - 30 Years,41-50,100803,€29.30,Q2 Lower - Middle
101119,Rachel Peterson,Male,1996-10-03,OUTDOOR,LIBRARIAN,5 - 10 Years,41-50,100147,€25.84,Q1 Lower
100022,Jake Santiago,Female,2020-10-29,OUTDOOR,GARDENER,1 - 2 Years,51-60,100206,€52.66,Q3 Upper - Middle
100003,Kimberly Valdez,Male,2024-10-10,OUTDOOR,SCHOOL WARDEN,1 - 2 Years,41-50,100273,€32.52,Q2 Lower - Middle
100669,Allen Wright,Male,2019-07-01,CLERICAL/ADMINISTRATIVE,UNDERGRADUATE STUDENT TEMPORARY,20 - 30 Years,61-70,100428,€37.63,Q3 Upper - Middle
100112,Rebecca Davis,Male,1999-08-19,CLERICAL/ADMINISTRATIVE,ADMINISTRATIVE OFFICER,2 - 5 Years,51-60,100394,€26.83,Q1 Lower
100366,Sonya Huerta,Female,1982-06-06,PROFESSIONAL/TECHNICAL,STAFF OFFICER,1 - 2 Years,41-50,100050,€27.66,Q3 Upper - Middle
100409,Anne Roberts,Male,2024-03-17,CLERICAL/ADMINISTRATIVE,GRADUATE PROGRAMME,0 - 1 Years,51-60,101255,€47.84,Q3 Upper - Middle
100948,Jeremy Carney,Male,2025-05-08,OUTDOOR,WHEELED BIN SERV MAN,20 - 30 Years,31-40,100233,€20.79,Q2 Lower - Middle
101132,Eugene Johnson,Female,2025-05-08,CLERICAL/ADMINISTRATIVE,I.S. PROJECT LEADER,0 - 1 Years,21-30,100171,€16.32,Q3 Upper - Middle
100379,Amanda Gilbert,Male,2025-05-08,CLERICAL/ADMINISTRATIVE,FOREMAN GARDENER,1 - 2 Years,51-60,101058,€25.81,Q1 Lower
100278,Scott Pittman,Male,2025-05-08,OUTDOOR,ASSISTANT STAFF OFFICER,2 - 5 Years,51-60,100351,€20.78,Q4 Upper
101062,Michael Patel,Female,2025-05-08,OUTDOOR,ASSISTANT STAFF OFFICER,5 - 10 Years,31-40,101277,€31.59,Q3 Upper - Middle
101221,Dana Brown,Female,2025-05-08,PROFESSIONAL/TECHNICAL,GRADUATE PROGRAMME,0 - 1 Years,31-40,101189,€23.85,Q2 Lower - Middle
100399,Patricia Gilbert,Male,2025-05-08,CLERICAL/ADMINISTRATIVE,ASSISTANT STAFF OFFICER,20 - 30 Years,31-40,100582,€39.26,Q4 Upper
100862,Jennifer Carr,Male,1994-10-09,CLERICAL/ADMINISTRATIVE,PICK UP DRIVER SHIFT,20 - 30 Years,31-40,101040,€19.26,Q1 Lower
101286,Nicole Johnson,Male,2022-09-01,CLERICAL/ADMINISTRATIVE,OPERATOR TRACTOR,10 - 15 Years,41-50,100237,€14.86,Q1 Lower
101207,Courtney Chapman,Female,2018-12-13,PROFESSIONAL/TECHNICAL,CREATIVE COMMUNITY ENGAGEMENT OFFICER,5 - 10 Years,61-70,100678,€41.91,Q3 Upper - Middle
101111,Richard Guerra,Female,2018-12-06,OUTDOOR,CLERICAL OFFICER,0 - 1 Years,31-40,100427,€17.09,Q3 Upper - Middle
100967,Cindy Evans,Female,1993-06-17,PROFESSIONAL/TECHNICAL,GENERAL OPERATIVE,5 - 10 Years,51-60,101284,€17.26,Q2 Lower - Middle
101169,Michelle Hughes,Female,1982-05-23,CLERICAL/ADMINISTRATIVE,CLERICAL OFFICER,20 - 30 Years,31-40,100905,€15.78,Q4 Upper
100513,Peter Johnson,Male,2016-09-22,OUTDOOR,SENIOR EXECUTIVE LIBRARIAN,1 - 2 Years,61-70,100810,€34.66,Q1 Lower
101187,Brittany Black,Female,1991-10-10,OUTDOOR,ADMINISTRATIVE OFFICER,20 - 30 Years,41-50,100588,€17.57,Q3 Upper - Middle
101140,Eric Potter,Male,2023-07-07,PROFESSIONAL/TECHNICAL,WATER SERVICES INSPECTOR,15 - 20 Years,51-60,101200,€23.34,Q1 Lower
100631,Justin Bartlett,Male,2024-08-01,CLERICAL/ADMINISTRATIVE,LIBRARY ASSISTANT,5 - 10 Years,41-50,100409,€42.40,Q3 Upper - Middle
100165,Andrew Patterson,Female,2019-08-08,PROFESSIONAL/TECHNICAL,GRADUATE ENGINEER,0 - 1 Years,51-60,101207,€15.73,Q1 Lower
100522,Kristen Conway,Male,2021-12-16,OUTDOOR,COUNTY ARCHITECT,5 - 10 Years,31-40,100592,€23.40,Q4 Upper
100605,Savannah Benson,Male,2023-07-27,CLERICAL/ADMINISTRATIVE,SENIOR STAFF OFFICER,20 - 30 Years,41-50,100430,€22.75,Q4 Upper
101273,Charles Jones,Female,2024-03-17,OUTDOOR,SCHOOL WARDEN,15 - 20 Years,31-40,100399,€31.27,Q3 Upper - Middle
100707,John Evans,Female,1986-05-22,PROFESSIONAL/TECHNICAL,FOREMAN GARDENER,0 - 1 Years,51-60,100945,€17.13,Q1 Lower
100450,Michael Kaufman,Female,2021-06-10,OUTDOOR,EXECUTIVE ENGINEER,1 - 2 Years,51-60,100843,€51.01,Q3 Upper - Middle
100324,Regina Smith,Male,2023-06-15,OUTDOOR,EXECUTIVE SOLICITOR,0 - 1 Years,21-30,100043,€46.30,Q4 Upper
101066,Anthony Ingram,Female,2023-09-14,OUTDOOR,GENERAL OPERATIVE,15 - 20 Years,41-50,100761,€33.01,Q1 Lower
101272,Alicia Lee,Male,2022-10-27,CLERICAL/ADMINISTRATIVE,STAFF OFFICER,2 - 5 Years,41-50,100722,€33.66,Q3 Upper - Middle
101017,Megan Wilson,Female,1996-09-12,CLERICAL/ADMINISTRATIVE,SWEEPER ROADS,2 - 5 Years,51-60,100714,€18.83,Q1 Lower
101163,Jason Johnson,Male,2018-01-04,CLERICAL/ADMINISTRATIVE,BUILDING INSPECTOR/ CLERK OF WORKS,0 - 1 Years,51-60,100621,€33.05,Q3 Upper - Middle
100175,Linda Wolfe,Male,2021-07-15,CLERICAL/ADMINISTRATIVE,CHARGEHAND CRAFTSMAN,30 - 40 Years,31-40,100643,€33.43,Q3 Upper - Middle
100768,Alicia Sullivan,Male,1998-12-03,PROFESSIONAL/TECHNICAL,WHEELED BIN SERV MAN,30 - 40 Years,41-50,100705,€43.72,Q3 Upper - Middle
101275,Ashley Ward,Female,2022-01-06,CLERICAL/ADMINISTRATIVE,ASSISTANT STAFF OFFICER,2 - 5 Years,21-30,100280,€45.18,Q2 Lower - Middle
101218,Jeffrey Leonard,Female,2017-09-14,PROFESSIONAL/TECHNICAL,LIBRARY ASSISTANT,20 - 30 Years,51-60,100955,€16.78,Q1 Lower
100610,James Fitzgerald,Male,2016-09-22,CLERICAL/ADMINISTRATIVE,STAFF OFFICER,2 - 5 Years,41-50,100595,€31.29,Q2 Lower - Middle
100574,Dr. Joyce Cameron DDS,Female,2016-09-22,OUTDOOR,ASSISTANT FOREMAN OF WORKS,1 - 2 Years,61-70,100052,€52.95,Q3 Upper - Middle
100731,Alexandria Williams,Female,2018-01-25,CLERICAL/ADMINISTRATIVE,CLERICAL OFFICER,0 - 1 Years,51-60,100763,€15.27,Q4 Upper
100380,Holly Lopez,Male,2021-07-16,CLERICAL/ADMINISTRATIVE,ADMINISTRATIVE OFFICER,40+ Years,41-50,100839,€19.07,Q4 Upper
100000,Sara Diaz,Female,2024-11-14,PROFESSIONAL/TECHNICAL,SENIOR LIBRARIAN,1 - 2 Years,51-60,100402,€56.82,Q3 Upper - Middle
101110,Ryan Lopez,Male,2019-08-08,PROFESSIONAL/TECHNICAL,SENIOR EXECUTIVE ENGINEER,30 - 40 Years,51-60,101270,€41.62,Q3 Upper - Middle
100086,John Oliver,Male,2018-12-20,CLERICAL/ADMINISTRATIVE,SENIOR EXECUTIVE PARKS & LANDSCAPE OFFIC,20 - 30 Years,51-60,100871,€41.72,Q3 Upper - Middle
100049,Amanda Ayala,Male,2019-09-05,CLERICAL/ADMINISTRATIVE,EXECUTIVE ENGINEER,20 - 30 Years,61-70,100129,€17.91,Q3 Upper - Middle
100690,Jasmine Bender,Female,2004-01-11,CLERICAL/ADMINISTRATIVE,CLERICAL OFFICER,5 - 10 Years,31-40,100685,€19.62,Q3 Upper - Middle
100488,Sarah Johnson,Male,2019-05-16,OUTDOOR,GRADUATE PROGRAMME,5 - 10 Years,41-50,100184,€15.11,Q1 Lower
100999,Mia Whitehead,Male,2019-05-30,OUTDOOR,CLERICAL OFFICER,2 - 5 Years,51-60,100604,€22.43,Q4 Upper
101070,Lori Sanders,Male,1998-11-27,PROFESSIONAL/TECHNICAL,ASSISTANT STAFF OFFICER,20 - 30 Years,61-70,100802,€43.89,Q4 Upper
100104,Matthew Price,Male,2003-10-30,CLERICAL/ADMINISTRATIVE,FACILITIES MANAGER,1 - 2 Years,41-50,100661,€17.28,Q2 Lower - Middle
100872,Stephen Parker,Male,2018-01-25,CLERICAL/ADMINISTRATIVE,GENERAL OPERATIVE,0 - 1 Years,31-40,100879,€51.73,Q4 Upper
100055,Blake White,Male,2018-02-08,CLERICAL/ADMINISTRATIVE,ASSISTANT FOREMAN GARDENER,20 - 30 Years,61-70,100750,€49.36,Q4 Upper
101189,Stephen Long,Female,2018-09-20,CLERICAL/ADMINISTRATIVE,CLERICAL OFFICER,0 - 1 Years,61-70,101199,€49.38,Q4 Upper
101030,Cameron Cordova,Male,2002-07-18,OUTDOOR,HARBOUR CONSTABLE,2 - 5 Years,31-40,100140,€47.08,Q3 Upper - Middle
100177,Taylor Flores,Female,2022-06-02,OUTDOOR,SENIOR STAFF OFFICER,15 - 20 Years,61-70,100142,€33.47,Q4 Upper
100008,Gregory Garcia,Female,2019-05-30,CLERICAL/ADMINISTRATIVE,GENERAL OPERATIVE,20 - 30 Years,31-40,100560,€27.41,Q4 Upper
101091,Donald Reeves,Female,2019-09-12,CLERICAL/ADMINISTRATIVE,GENERAL OPERATIVE,2 - 5 Years,51-60,101042,€33.46,Q1 Lower
101256,Tara Webb,Female,2021-05-20,OUTDOOR,CLERICAL OFFICER,2 - 5 Years,41-50,100040,€47.68,Q2 Lower - Middle
100927,David Miller,Male,2022-06-02,OUTDOOR,LAW AGENT,20 - 30 Years,41-50,100420,€22.59,Q1 Lower
101103,Nicole Ferguson,Female,2000-01-06,CLERICAL/ADMINISTRATIVE,STAFF OFFICER,2 - 5 Years,41-50,100917,€43.55,Q2 Lower - Middle
101180,Joseph Burton,Male,2017-09-29,PROFESSIONAL/TECHNICAL,SCHOOL WARDEN,2 - 5 Years,21-30,100949,€15.81,Q3 Upper - Middle
100712,Brianna Lee,Male,2003-05-15,OUTDOOR,GANGER PARKS,2 - 5 Years,61-70,100836,€25.00,Q4 Upper
101100,Doris Sellers,Male,2017-06-01,CLERICAL/ADMINISTRATIVE,I.S. PROJECT LEADER,5 - 10 Years,41-50,100213,€14.71,Q4 Upper
100597,Amanda King,Male,2018-10-04,CLERICAL/ADMINISTRATIVE,CLERICAL OFFICER,0 - 1 Years,41-50,100266,€15.73,Q1 Lower
100256,Stephanie Soto,Male,2022-05-12,OUTDOOR,CLERICAL OFFICER,10 - 15 Years,31-40,100352,€42.67,Q1 Lower
100762,Krystal Fowler,Male,2003-09-11,OUTDOOR,SCHOOL WARDEN,15 - 20 Years,51-60,100127,€36.64,Q1 Lower
100769,Kathleen Juarez,Female,2018-10-04,PROFESSIONAL/TECHNICAL,LIBRARY ASSISTANT,20 - 30 Years,21-30,100006,€22.96,Q4 Upper
100839,Jack Webb,Female,1988-12-08,CLERICAL/ADMINISTRATIVE,LIFEGUARD,20 - 30 Years,21-30,100444,€15.84,Q4 Upper
100630,Paul Black,Male,2015-06-25,CLERICAL/ADMINISTRATIVE,INSPECTOR BUILDING MAINTENANCE,5 - 10 Years,61-70,101157,€16.14,Q1 Lower
100349,Ricardo Stewart,Male,2017-02-16,PROFESSIONAL/TECHNICAL,STAFF OFFICER,20 - 30 Years,31-40,101126,€36.22,Q4 Upper
100936,Michael Gutierrez,Female,2018-01-04,OUTDOOR,ASSISTANT STAFF OFFICER,1 - 2 Years,51-60,101081,€44.89,Q4 Upper
100562,Tamara King,Female,2014-10-31,CLERICAL/ADMINISTRATIVE,DRIVER SHIFT HARBOUR,1 - 2 Years,71+,101102,€58.39,Q3 Upper - Middle
100329,Timothy Cruz,Male,2004-06-03,CLERICAL/ADMINISTRATIVE,STAFF OFFICER,15 - 20 Years,21-30,100225,€19.09,Q4 Upper
100779,Jonathan Farley,Male,1990-05-26,OUTDOOR,CLERICAL OFFICER,20 - 30 Years,31-40,100136,€19.28,Q4 Upper
100751,Julie Calderon,Female,2014-08-21,OUTDOOR,SENIOR ENGINEER,5 - 10 Years,51-60,100962,€31.45,Q1 Lower
100041,Melissa Larson,Male,2016-09-22,CLERICAL/ADMINISTRATIVE,GENERAL OPERATIVE,20 - 30 Years,21-30,100224,€49.17,Q2 Lower - Middle
100654,Lynn Munoz,Male,2017-12-07,CLERICAL/ADMINISTRATIVE,SCHOOL WARDEN,0 - 1 Years,51-60,100806,€27.88,Q3 Upper - Middle
100156,Cody Cole,Male,2022-06-02,OUTDOOR,GRADUATE ENGINEER,5 - 10 Years,51-60,100493,€27.08,Q4 Upper
100510,Juan Smith,Male,1999-04-04,PROFESSIONAL/TECHNICAL,SCHOOL WARDEN,20 - 30 Years,51-60,100684,€18.13,Q2 Lower - Middle
100609,Daniel Whitney,Male,2017-06-01,CLERICAL/ADMINISTRATIVE,GENERAL OPERATIVE,5 - 10 Years,51-60,100925,€29.30,Q4 Upper
100160,Billy Green,Female,2018-01-04,CLERICAL/ADMINISTRATIVE,SCHOOL WARDEN,5 - 10 Years,31-40,100605,€19.40,Q3 Upper - Middle
100702,Samantha Weaver,Female,2017-08-31,OUTDOOR,EXECUTIVE ARCHITECT,20 - 30 Years,51-60,100877,€14.69,Q2 Lower - Middle
100334,Rick Lawrence,Male,2022-06-02,OUTDOOR,SCHOOL WARDEN,2 - 5 Years,61-70,100655,€32.69,Q2 Lower - Middle
101233,Jerry Ellis,Female,2006-05-25,CLERICAL/ADMINISTRATIVE,ADMINISTRATIVE OFFICER,2 - 5 Years,41-50,100018,€33.75,Q2 Lower - Middle
100314,Sean Smith,Male,2019-03-22,CLERICAL/ADMINISTRATIVE,FLEET MANAGER,0 - 1 Years,21-30,100920,€21.94,Q2 Lower - Middle
100215,John Smith,Female,1982-05-02,PROFESSIONAL/TECHNICAL,SENIOR EXECUTIVE SOLICITOR,5 - 10 Years,61-70,100903,€16.76,Q4 Upper
101224,Jennifer Cooper,Male,2018-01-25,CLERICAL/ADMINISTRATIVE,LIFEGUARD,30 - 40 Years,51-60,100909,€17.43,Q4 Upper
100803,Mrs. Andrea Silva DVM,Male,2023-05-25,PROFESSIONAL/TECHNICAL,ASSISTANT ENGINEER,20 - 30 Years,41-50,100342,€19.06,Q1 Lower
100150,James Curry,Male,1999-05-16,OUTDOOR,SUPERVISOR INSPECTOR MAINTENANCE/CLEAN,0 - 1 Years,41-50,100941,€16.58,Q2 Lower - Middle
100394,Tracy Johnson,Male,2024-05-23,PROFESSIONAL/TECHNICAL,GARDENER,2 - 5 Years,41-50,100574,€18.79,Q2 Lower - Middle
100914,Julie Harrington,Male,2015-04-09,CLERICAL/ADMINISTRATIVE,SENIOR STAFF OFFICER,0 - 1 Years,51-60,100562,€29.54,Q4 Upper
100197,Randy Rosales,Female,2004-01-08,CLERICAL/ADMINISTRATIVE,ASSISTANT PLANNER,20 - 30 Years,61-70,100741,€36.12,Q3 Upper - Middle
100283,Renee Ortega,Male,2007-01-11,OUTDOOR,CLERICAL OFFICER,15 - 20 Years,31-40,100865,€27.37,Q1 Lower
100691,Kathy Pierce,Female,2022-07-07,CLERICAL/ADMINISTRATIVE,GENERAL OPERATIVE,5 - 10 Years,41-50,100598,€31.56,Q3 Upper - Middle
100249,Erika Wade,Male,2018-09-20,PROFESSIONAL/TECHNICAL,ASSISTANT ENGINEER,1 - 2 Years,21-30,100031,€35.23,Q3 Upper - Middle
100618,Sean Sanders,Female,2024-06-06,OUTDOOR,LIBRARY ASSISTANT,20 - 30 Years,41-50,100062,€28.28,Q2 Lower - Middle
101217,Mary Santana,Female,2024-03-01,CLERICAL/ADMINISTRATIVE,STAFF OFFICER,2 - 5 Years,51-60,100672,€20.78,Q4 Upper
100662,Laura Campbell,Male,2024-06-20,OUTDOOR,LIFEGUARD,5 - 10 Years,61-70,100612,€16.54,Q2 Lower - Middle
101239,Sierra Stafford,Female,2024-06-20,OUTDOOR,BUILDING INSPECTOR/ CLERK OF WORKS,30 - 40 Years,31-40,100541,€14.69,Q4 Upper
100888,William Salinas,Male,2023-08-04,CLERICAL/ADMINISTRATIVE,STAFF OFFICER,20 - 30 Years,41-50,100976,€37.36,Q4 Upper
100773,Jon Lewis,Male,2023-08-04,CLERICAL/ADMINISTRATIVE,ASSISTANT ENGINEER,1 - 2 Years,41-50,100638,€27.98,Q3 Upper - Middle
100531,Matthew Kelley,Male,2024-02-16,CLERICAL/ADMINISTRATIVE,GENERAL OPERATIVE,2 - 5 Years,31-40,101193,€17.62,Q4 Upper
100200,Amanda Rogers,Female,2024-07-18,OUTDOOR,BUSINESS ADVISOR (LEO),30 - 40 Years,21-30,100511,€14.55,Q2 Lower - Middle
100647,Ernest Hill,Female,2017-12-14,PROFESSIONAL/TECHNICAL,CLERICAL OFFICER,20 - 30 Years,51-60,101262,€28.97,Q3 Upper - Middle
100457,Stephanie Cooper,Male,2025-05-02,OUTDOOR,SENIOR PROGRAMMER,2 - 5 Years,61-70,101257,€18.64,Q1 Lower
100317,Matthew Pruitt,Female,1992-04-23,CLERICAL/ADMINISTRATIVE,STAFF OFFICER,2 - 5 Years,31-40,100597,€38.81,Q4 Upper
101040,Eric Gonzalez,Female,1999-01-28,OUTDOOR,CLERICAL OFFICER,20 - 30 Years,41-50,100519,€32.00,Q4 Upper
101029,Cody Drake,Male,2017-12-14,PROFESSIONAL/TECHNICAL,SCHOOL WARDEN,1 - 2 Years,31-40,100168,€58.81,Q3 Upper - Middle
100357,Kelly Turner MD,Male,1992-10-08,OUTDOOR,ADMINISTRATIVE OFFICER,30 - 40 Years,51-60,100313,€43.29,Q1 Lower
100998,Megan Wilson,Male,2023-12-21,CLERICAL/ADMINISTRATIVE,LIBRARY ASSISTANT,0 - 1 Years,21-30,100690,€20.75,Q1 Lower
100472,Danielle Lewis,Male,2007-06-14,CLERICAL/ADMINISTRATIVE,GENERAL OPERATIVE,0 - 1 Years,51-60,100840,€32.05,Q4 Upper
100985,Curtis Wood,Male,2001-05-31,OUTDOOR,CRAFTSMAN,0 - 1 Years,41-50,100343,€17.96,Q2 Lower - Middle
100006,Richard Taylor,Female,2001-09-13,PROFESSIONAL/TECHNICAL,GENERAL OPERATIVE,15 - 20 Years,31-40,100164,€22.48,Q2 Lower - Middle
100904,Jaime Miller MD,Female,2000-12-02,CLERICAL/ADMINISTRATIVE,FOREMAN TRADESMAN,40+ Years,31-40,100144,€18.43,Q2 Lower - Middle
100687,Tyler Williams,Male,2000-04-09,CLERICAL/ADMINISTRATIVE,CARPENTER/JOINER,5 - 10 Years,51-60,101292,€17.35,Q3 Upper - Middle
100004,Daniel Young,Female,2000-08-24,CLERICAL/ADMINISTRATIVE,STAFF OFFICER,5 - 10 Years,41-50,101263,€27.09,Q2 Lower - Middle
100489,William Patterson,Male,2001-10-18,CLERICAL/ADMINISTRATIVE,ADMINISTRATIVE OFFICER,20 - 30 Years,31-40,100165,€29.93,Q4 Upper
100766,Mrs. Victoria Patel,Female,1983-05-26,CLERICAL/ADMINISTRATIVE,PORTER HALL/ MSG,5 - 10 Years,31-40,101051,€15.14,Q3 Upper - Middle
101276,Rebecca Vaughan,Male,1994-04-01,OUTDOOR,GULLY SUCKER DRIVER,20 - 30 Years,51-60,100253,€25.81,Q1 Lower
100060,David Simmons,Male,1995-06-20,OUTDOOR,EXECUTIVE ENGINEER,30 - 40 Years,41-50,100249,€25.81,Q1 Lower
100986,Daniel Miller,Male,1994-12-08,CLERICAL/ADMINISTRATIVE,DIRECTOR OF FINANCE & RISK MANAGEMENT,20 - 30 Years,51-60,100543,€25.81,Q3 Upper - Middle
100994,Terry Oneill,Male,2000-03-31,CLERICAL/ADMINISTRATIVE,STAFF OFFICER,2 - 5 Years,51-60,100356,€19.41,Q3 Upper - Middle
100796,Tara Bishop,Male,2003-07-12,CLERICAL/ADMINISTRATIVE,GENERAL OPERATIVE,20 - 30 Years,51-60,100070,€17.31,Q4 Upper
101141,Benjamin Velez,Male,2006-04-27,CLERICAL/ADMINISTRATIVE,DRIVER,5 - 10 Years,41-50,101213,€27.60,Q1 Lower
101209,Katrina Martin,Female,2003-07-10,CLERICAL/ADMINISTRATIVE,GRADUATE PARKS & LANDSCAPE OFFICER,0 - 1 Years,31-40,100365,€34.07,Q1 Lower
100558,Michelle Walters,Female,1982-06-22,OUTDOOR,SUPERVISOR INSPECTOR MAINTENANCE/CLEAN,2 - 5 Years,41-50,100984,€28.91,Q2 Lower - Middle
100179,Kimberly Summers MD,Male,1999-06-10,CLERICAL/ADMINISTRATIVE,HERITAGE OFFICER PERMANENT,20 - 30 Years,61-70,100499,€29.30,Q2 Lower - Middle
100021,Joshua Hale,Female,2006-05-18,OUTDOOR,GANGER,2 - 5 Years,41-50,101067,€18.72,Q1 Lower
100665,Anthony Crawford,Female,1995-04-20,CLERICAL/ADMINISTRATIVE,STAFF OFFICER,1 - 2 Years,21-30,101134,€19.53,Q4 Upper
100946,Stephen Reeves,Male,2001-09-06,OUTDOOR,GENERAL OPERATIVE,5 - 10 Years,21-30,100946,€22.70,Q1 Lower
100806,Edward Thompson,Female,2013-02-01,CLERICAL/ADMINISTRATIVE,ASSISTANT STAFF OFFICER,2 - 5 Years,41-50,100783,€43.81,Q4 Upper
100237,Robert Gibson,Male,2001-06-07,OUTDOOR,CLERICAL OFFICER,5 - 10 Years,51-60,101224,€50.79,Q2 Lower - Middle
100311,Joshua Wood,Male,1990-08-09,PROFESSIONAL/TECHNICAL,STAFF OFFICER,5 - 10 Years,61-70,100327,€39.70,Q3 Upper - Middle
100575,Julia Ford,Male,2008-07-10,CLERICAL/ADMINISTRATIVE,SCHOOL WARDEN,0 - 1 Years,41-50,100167,€28.41,Q4 Upper
101219,Zachary Gill,Male,2001-01-18,PROFESSIONAL/TECHNICAL,ASSISTANT STAFF OFFICER,30 - 40 Years,31-40,100804,€31.56,Q4 Upper
100163,Jason Allen,Female,2001-09-15,CLERICAL/ADMINISTRATIVE,SENIOR EXECUTIVE PLANNER,5 - 10 Years,61-70,100846,€19.22,Q4 Upper
100682,Kevin Moreno,Female,2009-08-09,OUTDOOR,GENERAL OPERATIVE,0 - 1 Years,41-50,100549,€15.14,Q4 Upper
100009,Ashley Harper,Male,2001-05-31,CLERICAL/ADMINISTRATIVE,ASSISTANT STAFF OFFICER,20 - 30 Years,31-40,100481,€36.12,Q2 Lower - Middle
100085,Hayley Scott,Male,2023-05-25,OUTDOOR,SCHOOL WARDEN,0 - 1 Years,41-50,101118,€38.64,Q2 Lower - Middle
100505,Herbert Michael,Male,2024-10-10,OUTDOOR,ASSISTANT FOREMAN GARDENER,0 - 1 Years,51-60,100709,€18.23,Q4 Upper
101014,Frances Patterson,Female,2018-09-20,CLERICAL/ADMINISTRATIVE,ASSISTANT FOREMAN GARDENER,0 - 1 Years,51-60,100927,€35.74,Q3 Upper - Middle
100183,Jason Rice,Male,2025-05-15,CLERICAL/ADMINISTRATIVE,ASSISTANT STAFF OFFICER,5 - 10 Years,21-30,100932,€25.88,Q4 Upper
100368,Janet Velasquez,Male,1997-10-09,CLERICAL/ADMINISTRATIVE,SENIOR EXECUTIVE OFFICER,1 - 2 Years,41-50,100121,€21.53,Q3 Upper - Middle
100730,Alyssa Henderson,Female,2017-06-01,CLERICAL/ADMINISTRATIVE,ASSISTANT PLANNER,30 - 40 Years,61-70,100011,€17.17,Q4 Upper
100869,Nicolas Taylor,Male,2020-05-21,CLERICAL/ADMINISTRATIVE,RESIDENT ENGINEER TEMPORARY,0 - 1 Years,41-50,100916,€20.76,Q2 Lower - Middle
100259,Kathleen Guerrero,Female,2025-01-03,CLERICAL/ADMINISTRATIVE,SENIOR PROGRAMMER,20 - 30 Years,21-30,100969,€33.16,Q4 Upper
100671,Brittany Hall,Male,2025-01-03,CLERICAL/ADMINISTRATIVE,SENIOR EXECUTIVE OFFICER,2 - 5 Years,41-50,100607,€25.81,Q3 Upper - Middle
101037,Karen Dyer DDS,Male,2007-03-09,CLERICAL/ADMINISTRATIVE,SENIOR ENGINEER,2 - 5 Years,31-40,101215,€20.91,Q4 Upper
101012,Christopher Johnson,Male,2017-12-07,OUTDOOR,LIBRARY ASSISTANT,30 - 40 Years,51-60,100724,€19.28,Q2 Lower - Middle
100913,Isaac Mullen,Male,2017-12-07,OUTDOOR,STAFF OFFICER,30 - 40 Years,51-60,100226,€33.71,Q1 Lower
101000,Scott Price,Male,2002-07-05,OUTDOOR,CLERICAL OFFICER,0 - 1 Years,51-60,100716,€15.80,Q3 Upper - Middle
100284,Sean Wilson,Male,1997-05-02,CLERICAL/ADMINISTRATIVE,LIBRARY ASSISTANT,10 - 15 Years,51-60,100214,€42.41,Q1 Lower
100465,Gabrielle Montoya,Female,2025-01-16,PROFESSIONAL/TECHNICAL,GARDENER,5 - 10 Years,41-50,100795,€18.94,Q2 Lower - Middle
100075,Paul Bailey,Male,2024-02-16,CLERICAL/ADMINISTRATIVE,ASSISTANT STAFF OFFICER,15 - 20 Years,61-70,100848,€20.74,Q2 Lower - Middle
101051,Donna Williams,Male,2017-12-14,CLERICAL/ADMINISTRATIVE,DISTRICT SUPERVISOR PARKS,20 - 30 Years,31-40,100222,€32.76,Q1 Lower
100056,Larry Murray,Male,1998-03-01,OUTDOOR,ANALYST PROGRAMMER,2 - 5 Years,31-40,100636,€21.93,Q4 Upper
100502,Richard Smith,Female,2003-09-26,OUTDOOR,SENIOR STAFF OFFICER,20 - 30 Years,21-30,100547,€30.07,Q4 Upper
100901,Jonathan Olson,Male,2007-06-28,CLERICAL/ADMINISTRATIVE,CLERICAL OFFICER,5 - 10 Years,41-50,100029,€29.94,Q2 Lower - Middle
100961,Zachary Smith,Male,2016-11-21,OUTDOOR,STAFF OFFICER,0 - 1 Years,31-40,100440,€35.06,Q1 Lower
100653,John Wood,Male,2021-02-11,OUTDOOR,EXECUTIVE PLANNER,2 - 5 Years,41-50,100361,€43.59,Q3 Upper - Middle
100537,Jennifer Nelson,Male,2017-07-07,CLERICAL/ADMINISTRATIVE,DRIVER SHIFT HARBOUR,20 - 30 Years,51-60,101031,€43.28,Q1 Lower
100652,Timothy Mason,Male,2018-10-05,CLERICAL/ADMINISTRATIVE,CLERICAL OFFICER,5 - 10 Years,41-50,101221,€35.27,Q3 Upper - Middle
100551,Donna Brewer,Female,2024-12-19,CLERICAL/ADMINISTRATIVE,ASSISTANT STAFF OFFICER,2 - 5 Years,51-60,100827,€21.79,Q1 Lower
101079,Christine Castro,Male,2022-09-01,OUTDOOR,SCHOOL WARDEN,10 - 15 Years,41-50,100537,€28.08,Q3 Upper - Middle
100738,Tonya Sullivan,Female,2023-07-20,CLERICAL/ADMINISTRATIVE,CLERICAL OFFICER,15 - 20 Years,21-30,100335,€28.92,Q1 Lower
100952,Howard Castillo,Male,2002-07-14,PROFESSIONAL/TECHNICAL,SENIOR LIFEGUARD,0 - 1 Years,61-70,100491,€21.36,Q1 Lower
100395,Laurie Stephens,Female,1993-04-01,OUTDOOR,ASSISTANT FOREMAN OF WORKS,1 - 2 Years,21-30,100087,€19.15,Q2 Lower - Middle
101296,Tommy Henderson,Male,2007-04-12,OUTDOOR,UNDERGRADUATE STUDENT TEMPORARY,1 - 2 Years,51-60,100255,€43.49,Q4 Upper
100358,Casey Morris,Female,2008-11-06,PROFESSIONAL/TECHNICAL,SENIOR EXECUTIVE PLANNER,5 - 10 Years,51-60,100181,€26.54,Q1 Lower
100336,Pamela Johnson,Male,1997-03-30,OUTDOOR,MANAGEMENT ACCOUNTANT,2 - 5 Years,21-30,100630,€33.53,Q1 Lower
100547,Martha Rodriguez,Male,1995-10-05,OUTDOOR,EXECUTIVE ARCHITECT,5 - 10 Years,51-60,100221,€29.01,Q4 Upper
100629,Carmen Martin,Male,2025-03-13,OUTDOOR,DRIVER ROAD SWEEPER,1 - 2 Years,61-70,100584,€33.47,Q1 Lower
100096,Amanda Willis,Female,2023-04-16,PROFESSIONAL/TECHNICAL,GENERAL OPERATIVE,0 - 1 Years,41-50,101066,€18.52,Q2 Lower - Middle
100624,Karen Fletcher,Male,2023-08-31,OUTDOOR,CLERICAL OFFICER,0 - 1 Years,51-60,101149,€33.00,Q2 Lower - Middle
100214,Mathew Vasquez,Male,2018-07-06,CLERICAL/ADMINISTRATIVE,ASSISTANT STAFF OFFICER,20 - 30 Years,51-60,100194,€16.33,Q2 Lower - Middle
100099,Todd Brown,Female,2022-07-07,CLERICAL/ADMINISTRATIVE,CHIEF TECHNICIAN,1 - 2 Years,71+,100944,€35.59,Q4 Upper
100972,Fred Watson,Male,2017-08-17,PROFESSIONAL/TECHNICAL,DRIVER,0 - 1 Years,31-40,100674,€14.70,Q1 Lower
101283,Frank Barton,Male,2022-02-17,CLERICAL/ADMINISTRATIVE,ASSISTANT PLANNER,5 - 10 Years,31-40,100992,€31.49,Q3 Upper - Middle
100268,Rebecca Morrison,Male,2023-12-21,OUTDOOR,CLERICAL OFFICER,1 - 2 Years,51-60,101256,€36.80,Q4 Upper
101252,Brittany Clements,Male,2019-05-16,CLERICAL/ADMINISTRATIVE,ENVIRONMENTAL ENFORCEMENT WARDEN,15 - 20 Years,31-40,101092,€39.27,Q4 Upper
101146,Daniel Poole DDS,Male,2019-03-01,CLERICAL/ADMINISTRATIVE,STAFF OFFICER,5 - 10 Years,51-60,101003,€18.29,Q2 Lower - Middle
101147,Kaitlyn Perez,Male,2006-10-05,CLERICAL/ADMINISTRATIVE,CLERICAL OFFICER,1 - 2 Years,51-60,100433,€52.66,Q4 Upper
101104,Amy Jones,Male,1989-06-23,OUTDOOR,ASSISTANT STAFF OFFICER,20 - 30 Years,41-50,100117,€24.16,Q2 Lower - Middle
100492,Frank Vaughan,Male,2023-12-21,OUTDOOR,SENIOR EXECUTIVE ENGINEER,1 - 2 Years,41-50,100318,€25.81,Q2 Lower - Middle
100916,Jacob Thompson,Male,2019-02-21,PROFESSIONAL/TECHNICAL,CLERICAL OFFICER,1 - 2 Years,51-60,100088,€16.88,Q2 Lower - Middle
101092,Emily Page,Male,2009-08-31,CLERICAL/ADMINISTRATIVE,GENERAL OPERATIVE,40+ Years,41-50,100486,€21.27,Q1 Lower
100599,Dawn Davis,Male,2018-09-01,OUTDOOR,SENIOR EXECUTIVE ARCHITECT,1 - 2 Years,31-40,100110,€37.36,Q1 Lower
100048,Cameron Chapman,Male,2022-06-02,CLERICAL/ADMINISTRATIVE,CLERICAL OFFICER,10 - 15 Years,41-50,101080,€30.63,Q4 Upper
100125,Lori West,Male,2017-12-07,CLERICAL/ADMINISTRATIVE,EXECUTIVE TECHNICIAN,0 - 1 Years,51-60,100908,€37.89,Q2 Lower - Middle
101001,David Wilkinson,Male,2004-02-05,CLERICAL/ADMINISTRATIVE,LIBRARY ASSISTANT,20 - 30 Years,41-50,101150,€19.10,Q4 Upper
100061,Anthony Turner,Male,2017-05-11,CLERICAL/ADMINISTRATIVE,GENERAL OPERATIVE,15 - 20 Years,61-70,100443,€26.04,Q3 Upper - Middle
101130,Jennifer Aguilar,Male,2018-09-20,OUTDOOR,I.S. TECHNICAL OFFICER,1 - 2 Years,51-60,101052,€27.17,Q2 Lower - Middle
100201,Frank Crawford,Male,2024-03-28,OUTDOOR,GENERAL OPERATIVE,5 - 10 Years,41-50,100037,€38.33,Q2 Lower - Middle
100754,Brian Gonzalez,Male,2019-08-08,OUTDOOR,STAFF OFFICER,2 - 5 Years,51-60,100677,€21.46,Q4 Upper
101045,Christopher Thompson,Female,2024-07-05,OUTDOOR,CLERICAL OFFICER,2 - 5 Years,51-60,101218,€20.45,Q2 Lower - Middle
100295,Jesus Wilson,Female,2024-07-05,CLERICAL/ADMINISTRATIVE,ASSISTANT STAFF OFFICER,0 - 1 Years,41-50,100563,€38.84,Q4 Upper
100720,Kendra Chapman,Female,2024-07-05,CLERICAL/ADMINISTRATIVE,CLERICAL OFFICER,20 - 30 Years,71+,100654,€31.83,Q4 Upper
100361,James Johnson,Male,2023-12-07,OUTDOOR,EXECUTIVE ARCHITECT,5 - 10 Years,51-60,101187,€17.76,Q4 Upper
100705,Adam Fowler,Female,2023-12-07,CLERICAL/ADMINISTRATIVE,ASSISTANT STAFF OFFICER,2 - 5 Years,51-60,101013,€31.37,Q4 Upper
101237,Hailey Moore,Male,2023-12-07,CLERICAL/ADMINISTRATIVE,STAFF OFFICER,20 - 30 Years,51-60,100542,€35.88,Q2 Lower - Middle
101095,Matthew Costa,Female,2023-12-07,OUTDOOR,BUILDING INSPECTOR/ CLERK OF WORKS,15 - 20 Years,71+,101272,€19.40,Q4 Upper
100645,Andrew Park,Female,2024-06-06,OUTDOOR,ASSISTANT STAFF OFFICER,15 - 20 Years,61-70,101268,€51.99,Q2 Lower - Middle
100001,Sarah Moore,Male,2022-03-24,PROFESSIONAL/TECHNICAL,CHIEF TECHNICIAN,0 - 1 Years,51-60,101175,€15.48,Q2 Lower - Middle
100169,Kaitlyn Smith,Female,2023-10-26,OUTDOOR,SENIOR LIFEGUARD,1 - 2 Years,61-70,101114,€44.25,Q2 Lower - Middle
100346,Christopher Mcdaniel,Female,2021-06-10,OUTDOOR,SENIOR STAFF OFFICER,1 - 2 Years,61-70,100424,€41.62,Q1 Lower
101164,Vanessa Perez,Male,2021-06-10,CLERICAL/ADMINISTRATIVE,CLERICAL OFFICER,5 - 10 Years,41-50,101121,€17.87,Q4 Upper
100937,Shannon Payne,Female,2007-02-01,OUTDOOR,STAFF OFFICER,15 - 20 Years,41-50,100227,€26.45,Q1 Lower
100714,Theresa Fernandez,Male,2024-02-01,CLERICAL/ADMINISTRATIVE,CLERICAL OFFICER,5 - 10 Years,41-50,100880,€34.03,Q2 Lower - Middle
100799,Heather Williams,Female,2017-06-01,CLERICAL/ADMINISTRATIVE,STAFF OFFICER,5 - 10 Years,41-50,100743,€37.35,Q1 Lower
100250,Mrs. Taylor Gomez,Male,1995-08-18,PROFESSIONAL/TECHNICAL,LIBRARY ASSISTANT,5 - 10 Years,31-40,100350,€34.05,Q3 Upper - Middle
100964,Lauren Lucas,Male,1997-04-27,OUTDOOR,ASSISTANT STAFF OFFICER,20 - 30 Years,41-50,100626,€17.99,Q2 Lower - Middle
100108,Michael Reed,Male,2019-05-30,CLERICAL/ADMINISTRATIVE,CLERICAL OFFICER,2 - 5 Years,51-60,100003,€21.14,Q3 Upper - Middle
100322,Abigail Richardson,Male,2019-06-13,CLERICAL/ADMINISTRATIVE,COMMUNITY CLIMATE ACTION OFFICER,5 - 10 Years,51-60,100593,€17.57,Q3 Upper - Middle
100959,Peter Gonzalez,Male,1993-10-19,OUTDOOR,ADMINISTRATIVE OFFICER,0 - 1 Years,21-30,100482,€16.32,Q4 Upper
101251,Laura Ramirez,Female,2005-12-23,CLERICAL/ADMINISTRATIVE,EXECUTIVE PLANNER,1 - 2 Years,41-50,100124,€17.43,Q2 Lower - Middle
101176,Jennifer Black,Female,2021-02-04,PROFESSIONAL/TECHNICAL,GANGER,1 - 2 Years,51-60,101104,€30.94,Q1 Lower
100291,Steven Nelson,Male,2016-06-23,OUTDOOR,ARTS OFFICER,20 - 30 Years,51-60,100106,€19.39,Q1 Lower
100660,Brian Singh,Female,2018-09-20,CLERICAL/ADMINISTRATIVE,LIBRARY ASSISTANT,1 - 2 Years,41-50,101162,€23.83,Q1 Lower
100069,Tiffany Martin,Male,1980-06-09,OUTDOOR,DRIVER SHIFT HARBOUR,2 - 5 Years,31-40,101252,€30.62,Q4 Upper
100262,Danielle Frederick,Female,1997-05-09,OUTDOOR,GENERAL OPERATIVE,2 - 5 Years,51-60,100271,€16.80,Q3 Upper - Middle
100589,John Lowe,Male,2006-08-12,CLERICAL/ADMINISTRATIVE,SCHOOL WARDEN,2 - 5 Years,20 and Under,100503,€29.04,Q3 Upper - Middle
101004,Ricky Massey,Male,2001-04-06,CLERICAL/ADMINISTRATIVE,ADMINISTRATIVE OFFICER,2 - 5 Years,31-40,100196,€20.94,Q4 Upper
101010,Seth Woods,Male,2006-03-31,OUTDOOR,GANGER,5 - 10 Years,51-60,100580,€21.93,Q4 Upper
100403,Craig Wilson,Male,2008-01-10,PROFESSIONAL/TECHNICAL,SCHOOL WARDEN,2 - 5 Years,51-60,100498,€19.11,Q2 Lower - Middle
100042,Mark Stewart,Male,2020-08-20,CLERICAL/ADMINISTRATIVE,BUILDING INSPECTOR/ CLERK OF WORKS,0 - 1 Years,41-50,101223,€32.26,Q2 Lower - Middle
101118,Sharon Baker,Female,1991-05-13,CLERICAL/ADMINISTRATIVE,FOREMAN GARDENER,5 - 10 Years,41-50,100423,€41.37,Q3 Upper - Middle
100615,Andrea Cook,Male,1997-04-17,OUTDOOR,CLERICAL OFFICER,20 - 30 Years,51-60,100826,€28.99,Q2 Lower - Middle
100587,Erin Leblanc,Male,2022-09-17,OUTDOOR,BUILDING INSPECTOR/ CLERK OF WORKS,15 - 20 Years,41-50,101151,€32.99,Q4 Upper
101186,Marisa Gutierrez MD,Male,2025-01-03,OUTDOOR,LIBRARY ASSISTANT,0 - 1 Years,51-60,101068,€31.75,Q4 Upper
100931,Monica Gallegos,Male,2019-05-16,OUTDOOR,SENIOR EXECUTIVE ENGINEER,30 - 40 Years,51-60,100536,€17.44,Q2 Lower - Middle
100308,Amanda Collins,Male,2022-07-07,PROFESSIONAL/TECHNICAL,CLERICAL OFFICER,5 - 10 Years,41-50,100784,€25.83,Q4 Upper
101076,Lawrence Kim,Male,1991-07-05,OUTDOOR,DRIVER ROAD SWEEPER,0 - 1 Years,51-60,100001,€28.08,Q1 Lower
100546,Sally Little,Female,2024-01-05,OUTDOOR,ASSISTANT STAFF OFFICER,20 - 30 Years,61-70,100613,€31.08,Q1 Lower
100633,Elizabeth Reid,Female,1988-06-02,CLERICAL/ADMINISTRATIVE,ASSISTANT PLANNER,20 - 30 Years,51-60,101240,€27.01,Q2 Lower - Middle
100128,Donna Martinez,Female,2022-12-08,CLERICAL/ADMINISTRATIVE,SCHOOL WARDEN,0 - 1 Years,71+,100496,€16.94,Q2 Lower - Middle
100122,James Williams,Female,1995-07-07,CLERICAL/ADMINISTRATIVE,BUILDING INSPECTOR/ CLERK OF WORKS,30 - 40 Years,21-30,100961,€46.97,Q4 Upper
100735,Rebecca Wilson,Male,2023-07-20,OUTDOOR,SUPERVISOR INSPECTOR PARKS,2 - 5 Years,61-70,100004,€33.13,Q4 Upper
101210,Jessica Wagner,Female,2017-06-01,PROFESSIONAL/TECHNICAL,SENIOR STAFF OFFICER,1 - 2 Years,31-40,101269,€26.58,Q3 Upper - Middle
100012,Jared Rodriguez,Female,2024-07-05,PROFESSIONAL/TECHNICAL,SENIOR LIBRARIAN,0 - 1 Years,41-50,101181,€25.74,Q4 Upper
100847,Stephanie Daniels,Female,2022-10-27,PROFESSIONAL/TECHNICAL,EXECUTIVE ARCHITECT,10 - 15 Years,31-40,100421,€18.87,Q1 Lower
101196,Lisa Smith,Male,2006-12-14,PROFESSIONAL/TECHNICAL,LIBRARIAN,0 - 1 Years,51-60,100765,€31.56,Q4 Upper
100517,Shawn Morris,Male,2005-09-30,CLERICAL/ADMINISTRATIVE,STAFF OFFICER,1 - 2 Years,61-70,100796,€16.33,Q2 Lower - Middle
100343,Jennifer Robinson,Female,2022-10-13,CLERICAL/ADMINISTRATIVE,STAFF OFFICER,30 - 40 Years,21-30,100187,€29.67,Q4 Upper
101101,Shelby Smith,Female,2022-09-01,CLERICAL/ADMINISTRATIVE,ADMINISTRATIVE OFFICER,5 - 10 Years,41-50,100085,€19.86,Q3 Upper - Middle
101143,Christopher Baker,Female,2022-09-30,CLERICAL/ADMINISTRATIVE,GENERAL OPERATIVE,1 - 2 Years,51-60,100371,€19.74,Q4 Upper
100302,Randall Weber,Male,2025-01-03,CLERICAL/ADMINISTRATIVE,PORTER HALL/ MSG,2 - 5 Years,41-50,100027,€37.62,Q2 Lower - Middle
100290,Joshua Franco,Male,1995-03-31,OUTDOOR,EXECUTIVE ENGINEER,2 - 5 Years,61-70,100775,€21.38,Q4 Upper
100572,Stephen Jenkins,Male,2018-09-20,CLERICAL/ADMINISTRATIVE,SWEEPER ROADS,20 - 30 Years,61-70,101101,€24.40,Q3 Upper - Middle
101197,Anthony Mitchell,Female,1990-10-26,CLERICAL/ADMINISTRATIVE,SCHOOL WARDEN,0 - 1 Years,41-50,100374,€18.68,Q2 Lower - Middle
100036,Justin Parks,Female,1985-04-18,OUTDOOR,GENERAL OPERATIVE,30 - 40 Years,61-70,100590,€30.99,Q3 Upper - Middle
100724,Trevor Hill,Male,2022-09-01,CLERICAL/ADMINISTRATIVE,CLERICAL OFFICER,1 - 2 Years,51-60,100216,€18.95,Q4 Upper
100429,Annette Summers,Male,2024-08-01,PROFESSIONAL/TECHNICAL,GENERAL OPERATIVE,2 - 5 Years,21-30,101045,€15.83,Q1 Lower
100094,Cassandra Morales,Female,2021-09-16,PROFESSIONAL/TECHNICAL,ASSISTANT PARKS & LANDSCAPE OFFICER,5 - 10 Years,41-50,100228,€21.46,Q2 Lower - Middle
100906,Lawrence Escobar,Female,2020-07-03,CLERICAL/ADMINISTRATIVE,CLERICAL OFFICER,0 - 1 Years,51-60,100425,€27.84,Q4 Upper
101053,Alicia Hall,Male,2023-07-07,CLERICAL/ADMINISTRATIVE,EXECUTIVE ENGINEER,20 - 30 Years,51-60,101201,€20.09,Q4 Upper
100389,Andrew Fitzpatrick,Female,2022-03-03,CLERICAL/ADMINISTRATIVE,CLERICAL OFFICER,1 - 2 Years,51-60,100703,€45.34,Q1 Lower
100018,Frances Hines,Male,2008-07-10,CLERICAL/ADMINISTRATIVE,INSPECTOR (ANALOGOUS GRADE 5),2 - 5 Years,21-30,100657,€14.79,Q4 Upper
100247,Kevin Edwards,Female,2018-01-04,OUTDOOR,SENIOR ARCHITECT,0 - 1 Years,61-70,100622,€33.50,Q3 Upper - Middle
100843,Douglas Harris,Male,2017-12-07,PROFESSIONAL/TECHNICAL,EXECUTIVE TECHNICIAN,15 - 20 Years,41-50,100019,€17.44,Q1 Lower
100527,Summer Benson,Male,2009-08-09,CLERICAL/ADMINISTRATIVE,SCHOOL WARDEN,1 - 2 Years,51-60,100892,€17.59,Q2 Lower - Middle
100884,Mr. Eric Dean MD,Male,2002-07-18,PROFESSIONAL/TECHNICAL,SENIOR EXECUTIVE PLANNER,2 - 5 Years,41-50,100195,€16.32,Q4 Upper
100267,Timothy Rosales,Male,2000-11-16,CLERICAL/ADMINISTRATIVE,EXECUTIVE PLANNER,2 - 5 Years,41-50,100682,€33.12,Q1 Lower
100338,Jonathan Roberts,Male,2000-11-02,CLERICAL/ADMINISTRATIVE,FOREMAN GARDENER,10 - 15 Years,21-30,100304,€30.82,Q3 Upper - Middle
100524,Jeremy Zhang,Female,2023-12-07,CLERICAL/ADMINISTRATIVE,CLERICAL OFFICER,5 - 10 Years,51-60,100479,€29.31,Q4 Upper
100236,Dawn Turner,Male,2017-12-21,CLERICAL/ADMINISTRATIVE,ENVIRONMENTAL ENFORCEMENT WARDEN,5 - 10 Years,31-40,101266,€26.52,Q3 Upper - Middle
101292,Kayla Cameron,Female,2020-06-11,CLERICAL/ADMINISTRATIVE,ASSISTANT FOREMAN OF WORKS,1 - 2 Years,41-50,100579,€14.69,Q2 Lower - Middle
100483,Kara Olsen,Male,1990-12-06,CLERICAL/ADMINISTRATIVE,STAFF OFFICER,5 - 10 Years,41-50,100412,€17.50,Q1 Lower
100405,David Murray,Male,1998-02-26,CLERICAL/ADMINISTRATIVE,FOREMAN TRADESMAN,2 - 5 Years,21-30,100557,€15.58,Q3 Upper - Middle
100734,Morgan Pena,Male,2000-09-07,PROFESSIONAL/TECHNICAL,SENIOR EXECUTIVE QUANTITY SURVEYOR,5 - 10 Years,51-60,100118,€20.46,Q1 Lower
100264,Tyler Doyle,Male,2004-02-19,OUTDOOR,LIBRARY ASSISTANT,2 - 5 Years,51-60,101261,€19.09,Q1 Lower
100144,Dr. Elizabeth Steele,Male,2002-07-18,CLERICAL/ADMINISTRATIVE,SCHOOL WARDEN,20 - 30 Years,41-50,100336,€29.30,Q3 Upper - Middle
100180,Elizabeth Brooks,Male,2006-11-09,PROFESSIONAL/TECHNICAL,ENVIRONMENTAL AWARENESS OFFICER PERM,5 - 10 Years,51-60,100398,€20.18,Q1 Lower
100983,Melissa May,Female,1998-08-06,OUTDOOR,GANGER,5 - 10 Years,51-60,100699,€39.80,Q1 Lower
100516,Stephanie Vazquez,Female,1998-08-06,OUTDOOR,ASSISTANT STOREKEEPER,20 - 30 Years,61-70,100611,€17.65,Q4 Upper
100571,Christopher Johnson,Male,2018-10-25,OUTDOOR,STAFF OFFICER,20 - 30 Years,61-70,100260,€20.34,Q2 Lower - Middle
100747,Vincent Barry,Female,2018-12-13,PROFESSIONAL/TECHNICAL,EXECUTIVE PLANNER,30 - 40 Years,61-70,100322,€36.09,Q1 Lower
101011,Mike Moore,Female,1996-12-09,OUTDOOR,LIBRARY ASSISTANT,5 - 10 Years,41-50,100950,€34.89,Q4 Upper
101099,Erin Armstrong,Female,1999-07-22,OUTDOOR,SENIOR EXECUTIVE TECHNICIAN,5 - 10 Years,61-70,100742,€36.52,Q2 Lower - Middle
100487,Mrs. Alison Ayala DDS,Male,2001-04-15,OUTDOOR,GENERAL OPERATIVE,30 - 40 Years,41-50,101032,€24.20,Q4 Upper
100400,Benjamin Harris,Female,2018-02-08,PROFESSIONAL/TECHNICAL,CLERICAL OFFICER,30 - 40 Years,31-40,100400,€17.13,Q1 Lower
100853,Kristin Hill,Female,2019-05-16,CLERICAL/ADMINISTRATIVE,ADMINISTRATIVE OFFICER,20 - 30 Years,51-60,100431,€19.31,Q4 Upper
100045,Mr. Mark Lamb,Male,2017-06-01,CLERICAL/ADMINISTRATIVE,COMMUNITY WORKER,2 - 5 Years,41-50,100178,€19.75,Q1 Lower
100437,Elaine Anderson,Female,2023-06-22,CLERICAL/ADMINISTRATIVE,CLERICAL OFFICER,5 - 10 Years,31-40,100637,€14.69,Q3 Upper - Middle
100490,Barry Mcgee,Female,2016-01-10,PROFESSIONAL/TECHNICAL,CLERICAL OFFICER,20 - 30 Years,21-30,100235,€23.59,Q1 Lower
100960,Mrs. Katie Rose,Female,2017-02-04,CLERICAL/ADMINISTRATIVE,ADMINISTRATIVE OFFICER,1 - 2 Years,21-30,101062,€37.36,Q4 Upper
100689,Walter Pope,Female,2021-05-20,OUTDOOR,LIFEGUARD,40+ Years,20 and Under,101039,€37.36,Q2 Lower - Middle
101097,Judy Davila,Female,2017-06-01,CLERICAL/ADMINISTRATIVE,ASSISTANT STAFF OFFICER,2 - 5 Years,61-70,100405,€23.47,Q3 Upper - Middle
100944,Ashley Tapia,Male,2024-03-01,CLERICAL/ADMINISTRATIVE,SENIOR STAFF OFFICER,2 - 5 Years,31-40,101198,€33.01,Q1 Lower
100977,Bruce Riley,Male,2022-06-23,CLERICAL/ADMINISTRATIVE,STAFF OFFICER,0 - 1 Years,31-40,100192,€40.97,Q1 Lower
100181,Johnathan Potter,Female,2017-07-07,CLERICAL/ADMINISTRATIVE,CLERICAL OFFICER,20 - 30 Years,51-60,100986,€16.69,Q3 Upper - Middle
100391,Robert Steele,Female,2022-02-17,CLERICAL/ADMINISTRATIVE,STAFF OFFICER,0 - 1 Years,21-30,100577,€37.20,Q3 Upper - Middle
100375,Timothy Gilbert,Male,2017-06-01,PROFESSIONAL/TECHNICAL,SCHOOL WARDEN,10 - 15 Years,61-70,100813,€45.01,Q1 Lower
101173,Sara Jones,Male,2005-12-08,OUTDOOR,GRADUATE ENGINEER,2 - 5 Years,51-60,100852,€16.62,Q4 Upper
100123,James Burns,Male,2004-01-08,OUTDOOR,OPERATOR TRACTOR,5 - 10 Years,31-40,100406,€14.68,Q4 Upper
100406,Rachel Dennis,Male,2023-08-17,CLERICAL/ADMINISTRATIVE,GANGER PARKS,20 - 30 Years,31-40,101251,€41.22,Q3 Upper - Middle
100269,Jacob Carpenter,Male,2024-01-05,CLERICAL/ADMINISTRATIVE,DRIVER,20 - 30 Years,51-60,100749,€14.91,Q2 Lower - Middle
100360,Rebecca Morris,Male,1993-05-07,OUTDOOR,ASSISTANT STAFF OFFICER,20 - 30 Years,51-60,101225,€20.23,Q2 Lower - Middle
101135,Vincent Garcia,Male,2025-05-01,OUTDOOR,OPERATOR TRACTOR,15 - 20 Years,21-30,101147,€74.04,Q3 Upper - Middle
100578,Megan Jensen,Female,2007-06-14,CLERICAL/ADMINISTRATIVE,ASSISTANT STAFF OFFICER,2 - 5 Years,51-60,100529,€31.23,Q3 Upper - Middle
101060,Megan Villarreal,Male,2019-01-12,CLERICAL/ADMINISTRATIVE,ADMINISTRATIVE OFFICER,2 - 5 Years,21-30,101296,€28.94,Q1 Lower
101136,Elizabeth Elliott,Male,2018-01-04,CLERICAL/ADMINISTRATIVE,SENIOR EXECUTIVE ENGINEER,1 - 2 Years,51-60,100205,€58.63,Q2 Lower - Middle
100052,Daniel Ortega,Male,2019-03-22,OUTDOOR,SUPERVISOR INSPECTOR MAINTENANCE/CLEAN,1 - 2 Years,41-50,100263,€28.42,Q3 Upper - Middle
100384,Brittany Waters,Male,2020-08-20,CLERICAL/ADMINISTRATIVE,CARPENTER/JOINER,5 - 10 Years,41-50,100246,€21.35,Q2 Lower - Middle
100427,Michael Kim,Female,1995-08-31,PROFESSIONAL/TECHNICAL,SCHOOL WARDEN,20 - 30 Years,61-70,101119,€29.30,Q2 Lower - Middle
101032,Stephanie Richardson,Female,2007-09-28,OUTDOOR,CLERICAL OFFICER,0 - 1 Years,31-40,101008,€25.00,Q1 Lower
100918,Christopher Jacobson,Male,2023-09-21,CLERICAL/ADMINISTRATIVE,DRIVER,5 - 10 Years,61-70,100368,€39.59,Q3 Upper - Middle
100508,Jorge Burke,Female,2023-08-31,OUTDOOR,EXECUTIVE PARKS SUPERINTENDENT,20 - 30 Years,31-40,101287,€19.62,Q1 Lower
100288,Robert Perkins,Female,2023-09-14,CLERICAL/ADMINISTRATIVE,LIBRARY ASSISTANT,0 - 1 Years,61-70,100695,€33.16,Q1 Lower
100993,William Roach,Male,1999-01-28,CLERICAL/ADMINISTRATIVE,BIODIVERSITY OFFICER,40+ Years,31-40,100558,€57.51,Q3 Upper - Middle
100091,Justin Greer,Male,2023-08-24,OUTDOOR,SENIOR LIBRARY ASSISTANT,15 - 20 Years,31-40,100303,€43.59,Q1 Lower
100486,Justin Flores,Male,2007-11-08,OUTDOOR,SENIOR LIBRARIAN,2 - 5 Years,61-70,100188,€28.44,Q2 Lower - Middle
101295,Carrie Johnson,Female,2001-05-10,CLERICAL/ADMINISTRATIVE,ADMINISTRATIVE OFFICER,0 - 1 Years,51-60,100047,€17.89,Q3 Upper - Middle
101043,Troy Alexander,Male,2019-01-24,CLERICAL/ADMINISTRATIVE,SCHOOL WARDEN,0 - 1 Years,31-40,101046,€39.71,Q4 Upper
101007,Angel Jenkins,Male,2024-02-01,PROFESSIONAL/TECHNICAL,STAFF OFFICER,2 - 5 Years,51-60,100739,€17.38,Q4 Upper
100678,Paul Holmes,Female,2024-07-05,OUTDOOR,GENERAL OPERATIVE,20 - 30 Years,21-30,100123,€16.33,Q1 Lower
101175,Matthew Jordan,Male,2017-12-14,CLERICAL/ADMINISTRATIVE,CLERICAL OFFICER,1 - 2 Years,51-60,100014,€15.55,Q1 Lower
100649,Billy West,Male,2018-01-25,CLERICAL/ADMINISTRATIVE,FOREMAN TRADESMAN,0 - 1 Years,61-70,100897,€36.78,Q4 Upper
100059,Patrick Andrews,Male,2018-12-06,CLERICAL/ADMINISTRATIVE,CLERICAL OFFICER,30 - 40 Years,51-60,100189,€29.97,Q1 Lower
100239,Cynthia West,Male,2007-06-14,CLERICAL/ADMINISTRATIVE,SENIOR STAFF OFFICER,5 - 10 Years,51-60,100452,€23.10,Q1 Lower
100667,Emily Holden,Male,2018-08-09,PROFESSIONAL/TECHNICAL,DIRECTOR OF SERVICE,40+ Years,21-30,100855,€43.79,Q4 Upper
100321,Michael Riley,Female,2007-05-10,CLERICAL/ADMINISTRATIVE,CLERICAL OFFICER,2 - 5 Years,41-50,101116,€25.50,Q3 Upper - Middle
100729,Daniel Wright,Female,2010-07-31,CLERICAL/ADMINISTRATIVE,EXECUTIVE ENGINEER,20 - 30 Years,51-60,101209,€14.69,Q4 Upper
101024,Denise Hensley,Female,2000-03-10,PROFESSIONAL/TECHNICAL,DRIVER TRACTOR LR RATE,0 - 1 Years,61-70,101087,€25.81,Q4 Upper
100478,Molly Roy,Male,2019-03-07,OUTDOOR,PARK RANGER,2 - 5 Years,41-50,100901,€41.07,Q4 Upper
100963,Mrs. Miranda Fernandez,Male,2005-01-06,OUTDOOR,SENIOR RESIDENT ENGINEER TEMP,20 - 30 Years,31-40,101086,€17.21,Q3 Upper - Middle
100644,Tracy Carpenter,Female,2019-04-05,CLERICAL/ADMINISTRATIVE,ASSISTANT STAFF OFFICER,30 - 40 Years,51-60,100321,€14.71,Q3 Upper - Middle
101033,Jessica Oliver,Male,1999-05-20,CLERICAL/ADMINISTRATIVE,DIRECTOR OF SERVICE,5 - 10 Years,41-50,101152,€29.25,Q3 Upper - Middle
100035,John Cooley,Male,2017-12-07,OUTDOOR,GENERAL OPERATIVE,20 - 30 Years,31-40,100631,€30.65,Q4 Upper
100195,Angel Moore,Male,2024-06-20,OUTDOOR,SUPERVISOR ROADS,20 - 30 Years,31-40,101125,€42.54,Q3 Upper - Middle
100115,Brian Bennett,Female,2002-07-21,CLERICAL/ADMINISTRATIVE,EXECUTIVE TECHNICIAN,20 - 30 Years,61-70,100155,€23.91,Q4 Upper
100989,Natalie Smith MD,Male,2022-01-20,CLERICAL/ADMINISTRATIVE,SENIOR LIBRARIAN,20 - 30 Years,51-60,100570,€19.28,Q3 Upper - Middle
100121,Felicia Cortez,Female,1995-05-05,CLERICAL/ADMINISTRATIVE,GANGER,2 - 5 Years,41-50,101012,€30.99,Q2 Lower - Middle
100413,Jimmy Gonzales,Male,2019-05-03,PROFESSIONAL/TECHNICAL,GENERAL OPERATIVE,15 - 20 Years,31-40,101109,€22.62,Q2 Lower - Middle
100194,Richard Hayes,Female,2005-04-30,PROFESSIONAL/TECHNICAL,STAFF OFFICER,0 - 1 Years,61-70,100393,€25.71,Q2 Lower - Middle
100971,Yolanda Weber,Male,2017-07-07,CLERICAL/ADMINISTRATIVE,SENIOR STAFF OFFICER,5 - 10 Years,41-50,100468,€58.09,Q2 Lower - Middle
100782,Catherine Baker,Male,2022-12-22,CLERICAL/ADMINISTRATIVE,ADMINISTRATIVE OFFICER,20 - 30 Years,61-70,101271,€17.11,Q4 Upper
101228,Sierra Coleman,Female,2011-12-25,CLERICAL/ADMINISTRATIVE,GENERAL OPERATIVE,1 - 2 Years,61-70,100719,€36.12,Q1 Lower
100646,Stephanie Lee,Male,2009-01-29,OUTDOOR,DRIVER,10 - 15 Years,31-40,100854,€44.25,Q1 Lower
100206,Manuel Camacho,Female,2008-10-30,OUTDOOR,CLERICAL OFFICER,2 - 5 Years,61-70,100758,€17.61,Q4 Upper
100512,Donald Brown,Male,2023-06-15,PROFESSIONAL/TECHNICAL,CLERICAL OFFICER,2 - 5 Years,41-50,100844,€59.16,Q3 Upper - Middle
101127,Antonio Mcclure,Female,2023-10-05,CLERICAL/ADMINISTRATIVE,CLIMATE ACTION OFFICER,5 - 10 Years,21-30,100625,€32.48,Q4 Upper
100381,Amy Ayers,Female,2023-06-01,OUTDOOR,SCHOOL WARDEN,2 - 5 Years,41-50,100550,€37.36,Q3 Upper - Middle
100430,Gabriel Warner,Male,2002-06-30,PROFESSIONAL/TECHNICAL,STAFF OFFICER,2 - 5 Years,20 and Under,100202,€40.23,Q4 Upper
100103,Dr. Cindy Garner,Male,2017-09-14,OUTDOOR,GENERAL OPERATIVE,2 - 5 Years,51-60,100418,€27.88,Q3 Upper - Middle
100920,Andrew Brown,Female,2023-03-16,CLERICAL/ADMINISTRATIVE,GENERAL OPERATIVE,5 - 10 Years,21-30,100599,€30.89,Q4 Upper
100455,Gabrielle Dorsey,Female,2023-03-16,OUTDOOR,SENIOR LIBRARIAN,5 - 10 Years,61-70,101170,€32.57,Q1 Lower
100858,Robert Foley,Male,2002-10-17,CLERICAL/ADMINISTRATIVE,SENIOR EXECUTIVE ENGINEER,5 - 10 Years,21-30,100648,€45.69,Q3 Upper - Middle
100030,Kevin Miranda,Male,2014-03-14,CLERICAL/ADMINISTRATIVE,ASSISTANT STAFF OFFICER,0 - 1 Years,51-60,100092,€18.40,Q4 Upper
100933,Megan Reid,Male,2018-09-20,CLERICAL/ADMINISTRATIVE,DRIVER,1 - 2 Years,51-60,100201,€33.89,Q3 Upper - Middle
101059,Veronica Taylor,Male,2018-09-20,OUTDOOR,SENIOR EXECUTIVE OFFICER,5 - 10 Years,61-70,100883,€19.23,Q1 Lower
100955,Susan Lopez,Female,2011-12-25,OUTDOOR,DRIVER,5 - 10 Years,51-60,100072,€14.98,Q3 Upper - Middle
100760,Michael Kelly,Female,2020-08-06,CLERICAL/ADMINISTRATIVE,DRIVER,1 - 2 Years,41-50,100015,€30.62,Q1 Lower
101206,Claire Davis,Male,2023-02-02,CLERICAL/ADMINISTRATIVE,SENIOR LIBRARY ASSISTANT,20 - 30 Years,31-40,101196,€16.73,Q2 Lower - Middle
100011,Grace Simon,Male,2023-01-19,CLERICAL/ADMINISTRATIVE,SCHOOL WARDEN,15 - 20 Years,41-50,101283,€17.47,Q3 Upper - Middle
100231,Laura Bailey,Male,2023-01-06,CLERICAL/ADMINISTRATIVE,EXECUTIVE PLANNER,20 - 30 Years,61-70,101085,€33.01,Q1 Lower
100945,Daniel Lawrence,Female,2025-04-24,OUTDOOR,ASSISTANT STAFF OFFICER,1 - 2 Years,41-50,100055,€25.81,Q1 Lower
100176,Pam Mcgrath,Male,2001-09-13,OUTDOOR,SCHOOL WARDEN,20 - 30 Years,61-70,101007,€25.16,Q3 Upper - Middle
100826,Christine Austin,Female,2024-03-14,OUTDOOR,GENERAL OPERATIVE,1 - 2 Years,51-60,101072,€56.42,Q4 Upper
101050,Nancy Mckay,Male,2024-12-05,OUTDOOR,ASSISTANT STAFF OFFICER,0 - 1 Years,31-40,100332,€19.98,Q3 Upper - Middle
100230,Andrea Hoover,Female,2020-08-06,CLERICAL/ADMINISTRATIVE,STAFF OFFICER,2 - 5 Years,41-50,101177,€27.87,Q4 Upper
100153,Kimberly Hoffman,Male,2021-06-10,CLERICAL/ADMINISTRATIVE,EXECUTIVE ARCHITECT,5 - 10 Years,31-40,101290,€62.93,Q2 Lower - Middle
100501,Wanda Baker,Male,2018-01-25,CLERICAL/ADMINISTRATIVE,STAFF OFFICER,5 - 10 Years,51-60,101275,€29.18,Q2 Lower - Middle
101192,Edward Leblanc,Male,2000-06-22,CLERICAL/ADMINISTRATIVE,SENIOR STAFF OFFICER,1 - 2 Years,51-60,100086,€32.05,Q3 Upper - Middle
100493,Ruth Shaw,Female,2018-08-16,CLERICAL/ADMINISTRATIVE,SENIOR EXECUTIVE OFFICER,5 - 10 Years,41-50,100745,€17.69,Q1 Lower
100921,Marcus Keller,Male,2022-09-03,CLERICAL/ADMINISTRATIVE,DRIVER CLEANSING,5 - 10 Years,31-40,101210,€24.32,Q3 Upper - Middle
100713,Alexander Guzman,Male,2000-02-10,CLERICAL/ADMINISTRATIVE,RATE COLLECTOR RATHDOWN,5 - 10 Years,61-70,100506,€14.85,Q4 Upper
100728,Michael Ibarra,Female,1998-04-23,OUTDOOR,OPERATOR TRACTOR,1 - 2 Years,51-60,100317,€28.27,Q1 Lower
100335,Jennifer Davis,Male,2000-03-09,OUTDOOR,GENERAL OPERATIVE,0 - 1 Years,51-60,100573,€33.67,Q3 Upper - Middle
101108,Bethany Moore,Male,2018-09-01,OUTDOOR,ELECTRICIAN,5 - 10 Years,51-60,101099,€29.09,Q2 Lower - Middle
100219,Dana Stephens,Male,2021-06-10,MANAGERIAL,CLEANER,0 - 1 Years,51-60,100975,€21.74,Q4 Upper
100252,Nicole Parsons,Female,1996-02-16,PROFESSIONAL/TECHNICAL,RESIDENT ENGINEER TEMPORARY,15 - 20 Years,20 and Under,100733,€25.80,Q1 Lower
101122,Cynthia Harris,Male,2024-03-30,PROFESSIONAL/TECHNICAL,I.S. TECHNICAL OFFICER,0 - 1 Years,51-60,100748,€25.53,Q3 Upper - Middle
100614,Jamie Garcia,Male,2000-04-13,CLERICAL/ADMINISTRATIVE,CRAFTSMAN,20 - 30 Years,21-30,100396,€21.30,Q2 Lower - Middle
100883,Bradley Clark,Female,2024-05-23,OUTDOOR,SCHOOL WARDEN,2 - 5 Years,51-60,101248,€17.01,Q1 Lower
100703,Erika Booth,Male,2025-01-16,CLERICAL/ADMINISTRATIVE,LIBRARIAN,20 - 30 Years,61-70,100610,€14.91,Q1 Lower
100307,Scott Solis,Female,2017-07-07,CLERICAL/ADMINISTRATIVE,CLERICAL OFFICER,1 - 2 Years,51-60,100231,€39.72,Q2 Lower - Middle
101120,Amy Duncan,Male,2024-03-01,OUTDOOR,DRIVER,0 - 1 Years,51-60,101144,€22.43,Q4 Upper
101188,Hector Price,Female,2017-12-15,OUTDOOR,LIBRARY ASSISTANT,20 - 30 Years,41-50,100902,€22.43,Q4 Upper
101211,Lisa Lee,Male,1995-07-27,CLERICAL/ADMINISTRATIVE,EXECUTIVE SOLICITOR,2 - 5 Years,21-30,100898,€17.20,Q2 Lower - Middle
100878,David Sullivan,Male,2017-07-07,CLERICAL/ADMINISTRATIVE,STAFF OFFICER,5 - 10 Years,61-70,101063,€19.40,Q4 Upper
101265,Randy Hayden,Male,2018-09-01,CLERICAL/ADMINISTRATIVE,FOREMAN WATER + DRAINAGE,0 - 1 Years,41-50,100454,€52.66,Q3 Upper - Middle
100497,Angela Booth,Male,2022-04-28,PROFESSIONAL/TECHNICAL,WATER SERVICES INSPECTOR,2 - 5 Years,41-50,100981,€19.30,Q2 Lower - Middle
100580,Amy Howell,Male,2023-12-07,PROFESSIONAL/TECHNICAL,SENIOR STAFF OFFICER,2 - 5 Years,51-60,101226,€34.42,Q2 Lower - Middle
100556,Matthew Mosley,Female,2019-02-15,PROFESSIONAL/TECHNICAL,LIBRARIAN,5 - 10 Years,31-40,100373,€25.91,Q1 Lower
100074,Garrett Weiss,Male,2005-10-06,OUTDOOR,SCHOOL WARDEN,0 - 1 Years,31-40,101001,€14.58,Q2 Lower - Middle
100697,Jason Brock,Female,2017-06-01,PROFESSIONAL/TECHNICAL,GRADUATE PROGRAMME,5 - 10 Years,51-60,100411,€57.04,Q3 Upper - Middle
100258,Stanley Wheeler,Male,2004-01-24,OUTDOOR,WHEELED BIN SERV MAN,15 - 20 Years,61-70,100128,€21.74,Q3 Upper - Middle
100028,Miguel Newton,Female,2023-10-26,PROFESSIONAL/TECHNICAL,RESIDENT ENGINEER TEMPORARY,1 - 2 Years,51-60,100238,€18.76,Q2 Lower - Middle
100325,Alyssa Watkins,Female,2015-10-09,PROFESSIONAL/TECHNICAL,EXECUTIVE ENGINEER,5 - 10 Years,51-60,100973,€32.01,Q1 Lower
100481,Paula Payne,Male,2023-10-12,CLERICAL/ADMINISTRATIVE,GENERAL OPERATIVE,5 - 10 Years,61-70,100058,€30.00,Q1 Lower
101259,Brianna Bowers,Male,1996-03-28,PROFESSIONAL/TECHNICAL,ASSISTANT PLANNER,2 - 5 Years,51-60,101113,€18.75,Q2 Lower - Middle
100634,Mindy Lopez,Male,2024-10-10,PROFESSIONAL/TECHNICAL,SCHOOL WARDEN,0 - 1 Years,51-60,100080,€32.00,Q1 Lower
100541,Kristin Moore,Male,2024-10-10,MANAGERIAL,CLERICAL OFFICER,0 - 1 Years,51-60,100642,€19.58,Q2 Lower - Middle
101093,Melissa West,Male,2001-02-22,CLERICAL/ADMINISTRATIVE,ASST ENVIRONMENTAL AWARENESS OFFICER,5 - 10 Years,61-70,100488,€36.03,Q2 Lower - Middle
101181,Edward Lewis,Male,2023-08-31,CLERICAL/ADMINISTRATIVE,ATTENDANT LIBRARY,20 - 30 Years,31-40,101273,€32.37,Q3 Upper - Middle
100495,Brady Mendoza,Male,2023-03-23,PROFESSIONAL/TECHNICAL,STAFF OFFICER,20 - 30 Years,61-70,100134,€25.41,Q1 Lower
100591,Erica Butler,Male,2000-12-28,PROFESSIONAL/TECHNICAL,EXECUTIVE ENGINEER,20 - 30 Years,51-60,100259,€38.16,Q4 Upper
101082,Michael Oneal,Male,2023-01-20,PROFESSIONAL/TECHNICAL,SENIOR STAFF OFFICER,2 - 5 Years,41-50,101078,€16.52,Q4 Upper
100949,Ethan Chandler,Male,2019-09-19,CLERICAL/ADMINISTRATIVE,CLERICAL OFFICER,30 - 40 Years,21-30,100546,€38.23,Q4 Upper
100756,Daniel Cruz,Male,2024-01-18,OUTDOOR,CLERICAL OFFICER,0 - 1 Years,41-50,101059,€17.44,Q2 Lower - Middle
100286,Katherine Gregory,Female,1998-11-06,OUTDOOR,WAM GRADUATE,20 - 30 Years,51-60,100177,€17.11,Q4 Upper
100752,Rebecca Gonzalez,Male,2006-05-11,CLERICAL/ADMINISTRATIVE,SENIOR LIBRARIAN,20 - 30 Years,61-70,100671,€29.59,Q1 Lower
100428,Seth Obrien,Male,2018-04-19,CLERICAL/ADMINISTRATIVE,SENIOR EXECUTIVE OFFICER,15 - 20 Years,61-70,100505,€36.12,Q1 Lower
101263,Jason Owen,Male,2018-03-02,OUTDOOR,RECYCLING CENTRE ATTENDANT,5 - 10 Years,41-50,100887,€18.89,Q3 Upper - Middle
101202,David Williams,Male,2000-11-04,OUTDOOR,CLERICAL OFFICER,15 - 20 Years,51-60,100591,€21.18,Q2 Lower - Middle
100895,Lisa Rodriguez,Female,1992-10-29,CLERICAL/ADMINISTRATIVE,ASSISTANT FOREMAN GARDENER,1 - 2 Years,21-30,100525,€17.66,Q3 Upper - Middle
101225,Jamie Campbell,Female,1996-12-12,CLERICAL/ADMINISTRATIVE,ASSISTANT PARKS & LANDSCAPE OFFICER,2 - 5 Years,51-60,101105,€25.59,Q2 Lower - Middle
100716,Jessica Erickson,Female,2000-08-17,OUTDOOR,GENERAL OPERATIVE SHIFT,5 - 10 Years,41-50,100772,€17.97,Q4 Upper
100202,Rachel Cruz,Male,1991-08-15,CLERICAL/ADMINISTRATIVE,ADMINISTRATIVE OFFICER,20 - 30 Years,51-60,100617,€28.88,Q4 Upper
101057,Nancy Lang,Male,1984-07-29,CLERICAL/ADMINISTRATIVE,CLERICAL OFFICER,15 - 20 Years,41-50,100369,€37.40,Q3 Upper - Middle
101193,Amber Navarro,Female,1996-12-19,PROFESSIONAL/TECHNICAL,LIBRARIAN,2 - 5 Years,21-30,101239,€22.39,Q4 Upper
100692,Anthony Murray,Male,1999-08-29,PROFESSIONAL/TECHNICAL,GRADUATE PROGRAMME,5 - 10 Years,61-70,101183,€30.99,Q2 Lower - Middle
100664,Chelsea Hanson,Female,1977-12-02,PROFESSIONAL/TECHNICAL,SENIOR EXECUTIVE ENGINEER,2 - 5 Years,41-50,100874,€32.72,Q4 Upper
100718,Scott Carter MD,Male,2006-07-20,PROFESSIONAL/TECHNICAL,ASSISTANT STAFF OFFICER,5 - 10 Years,31-40,100931,€19.75,Q3 Upper - Middle
100849,Diane Woods,Female,2001-09-30,OUTDOOR,STAFF OFFICER,0 - 1 Years,61-70,101289,€33.47,Q1 Lower
100320,Jenny Hernandez MD,Male,2023-02-16,CLERICAL/ADMINISTRATIVE,STAFF OFFICER,2 - 5 Years,51-60,100594,€40.01,Q2 Lower - Middle
101288,William Hooper,Female,2025-01-03,CLERICAL/ADMINISTRATIVE,CLERICAL OFFICER,40+ Years,41-50,100539,€32.30,Q1 Lower
100790,Andrew Taylor,Male,2021-08-05,PROFESSIONAL/TECHNICAL,STAFF OFFICER,5 - 10 Years,31-40,100131,€27.88,Q4 Upper
100359,Nancy Moore,Female,2021-07-22,CLERICAL/ADMINISTRATIVE,PORTER HALL/ MSG,15 - 20 Years,41-50,101216,€18.33,Q3 Upper - Middle
100354,Samuel Anderson,Male,2000-12-02,PROFESSIONAL/TECHNICAL,SCHOOL WARDEN,5 - 10 Years,51-60,101220,€42.88,Q1 Lower
100802,Levi James,Male,1998-10-22,CLERICAL/ADMINISTRATIVE,ADMINISTRATIVE OFFICER,20 - 30 Years,41-50,100448,€16.03,Q3 Upper - Middle
100265,Brandon Sims,Male,2002-07-11,PROFESSIONAL/TECHNICAL,SCHOOL WARDEN,0 - 1 Years,41-50,100668,€18.49,Q3 Upper - Middle
100337,Jo Garcia,Female,1979-06-07,PROFESSIONAL/TECHNICAL,GENERAL OPERATIVE,2 - 5 Years,61-70,100012,€26.04,Q2 Lower - Middle
101061,David Pham,Male,1983-10-23,PROFESSIONAL/TECHNICAL,SUPERVISOR INSPECTOR MAINTENANCE/CLEAN,10 - 15 Years,61-70,101006,€28.87,Q4 Upper
100875,Keith Torres,Female,2002-11-07,CLERICAL/ADMINISTRATIVE,SENIOR PARKS SUPERINTENDENT,20 - 30 Years,31-40,100808,€37.31,Q1 Lower
100771,Kristin Alvarado,Female,2021-10-14,OUTDOOR,I.S. TECHNICAL OFFICER,1 - 2 Years,41-50,100141,€14.64,Q3 Upper - Middle
100677,Joseph Jackson,Male,2006-09-30,CLERICAL/ADMINISTRATIVE,GREEN MACHINE OPERATIVE,1 - 2 Years,31-40,100998,€41.39,Q2 Lower - Middle
100421,Douglas Smith,Male,2000-06-22,CLERICAL/ADMINISTRATIVE,SCHOOL WARDEN,2 - 5 Years,31-40,100801,€16.88,Q4 Upper
100909,Lisa Shelton,Male,2019-01-24,OUTDOOR,ANALYST PROGRAMMER,5 - 10 Years,41-50,100615,€21.29,Q2 Lower - Middle
100280,Maria Colon DVM,Male,2022-12-08,PROFESSIONAL/TECHNICAL,SENIOR EXECUTIVE TECHNICIAN,2 - 5 Years,61-70,100473,€16.47,Q2 Lower - Middle
100889,Ashley Johnson,Male,2024-12-05,CLERICAL/ADMINISTRATIVE,HERITAGE PROPERTIES OFFICER PERMANENT,5 - 10 Years,61-70,100388,€37.36,Q2 Lower - Middle
101243,Anna Dougherty,Female,1999-04-02,OUTDOOR,INSPECTOR PLANNING,1 - 2 Years,61-70,100338,€15.90,Q2 Lower - Middle
100672,Justin Barr,Male,2025-02-14,CLERICAL/ADMINISTRATIVE,SCHOOL WARDEN,0 - 1 Years,41-50,100298,€25.34,Q3 Upper - Middle
101116,Kayla Hanna,Male,2023-09-29,PROFESSIONAL/TECHNICAL,SENIOR RESIDENT ENGINEER TEMP,20 - 30 Years,41-50,100384,€32.01,Q1 Lower
101046,Luis Brown,Female,2014-03-14,CLERICAL/ADMINISTRATIVE,SENIOR ENGINEER,0 - 1 Years,21-30,100387,€54.88,Q3 Upper - Middle
100229,Adam Norman,Male,2023-07-20,CLERICAL/ADMINISTRATIVE,GENERAL OPERATIVE,2 - 5 Years,41-50,100861,€41.62,Q1 Lower
100639,Tammy Wilson,Male,1998-06-11,CLERICAL/ADMINISTRATIVE,COMMUNITY SPORTS OFFICER,2 - 5 Years,51-60,100102,€25.83,Q4 Upper
100088,Kimberly Martinez,Female,2017-06-01,OUTDOOR,EXECUTIVE PLANNER,20 - 30 Years,51-60,100009,€17.29,Q2 Lower - Middle
101157,Andrea Morris,Female,1995-04-14,OUTDOOR,EXECUTIVE ARCHITECT,1 - 2 Years,41-50,100049,€23.56,Q4 Upper
100710,Bryan Vance,Male,2021-09-16,CLERICAL/ADMINISTRATIVE,DRIVER,2 - 5 Years,41-50,101167,€21.75,Q2 Lower - Middle
100340,Kimberly Greer,Male,2023-08-31,OUTDOOR,SENIOR STAFF OFFICER,2 - 5 Years,51-60,100073,€18.35,Q1 Lower
101058,Marc Phillips,Male,2024-09-12,CLERICAL/ADMINISTRATIVE,ASSISTANT STAFF OFFICER,2 - 5 Years,61-70,100679,€49.36,Q2 Lower - Middle
100518,Adrian Martinez,Male,2023-05-11,PROFESSIONAL/TECHNICAL,SCHOOL WARDEN,20 - 30 Years,41-50,100918,€28.72,Q3 Upper - Middle
100861,Matthew Pacheco,Female,2023-08-10,CLERICAL/ADMINISTRATIVE,EXECUTIVE TECHNICIAN,0 - 1 Years,51-60,100551,€37.69,Q4 Upper
101081,Debra Ortiz,Male,2020-01-23,OUTDOOR,SCHOOL WARDEN,0 - 1 Years,41-50,101038,€19.94,Q4 Upper
101278,Julie Jones,Female,1999-12-06,CLERICAL/ADMINISTRATIVE,GENERAL OPERATIVE,2 - 5 Years,21-30,100850,€31.66,Q2 Lower - Middle
100635,Amanda Morgan,Female,1998-07-03,CLERICAL/ADMINISTRATIVE,LIFEGUARD,2 - 5 Years,51-60,100651,€18.98,Q2 Lower - Middle
100891,Sarah Parker,Male,2007-09-28,CLERICAL/ADMINISTRATIVE,HEAD OF ECONOMIC DEVELOPMENT,5 - 10 Years,51-60,100137,€38.98,Q3 Upper - Middle
100082,Richard Shields,Male,2017-12-15,PROFESSIONAL/TECHNICAL,SENIOR LIBRARY ASSISTANT,5 - 10 Years,51-60,100016,€18.45,Q3 Upper - Middle
100864,Hannah Long,Male,1999-12-16,OUTDOOR,ASSISTANT PLANNER,5 - 10 Years,41-50,100079,€27.39,Q1 Lower
100043,Dr. Michael Perez II,Female,2008-02-28,CLERICAL/ADMINISTRATIVE,CLERICAL OFFICER,1 - 2 Years,51-60,100956,€19.35,Q3 Upper - Middle
100641,Nicole Phillips,Female,1998-06-14,CLERICAL/ADMINISTRATIVE,SENIOR LIBRARY ASSISTANT,5 - 10 Years,71+,100445,€21.46,Q2 Lower - Middle
100161,Joan Parker,Female,2024-03-28,OUTDOOR,SENIOR STAFF OFFICER,15 - 20 Years,31-40,100149,€16.76,Q2 Lower - Middle
100372,Nichole Hansen,Male,2022-06-24,PROFESSIONAL/TECHNICAL,GENERAL OPERATIVE,5 - 10 Years,51-60,101011,€14.94,Q2 Lower - Middle
100812,Faith Juarez,Female,2021-07-08,OUTDOOR,GENERAL OPERATIVE,20 - 30 Years,41-50,101184,€29.50,Q2 Lower - Middle
101068,Whitney Hurst,Male,2003-01-30,PROFESSIONAL/TECHNICAL,REFERENCER,20 - 30 Years,31-40,100777,€31.06,Q1 Lower
101274,Mary Lopez,Female,2017-09-14,CLERICAL/ADMINISTRATIVE,STAFF OFFICER,40+ Years,21-30,101222,€37.56,Q1 Lower
100474,William Perez,Male,2023-02-02,CLERICAL/ADMINISTRATIVE,CLERICAL OFFICER,30 - 40 Years,41-50,101019,€25.06,Q4 Upper
101215,David Keller,Male,2002-12-19,CLERICAL/ADMINISTRATIVE,LIBRARY ASSISTANT,20 - 30 Years,51-60,100403,€27.09,Q1 Lower
100805,Brian Brown,Female,2016-10-27,PROFESSIONAL/TECHNICAL,DRIVER,0 - 1 Years,41-50,100089,€16.32,Q3 Upper - Middle
100530,Paul Cox,Male,2022-12-22,CLERICAL/ADMINISTRATIVE,SENIOR STAFF OFFICER,5 - 10 Years,51-60,100757,€17.99,Q2 Lower - Middle
101160,Alisha Clark,Male,2024-12-05,PROFESSIONAL/TECHNICAL,ASSISTANT STAFF OFFICER,2 - 5 Years,21-30,100315,€18.62,Q2 Lower - Middle
101246,Stacy Lara,Female,2023-02-02,OUTDOOR,SENIOR EXECUTIVE QUANTITY SURVEYOR,20 - 30 Years,41-50,100020,€16.73,Q3 Upper - Middle
100715,Stephanie Ross,Male,2017-12-15,PROFESSIONAL/TECHNICAL,SENIOR EXECUTIVE PARKS SUPERINTENDENT,30 - 40 Years,41-50,101089,€14.72,Q2 Lower - Middle
100137,Cathy Weber,Female,2017-12-15,CLERICAL/ADMINISTRATIVE,SYSTEMS ANALYST,0 - 1 Years,41-50,100791,€29.11,Q3 Upper - Middle
101158,Michael Smith,Male,2021-02-04,OUTDOOR,SCHOOL WARDEN,5 - 10 Years,51-60,100467,€25.81,Q4 Upper
101235,Elizabeth Williams,Female,2018-01-25,CLERICAL/ADMINISTRATIVE,STAFF OFFICER,2 - 5 Years,41-50,100126,€25.60,Q4 Upper
100939,Lisa Boyd,Female,1995-01-05,CLERICAL/ADMINISTRATIVE,SCHOOL WARDEN,40+ Years,31-40,100314,€38.84,Q1 Lower
100402,Keith Allen,Male,2002-03-21,PROFESSIONAL/TECHNICAL,ASSISTANT STAFF OFFICER,10 - 15 Years,21-30,100738,€20.17,Q4 Upper
100785,Peter Richardson,Female,2005-09-24,OUTDOOR,ADMINISTRATIVE OFFICER,2 - 5 Years,51-60,100921,€36.86,Q2 Lower - Middle
100655,Mark Gallegos,Male,2004-09-16,CLERICAL/ADMINISTRATIVE,HOUSING INVESTIGATIONS OFF GENERAL,1 - 2 Years,61-70,100293,€15.72,Q3 Upper - Middle
100726,David Warner,Female,2020-12-24,CLERICAL/ADMINISTRATIVE,SPORTS DEVELOPMENT OFFICER,0 - 1 Years,51-60,100858,€30.82,Q4 Upper
100436,Tracy Harvey,Male,2009-07-09,CLERICAL/ADMINISTRATIVE,STAFF OFFICER,0 - 1 Years,61-70,100169,€19.12,Q1 Lower
100164,Tonya Ross,Male,2000-06-22,CLERICAL/ADMINISTRATIVE,SENIOR STAFF OFFICER,0 - 1 Years,31-40,101112,€25.81,Q3 Upper - Middle
101078,Jonathon Flores,Male,2024-02-16,OUTDOOR,GENERAL OPERATIVE,20 - 30 Years,20 and Under,100500,€22.64,Q1 Lower
101152,Christine Meza,Female,2017-12-14,PROFESSIONAL/TECHNICAL,ASSISTANT STAFF OFFICER,2 - 5 Years,51-60,101000,€34.89,Q3 Upper - Middle
100604,Tyler Morris,Male,2020-05-01,CLERICAL/ADMINISTRATIVE,SCHOOL WARDEN,20 - 30 Years,41-50,100793,€21.63,Q3 Upper - Middle
100837,Gregory Clark,Female,2019-04-11,OUTDOOR,ASSISTANT PLANNER,2 - 5 Years,41-50,100608,€33.44,Q1 Lower
100476,Brent Higgins,Male,2007-01-04,PROFESSIONAL/TECHNICAL,FOREMAN WATER + DRAINAGE,2 - 5 Years,61-70,101202,€17.24,Q4 Upper
100990,Kristin Smith,Male,2021-09-30,OUTDOOR,CLERICAL OFFICER,15 - 20 Years,51-60,100767,€51.27,Q3 Upper - Middle
101052,Jonathan White,Male,2006-02-09,PROFESSIONAL/TECHNICAL,EXECUTIVE ENGINEER,20 - 30 Years,51-60,100567,€25.18,Q1 Lower
100292,Elizabeth Snyder,Female,2024-02-16,CLERICAL/ADMINISTRATIVE,CLERICAL OFFICER,2 - 5 Years,61-70,100545,€52.66,Q3 Upper - Middle
100057,Kim Smith,Female,2024-02-16,CLERICAL/ADMINISTRATIVE,SENIOR STAFF OFFICER,30 - 40 Years,41-50,100198,€17.52,Q2 Lower - Middle
101208,Michelle Nguyen,Female,2017-08-10,CLERICAL/ADMINISTRATIVE,STAFF OFFICER,5 - 10 Years,71+,100896,€30.86,Q3 Upper - Middle
100822,Brian Blackburn,Female,2019-02-07,CLERICAL/ADMINISTRATIVE,STAFF OFFICER,2 - 5 Years,61-70,101083,€33.13,Q3 Upper - Middle
100093,Taylor Hardin,Female,1990-05-04,CLERICAL/ADMINISTRATIVE,ASSISTANT STAFF OFFICER,5 - 10 Years,51-60,100517,€19.47,Q1 Lower
101003,William Giles,Male,2017-09-21,CLERICAL/ADMINISTRATIVE,SENIOR STAFF OFFICER,5 - 10 Years,51-60,100429,€17.12,Q1 Lower
100107,Jennifer Smith,Female,2020-07-23,CLERICAL/ADMINISTRATIVE,ASSISTANT FOREMAN OF WORKS,0 - 1 Years,71+,100821,€15.28,Q3 Upper - Middle
100408,Jennifer Stokes,Male,2005-10-06,PROFESSIONAL/TECHNICAL,SCHOOL WARDEN,1 - 2 Years,31-40,100417,€16.34,Q3 Upper - Middle
100623,Tiffany Byrd,Male,2019-08-08,OUTDOOR,GENERAL OPERATIVE,15 - 20 Years,61-70,100362,€33.71,Q4 Upper
100010,Mary Perez,Female,2016-09-01,PROFESSIONAL/TECHNICAL,EXECUTIVE PLANNER,30 - 40 Years,61-70,100034,€32.67,Q3 Upper - Middle
100038,Brent Guerra,Female,1999-01-14,PROFESSIONAL/TECHNICAL,CLERICAL OFFICER,1 - 2 Years,51-60,100886,€16.32,Q4 Upper
100484,David Mason,Male,2020-06-25,CLERICAL/ADMINISTRATIVE,SCHOOL WARDEN,20 - 30 Years,51-60,100035,€14.52,Q4 Upper
100965,Loretta Arroyo,Male,2006-02-02,CLERICAL/ADMINISTRATIVE,SCHOOL WARDEN,40+ Years,51-60,100820,€28.86,Q1 Lower
100383,Sharon Rocha,Female,1995-09-07,CLERICAL/ADMINISTRATIVE,DRIVER SHIFT HARBOUR,2 - 5 Years,51-60,100306,€40.16,Q2 Lower - Middle
100602,Peter Morgan,Female,2008-06-11,OUTDOOR,STAFF OFFICER,5 - 10 Years,41-50,100312,€46.80,Q2 Lower - Middle
101277,Julia Hudson,Female,2025-04-24,PROFESSIONAL/TECHNICAL,SCHOOL WARDEN,15 - 20 Years,31-40,101244,€22.96,Q1 Lower
100613,Rachael Manning,Female,2018-10-18,CLERICAL/ADMINISTRATIVE,INSPECTOR PLANNING,20 - 30 Years,41-50,101148,€37.55,Q1 Lower
101294,Lori Smith,Male,2002-06-06,OUTDOOR,SENIOR STAFF OFFICER,5 - 10 Years,31-40,100524,€18.41,Q3 Upper - Middle
100066,Melvin Sanford,Male,2002-06-27,PROFESSIONAL/TECHNICAL,SENIOR STAFF OFFICER,15 - 20 Years,41-50,100191,€29.30,Q4 Upper
101162,Terry Burke,Male,2006-10-19,CLERICAL/ADMINISTRATIVE,GANGER,1 - 2 Years,31-40,101029,€25.81,Q2 Lower - Middle
100592,Kenneth Morales,Male,2017-08-03,PROFESSIONAL/TECHNICAL,GRADUATE PROGRAMME,2 - 5 Years,31-40,100824,€25.82,Q4 Upper
100969,Margaret Reed,Female,2002-09-19,CLERICAL/ADMINISTRATIVE,EXECUTIVE PLANNER,1 - 2 Years,41-50,100380,€32.03,Q3 Upper - Middle
100856,Elizabeth Lewis,Female,2001-08-02,PROFESSIONAL/TECHNICAL,GENERAL OPERATIVE,2 - 5 Years,61-70,100197,€38.84,Q4 Upper
100834,Renee Bishop,Female,2023-01-05,CLERICAL/ADMINISTRATIVE,CHARGEHAND GARDEN,2 - 5 Years,31-40,100507,€17.20,Q4 Upper
100871,Robert Brown,Male,2004-05-20,OUTDOOR,EXECUTIVE ARCHITECT,0 - 1 Years,21-30,100182,€43.72,Q4 Upper
101285,Kenneth Wilson,Female,2020-08-06,PROFESSIONAL/TECHNICAL,EXECUTIVE ENGINEER,5 - 10 Years,61-70,101161,€14.59,Q2 Lower - Middle
101034,Jeremy Parker,Female,2024-03-15,CLERICAL/ADMINISTRATIVE,GIS PROJECT LEAD,2 - 5 Years,61-70,100764,€14.69,Q4 Upper
101222,Jennifer Bennett,Female,2007-06-07,CLERICAL/ADMINISTRATIVE,ENVIRONMENTAL AWARENESS OFFICER PERM,0 - 1 Years,61-70,100347,€58.76,Q2 Lower - Middle
100830,Adam Alexander,Female,2008-07-31,CLERICAL/ADMINISTRATIVE,CLERICAL OFFICER,2 - 5 Years,41-50,101286,€25.00,Q4 Upper
101016,Sandra Patrick,Female,2002-09-12,PROFESSIONAL/TECHNICAL,GRADUATE ENGINEER,15 - 20 Years,51-60,100666,€26.73,Q2 Lower - Middle
100569,Daniel Stephens,Female,2005-10-13,CLERICAL/ADMINISTRATIVE,SENIOR STAFF OFFICER,1 - 2 Years,51-60,101294,€19.44,Q2 Lower - Middle
100017,Jennifer King,Male,1995-03-31,OUTDOOR,PROJECT RESIDENT ENGINEER TEMPORARY,0 - 1 Years,41-50,100279,€28.47,Q2 Lower - Middle
100024,Joshua Rollins,Male,2018-06-28,CLERICAL/ADMINISTRATIVE,SENIOR PARKS & LANDSCAPE OFFICER,20 - 30 Years,21-30,100434,€16.88,Q3 Upper - Middle
100930,Sonya Baker,Male,2002-05-03,OUTDOOR,GENERAL OPERATIVE,0 - 1 Years,31-40,100220,€14.72,Q3 Upper - Middle
100950,Stephanie Barnes,Male,2008-05-08,OUTDOOR,CHARGEHAND GARDEN,20 - 30 Years,41-50,100665,€24.40,Q4 Upper
100101,Gary Conway,Female,2024-12-05,OUTDOOR,SENIOR STAFF OFFICER,30 - 40 Years,51-60,100501,€44.67,Q4 Upper
100661,William Villanueva,Male,1997-02-28,PROFESSIONAL/TECHNICAL,CLERICAL OFFICER,15 - 20 Years,51-60,100702,€49.32,Q2 Lower - Middle
100015,Jeff Gallegos,Male,2010-09-24,CLERICAL/ADMINISTRATIVE,SENIOR EXECUTIVE OFFICER,0 - 1 Years,31-40,101250,€14.70,Q2 Lower - Middle
100387,Dustin Morales,Male,1998-05-21,OUTDOOR,ASSISTANT STAFF OFFICER,20 - 30 Years,71+,100208,€30.36,Q2 Lower - Middle
100544,Erin Henry,Female,2024-02-16,CLERICAL/ADMINISTRATIVE,BINMAN,15 - 20 Years,41-50,101132,€17.12,Q2 Lower - Middle
100742,Dan Ortiz,Female,1999-12-04,CLERICAL/ADMINISTRATIVE,AREA COMMUNITY OFFICER,20 - 30 Years,31-40,100960,€35.22,Q4 Upper
100260,Brittany Alexander,Male,2024-04-11,PROFESSIONAL/TECHNICAL,LIFEGUARD,15 - 20 Years,41-50,100746,€15.90,Q2 Lower - Middle
100784,Kathryn Patterson,Male,2009-11-30,CLERICAL/ADMINISTRATIVE,SENIOR EXECUTIVE PLANNER,2 - 5 Years,21-30,101061,€37.17,Q1 Lower
100410,Linda Williams,Male,2007-06-14,CLERICAL/ADMINISTRATIVE,GULLY SUCKER DRIVER,1 - 2 Years,51-60,100659,€37.41,Q1 Lower
100134,Cheryl Arroyo,Female,2022-12-08,CLERICAL/ADMINISTRATIVE,DRIVER JCB,2 - 5 Years,41-50,101171,€37.36,Q4 Upper
100966,Brittney Collins,Male,2000-09-14,CLERICAL/ADMINISTRATIVE,SPORTS MARKETING & INFORMATION OFFICER,5 - 10 Years,61-70,100363,€29.48,Q4 Upper
101232,Steven Mejia,Male,1994-10-27,OUTDOOR,GENERAL OPERATIVE,5 - 10 Years,41-50,100698,€19.18,Q3 Upper - Middle
100212,Mandy Martin,Male,1998-10-22,CLERICAL/ADMINISTRATIVE,CHARGEHAND GARDEN,2 - 5 Years,41-50,101206,€31.33,Q1 Lower
100911,Alisha Wilcox,Male,1998-05-07,OUTDOOR,LIBRARY ASSISTANT,1 - 2 Years,61-70,100614,€14.71,Q1 Lower
100098,Vanessa Harris,Female,1980-10-09,OUTDOOR,GENERAL OPERATIVE,2 - 5 Years,31-40,100163,€25.81,Q3 Upper - Middle
100078,Tina Dean,Male,2005-12-15,CLERICAL/ADMINISTRATIVE,GENERAL OPERATIVE,2 - 5 Years,51-60,100904,€32.21,Q4 Upper
100221,Kelly Johnston,Female,2002-11-14,PROFESSIONAL/TECHNICAL,CLERICAL OFFICER,2 - 5 Years,61-70,100609,€18.62,Q2 Lower - Middle
100151,Melinda Parrish,Female,2002-12-01,CLERICAL/ADMINISTRATIVE,DRIVER,15 - 20 Years,31-40,101217,€40.40,Q1 Lower
100461,Chloe Mcdonald,Male,1999-01-28,PROFESSIONAL/TECHNICAL,ASSISTANT STAFF OFFICER,5 - 10 Years,51-60,100256,€16.31,Q3 Upper - Middle
100657,Erik Bolton,Male,2000-03-09,CLERICAL/ADMINISTRATIVE,LIFEGUARD,20 - 30 Years,41-50,100325,€20.15,Q4 Upper
100651,Alan Campbell,Female,2002-12-01,OUTDOOR,STAFF OFFICER,15 - 20 Years,51-60,101153,€42.59,Q2 Lower - Middle
100418,Charles Mccarthy,Female,2006-07-27,OUTDOOR,ATTENDANT LIBRARY,20 - 30 Years,61-70,100268,€33.12,Q1 Lower
100627,Marissa Campos,Male,1984-12-27,OUTDOOR,SENIOR STAFF OFFICER,15 - 20 Years,51-60,100359,€17.98,Q1 Lower
100480,Shannon Barr,Female,1998-05-01,CLERICAL/ADMINISTRATIVE,RESETTLEMENT OFFICER,1 - 2 Years,51-60,101230,€43.59,Q1 Lower
100392,Bianca Mccarthy,Male,2003-04-10,CLERICAL/ADMINISTRATIVE,GENERAL OPERATIVE,5 - 10 Years,51-60,100664,€17.50,Q4 Upper
100131,Dennis Roth,Female,2003-09-11,CLERICAL/ADMINISTRATIVE,DRIVER CLEANSING,1 - 2 Years,41-50,100038,€16.63,Q3 Upper - Middle
100594,Carlos Williams,Male,2005-12-02,CLERICAL/ADMINISTRATIVE,DRIVER,0 - 1 Years,31-40,100162,€28.34,Q4 Upper
100611,Juan Baker,Female,2018-01-11,PROFESSIONAL/TECHNICAL,OPERATOR TRACTOR,2 - 5 Years,31-40,100064,€45.28,Q2 Lower - Middle
100968,Tammy Bryant,Male,2001-10-18,CLERICAL/ADMINISTRATIVE,CLERICAL OFFICER,2 - 5 Years,41-50,100258,€34.19,Q2 Lower - Middle
101198,Shannon Franklin,Male,1990-09-06,CLERICAL/ADMINISTRATIVE,SENIOR STAFF OFFICER,1 - 2 Years,51-60,100928,€26.92,Q2 Lower - Middle
100686,Robin Tran,Female,1986-12-05,CLERICAL/ADMINISTRATIVE,STAFF OFFICER,5 - 10 Years,31-40,100555,€14.63,Q4 Upper
100815,Victor Ross,Male,1991-05-30,CLERICAL/ADMINISTRATIVE,GENERAL OPERATIVE,20 - 30 Years,61-70,100786,€17.77,Q4 Upper
100435,Aaron Cox,Male,1997-10-23,CLERICAL/ADMINISTRATIVE,SENIOR ENTERPRISE DEVELOPMENT OFFICER,1 - 2 Years,21-30,100817,€33.01,Q3 Upper - Middle
100835,Haley Lewis,Female,1991-06-20,PROFESSIONAL/TECHNICAL,STAFF OFFICER,1 - 2 Years,51-60,100466,€44.77,Q4 Upper
100498,Jose Thompson,Female,1998-06-18,CLERICAL/ADMINISTRATIVE,GENERAL OPERATIVE,1 - 2 Years,41-50,100051,€29.58,Q1 Lower
101220,Ms. Megan Coleman,Male,2019-08-08,OUTDOOR,ENVIRONMENTAL ENFORCEMENT WARDEN,5 - 10 Years,41-50,100109,€42.49,Q2 Lower - Middle
100525,Kimberly Reyes,Female,1988-04-08,CLERICAL/ADMINISTRATIVE,SENIOR LIBRARY ASSISTANT,1 - 2 Years,31-40,101047,€21.28,Q1 Lower
101144,Marcia Arnold,Male,2018-12-06,CLERICAL/ADMINISTRATIVE,SENIOR EXECUTIVE OFFICER,20 - 30 Years,61-70,100669,€38.35,Q3 Upper - Middle
100568,Daniel Valencia,Male,2004-01-18,CLERICAL/ADMINISTRATIVE,CRAFTSMAN,20 - 30 Years,41-50,100825,€48.89,Q3 Upper - Middle
100975,Michael Weber,Female,2001-08-16,CLERICAL/ADMINISTRATIVE,SENIOR LIBRARIAN,1 - 2 Years,31-40,100366,€29.06,Q2 Lower - Middle
100464,Whitney Taylor,Male,2017-02-09,OUTDOOR,ASSISTANT STAFF OFFICER,0 - 1 Years,41-50,100910,€17.04,Q3 Upper - Middle
100147,Anne Garcia,Female,1982-12-31,OUTDOOR,STAFF OFFICER,15 - 20 Years,41-50,100451,€25.81,Q1 Lower
100178,Stephanie Cortez,Female,2018-05-31,OUTDOOR,ASSISTANT STAFF OFFICER,2 - 5 Years,41-50,100071,€19.40,Q4 Upper
100148,Suzanne Morse,Male,1989-06-02,CLERICAL/ADMINISTRATIVE,ASSISTANT STAFF OFFICER,5 - 10 Years,20 and Under,100755,€29.17,Q4 Upper
100116,John Daniels,Female,2007-06-14,CLERICAL/ADMINISTRATIVE,LIBRARY ASSISTANT,30 - 40 Years,31-40,100075,€52.66,Q3 Upper - Middle
100638,Kathy Hall,Female,2019-06-13,OUTDOOR,SENIOR EXECUTIVE ARCHITECT,20 - 30 Years,20 and Under,100360,€32.63,Q3 Upper - Middle
101089,Dr. Anthony Morris,Female,1992-10-29,OUTDOOR,ASSISTANT FOREMAN OF WORKS,2 - 5 Years,31-40,100115,€24.22,Q2 Lower - Middle
100133,Kimberly Khan,Male,2023-09-03,PROFESSIONAL/TECHNICAL,GRADUATE PARKS & LANDSCAPE OFFICER,2 - 5 Years,41-50,100173,€28.44,Q2 Lower - Middle
100350,Lisa Montoya,Male,1996-03-28,PROFESSIONAL/TECHNICAL,CLERICAL OFFICER,10 - 15 Years,41-50,100349,€20.75,Q1 Lower
100431,Christopher King,Female,2008-10-23,CLERICAL/ADMINISTRATIVE,CLERICAL OFFICER,0 - 1 Years,61-70,100881,€35.05,Q1 Lower
100582,Ashley Stewart,Female,2022-09-01,CLERICAL/ADMINISTRATIVE,WHEELED BIN SERV MAN,5 - 10 Years,61-70,101195,€33.01,Q3 Upper - Middle
100996,Lisa Stanley,Female,1996-08-29,PROFESSIONAL/TECHNICAL,EXECUTIVE ARCHITECT,2 - 5 Years,51-60,101026,€19.23,Q3 Upper - Middle
100388,Rebecca Hart,Male,2017-02-02,CLERICAL/ADMINISTRATIVE,ANALYST PROGRAMMER,1 - 2 Years,41-50,100333,€27.82,Q4 Upper
100608,Alex Arias,Male,2018-04-06,CLERICAL/ADMINISTRATIVE,EXECUTIVE PARKS SUPERINTENDENT,2 - 5 Years,41-50,101276,€14.95,Q3 Upper - Middle
100432,David Moore,Female,1980-02-15,OUTDOOR,EXECUTIVE QUANTITY SURVEYOR,2 - 5 Years,51-60,100528,€31.18,Q4 Upper
100208,Evan Mcdaniel,Female,2016-10-27,OUTDOOR,CLERICAL OFFICER,5 - 10 Years,51-60,101108,€14.70,Q3 Upper - Middle
100499,Michele Harrell,Male,2017-06-17,OUTDOOR,SCHOOL WARDEN,1 - 2 Years,20 and Under,100326,€31.70,Q2 Lower - Middle
100793,Trevor Brown,Female,2004-03-04,PROFESSIONAL/TECHNICAL,SENIOR EXECUTIVE ENGINEER,2 - 5 Years,41-50,100649,€25.18,Q4 Upper
100396,Ashlee Spence,Male,2000-03-16,OUTDOOR,DRIVER ROAD SWEEPER,30 - 40 Years,61-70,100864,€30.92,Q2 Lower - Middle
101247,Janice Clarke,Male,1995-04-13,CLERICAL/ADMINISTRATIVE,ASSISTANT STAFF OFFICER,5 - 10 Years,51-60,100958,€44.25,Q4 Upper
100607,David Russell,Female,2005-08-06,OUTDOOR,SENIOR EXECUTIVE PLANNER,1 - 2 Years,31-40,100963,€14.70,Q1 Lower
100364,Matthew Powers,Male,2018-03-22,OUTDOOR,STAFF OFFICER,1 - 2 Years,41-50,100935,€14.69,Q1 Lower
101165,James Freeman,Female,2018-04-06,CLERICAL/ADMINISTRATIVE,SENIOR PLANNER,2 - 5 Years,31-40,100240,€23.62,Q1 Lower
100207,Jason Fritz,Male,2017-09-14,CLERICAL/ADMINISTRATIVE,ASSISTANT STAFF OFFICER,0 - 1 Years,20 and Under,100997,€43.71,Q4 Upper
101064,Nicholas Jackson,Male,1995-05-12,CLERICAL/ADMINISTRATIVE,SUPERVISOR CEMETERIES,2 - 5 Years,51-60,100463,€17.38,Q3 Upper - Middle
100014,Tracy Lee,Female,2003-09-11,CLERICAL/ADMINISTRATIVE,ASSISTANT STAFF OFFICER,10 - 15 Years,61-70,100159,€38.25,Q1 Lower
100800,David Williams,Male,2018-12-01,PROFESSIONAL/TECHNICAL,SYSTEMS ANALYST,20 - 30 Years,21-30,101281,€15.61,Q2 Lower - Middle
100462,Heather Hart,Female,2019-01-31,CLERICAL/ADMINISTRATIVE,SENIOR EXECUTIVE ENGINEER,15 - 20 Years,61-70,101253,€58.63,Q4 Upper
100743,Eric Brooks,Male,2002-10-17,CLERICAL/ADMINISTRATIVE,EXECUTIVE ENGINEER,15 - 20 Years,51-60,100578,€47.46,Q4 Upper
100792,Amanda Zamora DVM,Female,1996-05-09,PROFESSIONAL/TECHNICAL,ASSISTANT STAFF OFFICER,20 - 30 Years,31-40,100459,€19.01,Q2 Lower - Middle
100339,Kevin Martinez,Male,1990-06-07,OUTDOOR,SENIOR EXECUTIVE ENGINEER,2 - 5 Years,31-40,100320,€38.62,Q3 Upper - Middle
100701,Erica Smith,Male,1989-10-05,CLERICAL/ADMINISTRATIVE,LIBRARY ASSISTANT,40+ Years,51-60,100885,€16.65,Q2 Lower - Middle
100240,Bobby Roach,Female,1995-09-01,CLERICAL/ADMINISTRATIVE,SENIOR STAFF OFFICER,5 - 10 Years,51-60,100658,€49.36,Q4 Upper
100848,William Vazquez,Male,2007-01-18,CLERICAL/ADMINISTRATIVE,SENIOR STAFF OFFICER,5 - 10 Years,61-70,100930,€32.43,Q2 Lower - Middle
100954,Richard Carter,Female,2025-03-13,CLERICAL/ADMINISTRATIVE,EXECUTIVE PARKS & LANDSCAPE OFFICER,20 - 30 Years,31-40,101034,€32.55,Q1 Lower
100680,James Ward,Female,2017-06-01,OUTDOOR,ADMINISTRATIVE OFFICER,0 - 1 Years,31-40,101279,€19.94,Q2 Lower - Middle
100643,Steve Stewart,Female,2001-08-16,CLERICAL/ADMINISTRATIVE,CLERICAL OFFICER,30 - 40 Years,51-60,100809,€28.06,Q1 Lower
100468,Tara Johnson,Male,2024-08-15,CLERICAL/ADMINISTRATIVE,GENERAL OPERATIVE,5 - 10 Years,31-40,100571,€21.93,Q4 Upper
101114,Timothy Wade,Female,2017-12-14,CLERICAL/ADMINISTRATIVE,UNDERGRADUATE STUDENT TEMPORARY,2 - 5 Years,61-70,100585,€31.55,Q3 Upper - Middle
100865,Theresa Moss,Male,1999-10-21,CLERICAL/ADMINISTRATIVE,FOREMAN GARDENER,20 - 30 Years,61-70,100105,€42.26,Q4 Upper
100841,Sonya Curtis,Male,1994-01-27,OUTDOOR,SENIOR STAFF OFFICER,5 - 10 Years,51-60,101205,€18.69,Q1 Lower
100174,David White,Male,1998-04-16,PROFESSIONAL/TECHNICAL,OPERATOR TRACTOR,5 - 10 Years,51-60,100653,€32.11,Q4 Upper
101230,Brandy Ramirez,Female,2023-10-26,CLERICAL/ADMINISTRATIVE,COMMUNICATIONS SPECIALIST (VII),20 - 30 Years,21-30,100929,€18.58,Q3 Upper - Middle
101107,Martha Johnson,Male,2007-06-07,PROFESSIONAL/TECHNICAL,SCHOOL WARDEN,0 - 1 Years,41-50,100026,€35.62,Q1 Lower
101260,Mrs. Michele Kaiser,Male,2015-05-10,OUTDOOR,SCHOOL WARDEN,5 - 10 Years,31-40,100300,€52.66,Q3 Upper - Middle
100473,Martin Roman,Male,2020-01-09,CLERICAL/ADMINISTRATIVE,CLERICAL OFFICER,2 - 5 Years,61-70,100068,€18.90,Q3 Upper - Middle
101131,Andrew Hill,Male,2018-03-30,CLERICAL/ADMINISTRATIVE,DRIVER,30 - 40 Years,51-60,100953,€31.00,Q3 Upper - Middle
100344,Matthew White,Male,2005-03-17,CLERICAL/ADMINISTRATIVE,SENIOR STAFF OFFICER,5 - 10 Years,51-60,100662,€28.54,Q4 Upper
101254,Sherry Zavala,Male,1995-07-22,CLERICAL/ADMINISTRATIVE,PARK RANGER 2001,1 - 2 Years,61-70,100999,€18.87,Q2 Lower - Middle
100140,Holly Ray,Female,2008-11-23,CLERICAL/ADMINISTRATIVE,SCHOOL WARDEN,0 - 1 Years,51-60,100532,€17.42,Q2 Lower - Middle
100772,Lisa Ford,Male,2000-03-25,CLERICAL/ADMINISTRATIVE,SENIOR STAFF OFFICER,0 - 1 Years,51-60,100869,€15.41,Q3 Upper - Middle
101009,Leonard Gutierrez,Female,2025-02-27,PROFESSIONAL/TECHNICAL,EXECUTIVE ARCHITECT,0 - 1 Years,20 and Under,101219,€17.50,Q1 Lower
100628,Jessica Pena MD,Male,2002-07-05,CLERICAL/ADMINISTRATIVE,SENIOR LIBRARY ASSISTANT,2 - 5 Years,61-70,100894,€20.96,Q1 Lower
100755,Michelle Sanchez,Female,2002-12-01,PROFESSIONAL/TECHNICAL,SENIOR STAFF OFFICER,5 - 10 Years,41-50,100183,€30.38,Q3 Upper - Middle
101028,Angela Gibson,Male,2005-08-11,OUTDOOR,SUPERVISOR INSPECTOR MAINTENANCE/CLEAN,20 - 30 Years,41-50,100008,€14.69,Q1 Lower
100132,Deborah Johnson,Male,2021-07-08,CLERICAL/ADMINISTRATIVE,SENIOR STAFF OFFICER,5 - 10 Years,61-70,100042,€15.94,Q3 Upper - Middle
100301,Rebecca Johnson,Female,2002-12-01,OUTDOOR,PICK UP DRIVER SHIFT,2 - 5 Years,31-40,100891,€28.38,Q2 Lower - Middle
100808,Brandy Collins,Female,1999-12-16,CLERICAL/ADMINISTRATIVE,SMART DUBLIN REGIONAL MANAGER,5 - 10 Years,51-60,101060,€37.36,Q1 Lower
100079,Lisa Walker,Male,1999-03-18,CLERICAL/ADMINISTRATIVE,DRIVER TRACTOR LR RATE,1 - 2 Years,51-60,101160,€21.57,Q2 Lower - Middle
101035,Robert Sharp,Male,2003-07-24,OUTDOOR,WHEELED BIN SERV MAN,15 - 20 Years,61-70,101127,€25.32,Q1 Lower
100184,Connor Mitchell,Male,2001-09-06,MANAGERIAL,DRIVER,2 - 5 Years,31-40,100792,€42.44,Q4 Upper
100877,Randy Foster,Female,2009-09-25,CLERICAL/ADMINISTRATIVE,BANKSMAN/ DUMPER DRIVER,0 - 1 Years,31-40,100734,€37.36,Q4 Upper
100991,Savannah Lucero,Male,2017-08-03,OUTDOOR,SENIOR LIBRARY ASSISTANT,20 - 30 Years,31-40,100866,€52.66,Q2 Lower - Middle
100825,Maria Silva,Male,1993-03-04,OUTDOOR,SENIOR STAFF OFFICER,40+ Years,61-70,100323,€30.91,Q2 Lower - Middle
100953,Jack Jones,Male,2008-03-27,OUTDOOR,ADMINISTRATIVE OFFICER,0 - 1 Years,61-70,100737,€21.24,Q3 Upper - Middle
100881,Maxwell Gonzalez,Female,1990-09-06,PROFESSIONAL/TECHNICAL,SENIOR ENGINEER,1 - 2 Years,31-40,100947,€49.39,Q3 Upper - Middle
100016,Joshua Harris,Female,2017-04-13,OUTDOOR,AREA COMMUNITY OFFICER,2 - 5 Years,31-40,100972,€52.22,Q4 Upper
101023,Ricardo Osborne,Male,1988-12-15,CLERICAL/ADMINISTRATIVE,DISTRICT SUPERVISOR PARKS,10 - 15 Years,31-40,100107,€19.18,Q2 Lower - Middle
101154,Lisa Peterson,Male,2008-08-07,CLERICAL/ADMINISTRATIVE,EXECUTIVE TECHNICIAN,20 - 30 Years,51-60,100816,€25.58,Q2 Lower - Middle
100534,Jose Solis,Female,1999-12-30,CLERICAL/ADMINISTRATIVE,STAFF OFFICER,40+ Years,51-60,101050,€37.36,Q1 Lower
100721,Tracy Manning,Male,1993-12-24,CLERICAL/ADMINISTRATIVE,LIFEGUARD,10 - 15 Years,31-40,100288,€33.52,Q1 Lower
100736,Billy Rogers,Male,2017-04-06,CLERICAL/ADMINISTRATIVE,ADMINISTRATIVE OFFICER,0 - 1 Years,21-30,100933,€49.36,Q1 Lower
100254,Wesley Richards,Female,2002-07-05,CLERICAL/ADMINISTRATIVE,SENIOR EXECUTIVE ENGINEER,5 - 10 Years,51-60,100017,€55.79,Q1 Lower
101022,Laura Herrera,Female,2022-12-15,CLERICAL/ADMINISTRATIVE,SENIOR EXECUTIVE OFFICER,15 - 20 Years,51-60,100544,€37.47,Q2 Lower - Middle
101038,Valerie Davis,Female,1997-01-02,CLERICAL/ADMINISTRATIVE,YARD SUPERINTENDENT BALLYOGAN,20 - 30 Years,31-40,101245,€22.09,Q4 Upper
101083,Courtney Stafford,Female,2005-05-12,CLERICAL/ADMINISTRATIVE,ASSISTANT STAFF OFFICER,5 - 10 Years,21-30,100600,€16.38,Q1 Lower
100598,Brandon Davis,Male,2022-12-22,CLERICAL/ADMINISTRATIVE,GENERAL OPERATIVE,30 - 40 Years,61-70,100025,€47.26,Q2 Lower - Middle
101159,Stephanie Valenzuela,Female,2020-10-29,CLERICAL/ADMINISTRATIVE,ASSISTANT FOREMAN OF WORKS,5 - 10 Years,61-70,100974,€57.87,Q2 Lower - Middle
100271,Vernon Barrett,Male,2005-07-21,OUTDOOR,ASSISTANT STAFF OFFICER,2 - 5 Years,31-40,100919,€36.00,Q4 Upper
100209,Robert Meyer,Male,2021-09-16,OUTDOOR,DIRECTOR OF CORPORATE SERVICES,5 - 10 Years,61-70,100132,€27.60,Q4 Upper
100819,Molly Lowery,Male,2008-08-11,CLERICAL/ADMINISTRATIVE,IRISH LANGUAGE DEVELOPMENT OFFICER,5 - 10 Years,51-60,100032,€14.69,Q2 Lower - Middle
100997,Joel Adams,Female,2018-01-18,OUTDOOR,CLERICAL OFFICER,2 - 5 Years,51-60,101044,€25.45,Q2 Lower - Middle
101063,Sara Wilson,Female,2023-12-07,CLERICAL/ADMINISTRATIVE,GENERAL OPERATIVE,1 - 2 Years,51-60,100531,€23.21,Q1 Lower
100693,Sandy Lopez,Male,2019-05-16,CLERICAL/ADMINISTRATIVE,GENERAL OPERATIVE,5 - 10 Years,61-70,100113,€16.84,Q2 Lower - Middle
100257,Haley Bates,Female,2017-07-21,OUTDOOR,CLERICAL OFFICER,20 - 30 Years,51-60,100633,€20.43,Q4 Upper
100561,Brenda Thornton,Male,2014-03-14,PROFESSIONAL/TECHNICAL,EXECUTIVE ACCOUNTANT,20 - 30 Years,51-60,100723,€37.36,Q3 Upper - Middle
100213,Dr. Ian Cobb,Female,2017-12-31,CLERICAL/ADMINISTRATIVE,GENERAL OPERATIVE,20 - 30 Years,41-50,100130,€46.87,Q1 Lower
100398,Nicole Scott,Female,2021-01-21,CLERICAL/ADMINISTRATIVE,ADMINISTRATIVE OFFICER,2 - 5 Years,51-60,101260,€16.33,Q3 Upper - Middle
100514,Michael Love,Female,2023-04-13,CLERICAL/ADMINISTRATIVE,LIFEGUARD,0 - 1 Years,41-50,100940,€29.59,Q3 Upper - Middle
100348,John Mendez,Male,2019-05-16,CLERICAL/ADMINISTRATIVE,SENIOR EXECUTIVE OFFICER,30 - 40 Years,51-60,101192,€14.69,Q2 Lower - Middle
100717,Mrs. Lauren Franklin,Female,1990-07-22,PROFESSIONAL/TECHNICAL,SENIOR LIBRARY ASSISTANT,1 - 2 Years,41-50,100565,€18.37,Q3 Upper - Middle
100603,Jose Rivera,Male,2023-01-19,OUTDOOR,ADMINISTRATIVE OFFICER,15 - 20 Years,51-60,100983,€30.99,Q2 Lower - Middle
100620,Denise Pitts,Male,2019-08-08,OUTDOOR,STAFF OFFICER,15 - 20 Years,21-30,100007,€19.90,Q2 Lower - Middle
100685,Emily Mendoza,Male,1999-08-27,CLERICAL/ADMINISTRATIVE,ASSISTANT STAFF OFFICER,15 - 20 Years,31-40,101071,€33.16,Q1 Lower
100511,Charles Acosta,Male,1996-12-05,CLERICAL/ADMINISTRATIVE,CLERICAL OFFICER,5 - 10 Years,51-60,100907,€44.25,Q1 Lower
100393,Kelly Scott,Male,2000-08-17,OUTDOOR,LIBRARY ASSISTANT,15 - 20 Years,21-30,100010,€21.50,Q2 Lower - Middle
100823,Karen Clarke,Male,2021-12-16,CLERICAL/ADMINISTRATIVE,GRADUATE ENGINEER,20 - 30 Years,61-70,100330,€31.14,Q1 Lower
101166,Gabriel Michael,Female,2019-12-12,CLERICAL/ADMINISTRATIVE,CLERICAL OFFICER,30 - 40 Years,51-60,100561,€20.88,Q4 Upper
100750,Edward Roach,Male,1998-07-16,CLERICAL/ADMINISTRATIVE,ADMINISTRATIVE OFFICER,20 - 30 Years,41-50,100310,€17.09,Q4 Upper
100330,John Goodwin,Female,2022-10-13,CLERICAL/ADMINISTRATIVE,SENIOR EXECUTIVE PLANNER,10 - 15 Years,61-70,100045,€25.53,Q1 Lower
101282,Amber Williams,Male,2008-12-04,CLERICAL/ADMINISTRATIVE,MINI SWEEPER DRIVER SHIFT,5 - 10 Years,20 and Under,101143,€21.93,Q3 Upper - Middle
101191,Robin Gonzalez,Female,2025-03-30,PROFESSIONAL/TECHNICAL,ASSISTANT STAFF OFFICER,1 - 2 Years,51-60,100457,€33.01,Q4 Upper
100723,Sandy Griffith,Male,2017-08-17,CLERICAL/ADMINISTRATIVE,DRIVER,5 - 10 Years,31-40,100272,€41.42,Q4 Upper
100211,Melinda Miller,Male,2004-05-22,PROFESSIONAL/TECHNICAL,SENIOR EXECUTIVE ARCHITECT,30 - 40 Years,31-40,100408,€27.11,Q3 Upper - Middle
101096,John Thomas,Female,2003-03-27,PROFESSIONAL/TECHNICAL,DRIVER,5 - 10 Years,21-30,101288,€19.88,Q3 Upper - Middle
100764,Mrs. Anna Dickson MD,Male,2024-04-11,CLERICAL/ADMINISTRATIVE,SENIOR EXECUTIVE PLANNER,30 - 40 Years,51-60,101074,€17.48,Q4 Upper
100376,Xavier Davis,Female,2008-10-03,CLERICAL/ADMINISTRATIVE,CLERICAL OFFICER,2 - 5 Years,41-50,100754,€29.76,Q4 Upper
101264,Jacqueline Smith DDS,Female,2002-02-07,CLERICAL/ADMINISTRATIVE,CLERICAL OFFICER,2 - 5 Years,51-60,100281,€25.81,Q4 Upper
100827,Jacob Torres,Female,1992-04-03,MANAGERIAL,SENIOR ENGINEER,40+ Years,51-60,100146,€19.00,Q4 Upper
101133,Barry Schneider,Female,2019-08-15,OUTDOOR,EXECUTIVE ENGINEER,20 - 30 Years,41-50,100564,€14.69,Q3 Upper - Middle
100444,Brooke Delacruz,Male,2022-09-01,CLERICAL/ADMINISTRATIVE,SPORTS CO-ORDINATOR TEMP,5 - 10 Years,31-40,100706,€28.99,Q3 Upper - Middle
100095,April Miles,Female,2021-12-16,PROFESSIONAL/TECHNICAL,SENIOR EXECUTIVE ENGINEER,1 - 2 Years,41-50,100432,€25.80,Q3 Upper - Middle
100152,Blake Bartlett,Male,2019-09-19,CLERICAL/ADMINISTRATIVE,LIBRARY ASSISTANT,0 - 1 Years,51-60,100210,€20.09,Q1 Lower
100073,Jeffrey Rhodes,Male,2019-08-22,PROFESSIONAL/TECHNICAL,RESIDENT ENGINEER TEMPORARY,2 - 5 Years,41-50,100769,€19.75,Q3 Upper - Middle
100071,Judy Diaz,Female,2022-09-01,OUTDOOR,UNDERGRADUATE STUDENT TEMPORARY,0 - 1 Years,41-50,100675,€16.67,Q4 Upper
101290,Diana Park,Female,2006-04-27,CLERICAL/ADMINISTRATIVE,SENIOR EXECUTIVE PLANNER,20 - 30 Years,61-70,100552,€39.83,Q3 Upper - Middle
100185,Jo Juarez,Male,2008-11-07,OUTDOOR,STAFF OFFICER,20 - 30 Years,31-40,101129,€32.41,Q2 Lower - Middle
101238,April Dillon,Female,1982-06-29,CLERICAL/ADMINISTRATIVE,ASSISTANT PLANNER,20 - 30 Years,41-50,101176,€16.85,Q2 Lower - Middle
100083,Christopher Hendricks,Male,2020-10-01,CLERICAL/ADMINISTRATIVE,STAFF OFFICER,20 - 30 Years,41-50,100913,€43.43,Q1 Lower
101084,Joshua Miles,Male,2005-03-24,CLERICAL/ADMINISTRATIVE,TECHNICAL SUPPORT OFFICER,2 - 5 Years,51-60,100039,€29.30,Q1 Lower
101047,Angela Walker,Female,2018-03-08,OUTDOOR,SCHOOL WARDEN,5 - 10 Years,41-50,100521,€19.18,Q1 Lower
100995,Cory Carroll,Male,2021-07-11,CLERICAL/ADMINISTRATIVE,STAFF OFFICER,20 - 30 Years,51-60,100895,€34.33,Q4 Upper
100447,Sarah Villegas,Female,1993-10-07,CLERICAL/ADMINISTRATIVE,WATER SERVICES INSPECTOR,20 - 30 Years,21-30,100048,€28.35,Q4 Upper
101105,Yvonne Hodges,Female,2022-12-15,PROFESSIONAL/TECHNICAL,LIBRARIAN,2 - 5 Years,21-30,100096,€21.12,Q2 Lower - Middle
100943,Richard Simpson,Female,2022-12-08,CLERICAL/ADMINISTRATIVE,ASSISTANT STAFF OFFICER,10 - 15 Years,41-50,100936,€15.83,Q1 Lower
101015,Barbara Murphy,Male,2006-12-21,OUTDOOR,ADMINISTRATIVE OFFICER,5 - 10 Years,21-30,100548,€15.51,Q2 Lower - Middle
100854,Michael Mendoza,Female,2020-03-19,CLERICAL/ADMINISTRATIVE,GENERAL OPERATIVE,20 - 30 Years,41-50,100673,€14.86,Q4 Upper
100119,James Flowers,Male,2023-02-16,PROFESSIONAL/TECHNICAL,GENERAL OPERATIVE,40+ Years,41-50,100199,€22.84,Q1 Lower
100951,Timothy Martin,Male,2024-02-08,OUTDOOR,SENIOR STAFF OFFICER,5 - 10 Years,41-50,100232,€30.49,Q2 Lower - Middle
100023,Brittany Hull,Male,2020-12-10,OUTDOOR,CLERICAL OFFICER,0 - 1 Years,51-60,101076,€16.33,Q1 Lower
100279,Kathleen Mcdonald,Female,2022-12-22,CLERICAL/ADMINISTRATIVE,SCHOOL WARDEN,20 - 30 Years,31-40,101097,€21.46,Q1 Lower
101170,Jennifer Sanchez,Male,2007-01-28,OUTDOOR,SENIOR PLANNER,5 - 10 Years,51-60,100632,€23.17,Q4 Upper
101149,Ian Evans,Female,1996-09-12,PROFESSIONAL/TECHNICAL,SENIOR LIBRARIAN,1 - 2 Years,51-60,100450,€19.08,Q2 Lower - Middle
100543,Deborah Ortega,Male,2024-12-19,OUTDOOR,SENIOR STAFF OFFICER,0 - 1 Years,51-60,101070,€37.57,Q2 Lower - Middle
100903,Troy Perez,Male,2019-08-29,CLERICAL/ADMINISTRATIVE,SCHOOL WARDEN,1 - 2 Years,31-40,100735,€18.72,Q1 Lower
100915,Abigail Mejia,Male,2018-10-04,CLERICAL/ADMINISTRATIVE,SCHOOL WARDEN,40+ Years,51-60,100762,€23.42,Q3 Upper - Middle
100106,Duane Lucas,Male,2022-06-02,PROFESSIONAL/TECHNICAL,GENERAL OPERATIVE,20 - 30 Years,51-60,100436,€44.89,Q1 Lower
101113,Terri Davis,Male,2021-06-10,CLERICAL/ADMINISTRATIVE,PLUMBER,1 - 2 Years,31-40,100028,€37.36,Q4 Upper
100446,Kelly Simon,Male,2018-07-06,OUTDOOR,RESIDENT ENGINEER TEMPORARY,15 - 20 Years,51-60,100779,€57.00,Q1 Lower
100550,Robert Lopez,Male,2006-08-24,PROFESSIONAL/TECHNICAL,ASSISTANT MARINE OFFICER,1 - 2 Years,61-70,100859,€38.26,Q1 Lower
101094,Diana Warren,Female,2022-12-22,OUTDOOR,SENIOR EXECUTIVE ENGINEER,20 - 30 Years,21-30,100319,€17.78,Q1 Lower
100786,Jessica Ponce,Female,2018-01-11,OUTDOOR,CLERICAL OFFICER,20 - 30 Years,21-30,100063,€26.39,Q2 Lower - Middle
101121,Matthew Taylor,Male,2006-07-27,OUTDOOR,SENIOR SOLICITOR,30 - 40 Years,51-60,100884,€14.95,Q2 Lower - Middle
100619,Jonathan Kirk,Female,2000-12-21,CLERICAL/ADMINISTRATIVE,ADMINISTRATIVE OFFICER,40+ Years,41-50,100774,€34.57,Q2 Lower - Middle
100520,Cynthia Guzman,Female,2002-07-11,OUTDOOR,SENIOR EXECUTIVE LIBRARIAN,2 - 5 Years,21-30,101017,€30.51,Q2 Lower - Middle
100385,Regina Barnes,Male,2007-12-27,CLERICAL/ADMINISTRATIVE,ASSISTANT STAFF OFFICER,0 - 1 Years,51-60,100878,€24.21,Q4 Upper
101250,Christina Flynn,Male,2006-09-29,PROFESSIONAL/TECHNICAL,ASSISTANT STAFF OFFICER,20 - 30 Years,21-30,100046,€43.88,Q1 Lower
100557,David Vance,Male,2004-08-19,OUTDOOR,ASSISTANT STAFF OFFICER,20 - 30 Years,51-60,101214,€27.15,Q4 Upper
100224,Anna Cannon,Female,2019-12-12,CLERICAL/ADMINISTRATIVE,CLERICAL OFFICER,5 - 10 Years,31-40,100964,€38.37,Q1 Lower
100327,Edgar Mccarty,Male,2008-07-17,CLERICAL/ADMINISTRATIVE,WATER TRANSFER TRANSITION MANAGER - TEMP,20 - 30 Years,51-60,100250,€21.35,Q1 Lower
101138,Gregory Scott,Male,2004-10-14,CLERICAL/ADMINISTRATIVE,SENIOR EXECUTIVE PLANNER,5 - 10 Years,51-60,100508,€16.90,Q4 Upper
100139,Andrew Miller,Female,2022-12-22,PROFESSIONAL/TECHNICAL,WHEELED BIN SERV MAN,2 - 5 Years,51-60,100650,€37.44,Q4 Upper
101041,Christopher Hall,Female,2002-06-20,CLERICAL/ADMINISTRATIVE,CLERICAL OFFICER,5 - 10 Years,41-50,100438,€28.65,Q1 Lower
100863,Robert Park,Female,1999-08-26,PROFESSIONAL/TECHNICAL,LIBRARY ASSISTANT,5 - 10 Years,41-50,100718,€25.81,Q2 Lower - Middle
100585,Samantha Taylor,Male,2008-02-22,CLERICAL/ADMINISTRATIVE,SENIOR STAFF OFFICER,1 - 2 Years,41-50,100104,€25.81,Q4 Upper
100401,Ryan Jones,Female,2020-12-17,CLERICAL/ADMINISTRATIVE,ASSISTANT STAFF OFFICER,1 - 2 Years,61-70,101115,€30.61,Q1 Lower
100813,Hannah Bell DDS,Male,1994-06-02,CLERICAL/ADMINISTRATIVE,LIBRARY ASSISTANT,5 - 10 Years,41-50,100455,€52.76,Q4 Upper
100159,Kimberly Martin,Male,2018-07-26,CLERICAL/ADMINISTRATIVE,INSPECTOR GENERAL ROADS,0 - 1 Years,61-70,101186,€20.30,Q4 Upper
101212,Rachel Holmes,Male,2015-07-03,CLERICAL/ADMINISTRATIVE,STAFF OFFICER,20 - 30 Years,61-70,100729,€27.49,Q1 Lower
100887,Thomas York,Female,2019-05-03,MANAGERIAL,GENERAL OPERATIVE,5 - 10 Years,51-60,100494,€18.05,Q2 Lower - Middle
100438,Nicholas Ray,Female,1981-05-31,CLERICAL/ADMINISTRATIVE,OPERATOR TRACTOR,20 - 30 Years,51-60,100490,€20.02,Q1 Lower
100146,Brenda Moore,Male,1999-07-31,CLERICAL/ADMINISTRATIVE,LIBRARY ASSISTANT,5 - 10 Years,61-70,100339,€36.54,Q4 Upper
100168,Sally Porter,Male,1997-07-05,OUTDOOR,SENIOR STAFF OFFICER,0 - 1 Years,31-40,100693,€16.58,Q3 Upper - Middle
101142,Nicole Riley,Male,2008-07-04,CLERICAL/ADMINISTRATIVE,SCHOOL WARDEN,2 - 5 Years,51-60,100876,€25.59,Q1 Lower
100482,Scott York,Male,1999-12-04,CLERICAL/ADMINISTRATIVE,LIBRARIAN,20 - 30 Years,41-50,100882,€32.63,Q3 Upper - Middle
100900,Emily Vasquez,Male,2001-12-31,OUTDOOR,STAFF OFFICER,1 - 2 Years,61-70,100180,€19.23,Q4 Upper
100775,Garrett Alexander,Male,2001-10-04,CLERICAL/ADMINISTRATIVE,STAFF OFFICER,20 - 30 Years,51-60,100805,€23.58,Q2 Lower - Middle
101199,Robert Knight,Female,2006-10-22,OUTDOOR,LIFEGUARD,2 - 5 Years,31-40,101278,€47.12,Q4 Upper
100600,Tammy Reed,Male,2002-11-07,OUTDOOR,GANGER,20 - 30 Years,21-30,100485,€28.44,Q2 Lower - Middle
100898,Robert Velazquez,Female,2008-05-16,OUTDOOR,GANGER PARKS,20 - 30 Years,61-70,100873,€45.21,Q4 Upper
101213,Deanna Bautista,Male,2004-12-09,CLERICAL/ADMINISTRATIVE,ADMINISTRATIVE OFFICER,5 - 10 Years,61-70,100900,€37.36,Q3 Upper - Middle
101112,George Jones,Female,2008-03-01,PROFESSIONAL/TECHNICAL,SENIOR STAFF OFFICER,0 - 1 Years,31-40,100299,€27.28,Q2 Lower - Middle
101086,Katrina Schmidt,Female,1995-09-29,OUTDOOR,ASSISTANT PLANNER,5 - 10 Years,41-50,100987,€15.62,Q3 Upper - Middle
100681,Jeffrey Franco,Male,2025-05-08,OUTDOOR,ASSISTANT STAFF OFFICER,20 - 30 Years,41-50,100979,€31.74,Q4 Upper
101074,Rodney Rice,Male,2019-12-26,CLERICAL/ADMINISTRATIVE,FOREMAN GARDENER,2 - 5 Years,51-60,100284,€49.17,Q1 Lower
100415,Emily Bradshaw,Female,2021-02-11,CLERICAL/ADMINISTRATIVE,FOREMAN GARDENER,1 - 2 Years,51-60,101065,€23.81,Q1 Lower
100470,Christopher Maldonado,Female,2024-07-18,OUTDOOR,SENIOR STAFF OFFICER,0 - 1 Years,71+,100383,€18.76,Q2 Lower - Middle
100984,Neil Williams,Female,2009-01-01,OUTDOOR,LIFEGUARD,20 - 30 Years,41-50,101016,€34.87,Q4 Upper
100741,Sean Harris,Male,2016-09-01,CLERICAL/ADMINISTRATIVE,ASSISTANT STAFF OFFICER,5 - 10 Years,51-60,100245,€48.91,Q1 Lower
100087,Patricia Avila,Male,2019-12-26,OUTDOOR,GENERAL OPERATIVE,30 - 40 Years,31-40,100185,€18.12,Q3 Upper - Middle
101106,Rachael Hart,Male,1998-01-02,OUTDOOR,GRADUATE ENGINEER,15 - 20 Years,51-60,101182,€17.31,Q1 Lower
100656,Trevor Cuevas,Male,2022-08-04,PROFESSIONAL/TECHNICAL,OPERATOR TRACTOR,20 - 30 Years,61-70,100311,€31.00,Q1 Lower
101153,Brittney Conway,Female,2018-11-01,CLERICAL/ADMINISTRATIVE,ASSISTANT FOREMAN OF WORKS,5 - 10 Years,51-60,100176,€34.91,Q1 Lower
101200,Erin Krueger,Male,2018-08-23,CLERICAL/ADMINISTRATIVE,ASSISTANT ARTS OFFICER,0 - 1 Years,51-60,100460,€24.35,Q2 Lower - Middle
100879,James Johnson,Male,2019-05-30,CLERICAL/ADMINISTRATIVE,CLEANER,20 - 30 Years,41-50,100833,€52.66,Q4 Upper
100242,Julie Hawkins DDS,Female,2024-12-20,CLERICAL/ADMINISTRATIVE,STAFF OFFICER,2 - 5 Years,41-50,100778,€36.32,Q3 Upper - Middle
100084,Lori Chavez,Female,2002-11-07,OUTDOOR,DRIVER,2 - 5 Years,31-40,101235,€38.75,Q2 Lower - Middle
100973,Evelyn Oneal,Male,2024-12-19,OUTDOOR,STAFF OFFICER,20 - 30 Years,21-30,100083,€17.08,Q2 Lower - Middle
100538,Dean Terry,Female,2008-07-10,CLERICAL/ADMINISTRATIVE,UNDERGRADUATE STUDENT TEMPORARY,30 - 40 Years,51-60,100435,€16.53,Q3 Upper - Middle
100459,Rebecca Fox,Female,2018-06-14,CLERICAL/ADMINISTRATIVE,ASSISTANT STAFF OFFICER,20 - 30 Years,21-30,101174,€18.24,Q1 Lower
100688,Sharon Andrews,Male,2016-04-28,PROFESSIONAL/TECHNICAL,SENIOR STAFF OFFICER,2 - 5 Years,51-60,101137,€19.57,Q4 Upper
100479,Rachel Dillon,Male,2016-09-01,PROFESSIONAL/TECHNICAL,DRIVER JCB,20 - 30 Years,41-50,100753,€28.05,Q3 Upper - Middle
100774,Julie Coleman,Female,2022-01-27,CLERICAL/ADMINISTRATIVE,GRADUATE PLANNER,5 - 10 Years,41-50,101098,€22.32,Q1 Lower
100363,Holly Costa,Female,1995-08-31,PROFESSIONAL/TECHNICAL,CLERICAL OFFICER,1 - 2 Years,51-60,101212,€34.28,Q4 Upper
100275,Marvin Cooke,Female,2000-12-01,CLERICAL/ADMINISTRATIVE,HARBOUR CONSTABLE,2 - 5 Years,41-50,100211,€25.81,Q3 Upper - Middle
100162,Mrs. Hannah Campos,Male,1998-02-26,CLERICAL/ADMINISTRATIVE,EXECUTIVE PLANNER,2 - 5 Years,61-70,100988,€17.78,Q3 Upper - Middle
100193,Christian Murphy,Female,1995-09-29,OUTDOOR,STAFF OFFICER,15 - 20 Years,61-70,100731,€17.16,Q4 Upper
101065,Tammy Garcia,Male,2009-09-06,PROFESSIONAL/TECHNICAL,PICK UP DRIVER SHIFT,2 - 5 Years,41-50,101030,€29.10,Q4 Upper
100216,Kelly Powers,Male,2018-09-01,CLERICAL/ADMINISTRATIVE,LIFEGUARD,0 - 1 Years,41-50,101249,€34.63,Q1 Lower
100759,Joan Matthews,Male,2019-05-03,CLERICAL/ADMINISTRATIVE,CLERICAL OFFICER,5 - 10 Years,51-60,101234,€18.95,Q1 Lower
100374,Kathy Gregory,Female,2024-03-01,CLERICAL/ADMINISTRATIVE,STAFF OFFICER,5 - 10 Years,51-60,100715,€23.45,Q4 Upper
100987,Renee Williams,Female,2004-04-10,MANAGERIAL,DRIVER LIBRARY,20 - 30 Years,21-30,100696,€17.59,Q1 Lower
100923,Jerry Saunders,Male,2019-02-28,CLERICAL/ADMINISTRATIVE,CLERICAL OFFICER,30 - 40 Years,51-60,100462,€52.66,Q1 Lower
101201,Calvin Sims,Male,2011-05-20,OUTDOOR,LIBRARY ASSISTANT,5 - 10 Years,41-50,100914,€20.44,Q2 Lower - Middle
100917,Sheila Munoz,Male,1984-07-12,CLERICAL/ADMINISTRATIVE,ADMINISTRATIVE OFFICER,20 - 30 Years,21-30,100523,€41.62,Q3 Upper - Middle
100188,Ashley Bowers,Female,2017-08-10,CLERICAL/ADMINISTRATIVE,LIBRARY ASSISTANT,5 - 10 Years,21-30,100054,€43.40,Q3 Upper - Middle
100289,Stanley Myers,Female,2021-12-16,OUTDOOR,CLERICAL OFFICER,5 - 10 Years,51-60,100899,€14.63,Q3 Upper - Middle
